Oct 02 03:13:49 server systemd[992]: Started Codex: record Rekordbox Hot Cue getter status matrix.
Oct 02 03:13:49 server record_context_hot_cue_getter_status_matrix.sh[2329097]: === xdj-rx3-status / context-hot-cue-getter-status-player-11-extended: attempt 1 ===
Oct 02 03:13:49 server record_context_hot_cue_getter_status_matrix.sh[2329115]: ** WARNING: connection is not using a post-quantum key exchange algorithm.
Oct 02 03:13:49 server record_context_hot_cue_getter_status_matrix.sh[2329115]: ** This session may be vulnerable to "store now, decrypt later" attacks.
Oct 02 03:13:49 server record_context_hot_cue_getter_status_matrix.sh[2329115]: ** The server may need to be upgraded. See https://openssh.com/pq.html
Oct 02 03:13:50 server record_context_hot_cue_getter_status_matrix.sh[2329115]: Guest staging directory is ready.
Oct 02 03:13:51 server record_context_hot_cue_getter_status_matrix.sh[2329167]: ** WARNING: connection is not using a post-quantum key exchange algorithm.
Oct 02 03:13:51 server record_context_hot_cue_getter_status_matrix.sh[2329167]: ** This session may be vulnerable to "store now, decrypt later" attacks.
Oct 02 03:13:51 server record_context_hot_cue_getter_status_matrix.sh[2329167]: ** The server may need to be upgraded. See https://openssh.com/pq.html
Oct 02 03:13:51 server record_context_hot_cue_getter_status_matrix.sh[2329171]: ** WARNING: connection is not using a post-quantum key exchange algorithm.
Oct 02 03:13:51 server record_context_hot_cue_getter_status_matrix.sh[2329171]: ** This session may be vulnerable to "store now, decrypt later" attacks.
Oct 02 03:13:51 server record_context_hot_cue_getter_status_matrix.sh[2329171]: ** The server may need to be upgraded. See https://openssh.com/pq.html
Oct 02 03:13:52 server record_context_hot_cue_getter_status_matrix.sh[2329175]: ** WARNING: connection is not using a post-quantum key exchange algorithm.
Oct 02 03:13:52 server record_context_hot_cue_getter_status_matrix.sh[2329175]: ** This session may be vulnerable to "store now, decrypt later" attacks.
Oct 02 03:13:52 server record_context_hot_cue_getter_status_matrix.sh[2329175]: ** The server may need to be upgraded. See https://openssh.com/pq.html
Oct 02 03:13:52 server record_context_hot_cue_getter_status_matrix.sh[2329182]: ** WARNING: connection is not using a post-quantum key exchange algorithm.
Oct 02 03:13:52 server record_context_hot_cue_getter_status_matrix.sh[2329182]: ** This session may be vulnerable to "store now, decrypt later" attacks.
Oct 02 03:13:52 server record_context_hot_cue_getter_status_matrix.sh[2329182]: ** The server may need to be upgraded. See https://openssh.com/pq.html
Oct 02 03:13:53 server record_context_hot_cue_getter_status_matrix.sh[2329182]: Rekordbox is stopped.
Oct 02 03:13:54 server record_context_hot_cue_getter_status_matrix.sh[2329229]: Research@172.31.96.96 is ready
Oct 02 03:13:54 server record_context_hot_cue_getter_status_matrix.sh[2329241]: ** WARNING: connection is not using a post-quantum key exchange algorithm.
Oct 02 03:13:54 server record_context_hot_cue_getter_status_matrix.sh[2329241]: ** This session may be vulnerable to "store now, decrypt later" attacks.
Oct 02 03:13:54 server record_context_hot_cue_getter_status_matrix.sh[2329241]: ** The server may need to be upgraded. See https://openssh.com/pq.html
Oct 02 03:13:55 server record_context_hot_cue_getter_status_matrix.sh[2329241]: {
Oct 02 03:13:55 server record_context_hot_cue_getter_status_matrix.sh[2329241]:   "fixture_version": 1,
Oct 02 03:13:55 server record_context_hot_cue_getter_status_matrix.sh[2329241]:   "profile": "hot-cue-banks",
Oct 02 03:13:55 server record_context_hot_cue_getter_status_matrix.sh[2329241]:   "database_sha256": "066cfa954e435346f80e5abac35dac7631ac4e3023e662d12e0080382f6041dc",
Oct 02 03:13:55 server record_context_hot_cue_getter_status_matrix.sh[2329241]:   "fixture_fingerprint": "718db45aea9624ec7f8c6cd70140ec6ba4b99d0cae4739aa3830ca4d0528b9b7",
Oct 02 03:13:55 server record_context_hot_cue_getter_status_matrix.sh[2329241]:   "integrity": "ok",
Oct 02 03:13:55 server record_context_hot_cue_getter_status_matrix.sh[2329241]:   "track_count": 8,
Oct 02 03:13:55 server record_context_hot_cue_getter_status_matrix.sh[2329241]:   "ids": {
Oct 02 03:13:55 server record_context_hot_cue_getter_status_matrix.sh[2329241]:     "artist.alpha": 1001,
Oct 02 03:13:55 server record_context_hot_cue_getter_status_matrix.sh[2329241]:     "artist.beta": 1002,
Oct 02 03:13:55 server record_context_hot_cue_getter_status_matrix.sh[2329241]:     "artist.remixer": 1003,
Oct 02 03:13:55 server record_context_hot_cue_getter_status_matrix.sh[2329241]:     "artist.original": 1004,
Oct 02 03:13:55 server record_context_hot_cue_getter_status_matrix.sh[2329241]:     "album.one": 2001,
Oct 02 03:13:55 server record_context_hot_cue_getter_status_matrix.sh[2329241]:     "album.two": 2002,
Oct 02 03:13:55 server record_context_hot_cue_getter_status_matrix.sh[2329241]:     "album.three": 2003,
Oct 02 03:13:55 server record_context_hot_cue_getter_status_matrix.sh[2329241]:     "genre.house": 3001,
Oct 02 03:13:55 server record_context_hot_cue_getter_status_matrix.sh[2329241]:     "genre.techno": 3002,
Oct 02 03:13:55 server record_context_hot_cue_getter_status_matrix.sh[2329241]:     "label.one": 4001,
Oct 02 03:13:55 server record_context_hot_cue_getter_status_matrix.sh[2329241]:     "label.two": 4002,
Oct 02 03:13:55 server record_context_hot_cue_getter_status_matrix.sh[2329241]:     "key.am": 5001,
Oct 02 03:13:55 server record_context_hot_cue_getter_status_matrix.sh[2329241]:     "key.c": 5002,
Oct 02 03:13:55 server record_context_hot_cue_getter_status_matrix.sh[2329241]:     "playlist.cue_analysis": 200000,
Oct 02 03:13:55 server record_context_hot_cue_getter_status_matrix.sh[2329241]:     "playlist.folder": 6001,
Oct 02 03:13:55 server record_context_hot_cue_getter_status_matrix.sh[2329241]:     "playlist.primary": 6002,
Oct 02 03:13:55 server record_context_hot_cue_getter_status_matrix.sh[2329241]:     "playlist.empty": 6003,
Oct 02 03:13:55 server record_context_hot_cue_getter_status_matrix.sh[2329241]:     "playlist.smart_rule_only": 6010,
Oct 02 03:13:55 server record_context_hot_cue_getter_status_matrix.sh[2329241]:     "playlist.smart_contradiction": 6011,
Oct 02 03:13:55 server record_context_hot_cue_getter_status_matrix.sh[2329241]:     "playlist.smart_malformed": 6012,
Oct 02 03:13:55 server record_context_hot_cue_getter_status_matrix.sh[2329241]:     "playlist.ordinary_with_rule": 6013,
Oct 02 03:13:55 server record_context_hot_cue_getter_status_matrix.sh[2329241]:     "playlist.smart_without_rule": 6014,
Oct 02 03:13:55 server record_context_hot_cue_getter_status_matrix.sh[2329241]:     "playlist.visibility_smart": 6015,
Oct 02 03:13:55 server record_context_hot_cue_getter_status_matrix.sh[2329241]:     "history.one": 7001,
Oct 02 03:13:55 server record_context_hot_cue_getter_status_matrix.sh[2329241]:     "hotcue.folder": 8001,
Oct 02 03:13:55 server record_context_hot_cue_getter_status_matrix.sh[2329241]:     "hotcue.bank": 8002,
Oct 02 03:13:55 server record_context_hot_cue_getter_status_matrix.sh[2329241]:     "mytag.group.genre": 8501,
Oct 02 03:13:55 server record_context_hot_cue_getter_status_matrix.sh[2329241]:     "mytag.warmup": 8502,
Oct 02 03:13:55 server record_context_hot_cue_getter_status_matrix.sh[2329241]:     "mytag.group.components": 8503,
Oct 02 03:13:55 server record_context_hot_cue_getter_status_matrix.sh[2329241]:     "mytag.vocal": 8504,
Oct 02 03:13:55 server record_context_hot_cue_getter_status_matrix.sh[2329241]:     "mytag.empty": 8505,
Oct 02 03:13:55 server record_context_hot_cue_getter_status_matrix.sh[2329241]:     "mytag.default.group.genre": 1,
Oct 02 03:13:55 server record_context_hot_cue_getter_status_matrix.sh[2329241]:     "mytag.default.group.components": 2,
Oct 02 03:13:55 server record_context_hot_cue_getter_status_matrix.sh[2329241]:     "mytag.default.group.situation": 3,
Oct 02 03:13:55 server record_context_hot_cue_getter_status_matrix.sh[2329241]:     "mytag.default.group.untitled": 4,
Oct 02 03:13:55 server record_context_hot_cue_getter_status_matrix.sh[2329241]:     "mytag.default.sub_bass": 79324672,
Oct 02 03:13:55 server record_context_hot_cue_getter_status_matrix.sh[2329241]:     "mytag.default.percussion": 154495003,
Oct 02 03:13:55 server record_context_hot_cue_getter_status_matrix.sh[2329241]:     "mytag.default.dark": 158455786,
Oct 02 03:13:55 server record_context_hot_cue_getter_status_matrix.sh[2329241]:     "mytag.default.nu_disco": 463364308,
Oct 02 03:13:55 server record_context_hot_cue_getter_status_matrix.sh[2329241]:     "mytag.default.acid_house": 539841621,
Oct 02 03:13:55 server record_context_hot_cue_getter_status_matrix.sh[2329241]:     "mytag.default.build_up": 832445659,
Oct 02 03:13:55 server record_context_hot_cue_getter_status_matrix.sh[2329241]:     "mytag.default.my_comment": 857457019,
Oct 02 03:13:55 server record_context_hot_cue_getter_status_matrix.sh[2329241]:     "mytag.default.second_floor": 917243188,
Oct 02 03:13:55 server record_context_hot_cue_getter_status_matrix.sh[2329241]:     "mytag.default.deep_house": 999625328,
Oct 02 03:13:55 server record_context_hot_cue_getter_status_matrix.sh[2329241]:     "mytag.default.peak_time": 1156949736,
Oct 02 03:13:55 server record_context_hot_cue_getter_status_matrix.sh[2329241]:     "mytag.default.trap": 1308912924,
Oct 02 03:13:55 server record_context_hot_cue_getter_status_matrix.sh[2329241]:     "mytag.default.vocal": 1387538896,
Oct 02 03:13:55 server record_context_hot_cue_getter_status_matrix.sh[2329241]:     "mytag.default.lounge": 1493684869,
Oct 02 03:13:55 server record_context_hot_cue_getter_status_matrix.sh[2329241]:     "mytag.default.techno": 1628431659,
Oct 02 03:13:55 server record_context_hot_cue_getter_status_matrix.sh[2329241]:     "mytag.default.electro_house": 1971960657,
Oct 02 03:13:55 server record_context_hot_cue_getter_status_matrix.sh[2329241]:     "mytag.default.synth": 2005851049,
Oct 02 03:13:55 server record_context_hot_cue_getter_status_matrix.sh[2329241]:     "mytag.default.morning": 2045957214,
Oct 02 03:13:55 server record_context_hot_cue_getter_status_matrix.sh[2329241]:     "mytag.default.upper": 2169337181,
Oct 02 03:13:55 server record_context_hot_cue_getter_status_matrix.sh[2329241]:     "mytag.default.build_down": 2320977753,
Oct 02 03:13:55 server record_context_hot_cue_getter_status_matrix.sh[2329241]:     "mytag.default.beat": 2487691792,
Oct 02 03:13:55 server record_context_hot_cue_getter_status_matrix.sh[2329241]:     "mytag.default.bass_music": 2502627224,
Oct 02 03:13:55 server record_context_hot_cue_getter_status_matrix.sh[2329241]:     "mytag.default.main_floor": 2538315910,
Oct 02 03:13:55 server record_context_hot_cue_getter_status_matrix.sh[2329241]:     "mytag.default.mid_night": 3354707172,
Oct 02 03:13:55 server record_context_hot_cue_getter_status_matrix.sh[2329241]:     "mytag.default.piano": 3596715289,
Oct 02 03:13:55 server record_context_hot_cue_getter_status_matrix.sh[2329241]:     "track.first": 10001,
Oct 02 03:13:55 server record_context_hot_cue_getter_status_matrix.sh[2329241]:     "track.second": 10002,
Oct 02 03:13:55 server record_context_hot_cue_getter_status_matrix.sh[2329241]:     "track.third": 10003,
Oct 02 03:13:55 server record_context_hot_cue_getter_status_matrix.sh[2329241]:     "track.fourth": 10004,
Oct 02 03:13:55 server record_context_hot_cue_getter_status_matrix.sh[2329241]:     "track.fifth": 10005,
Oct 02 03:13:55 server record_context_hot_cue_getter_status_matrix.sh[2329241]:     "track.sixth": 10006,
Oct 02 03:13:55 server record_context_hot_cue_getter_status_matrix.sh[2329241]:     "track.seventh": 10007,
Oct 02 03:13:55 server record_context_hot_cue_getter_status_matrix.sh[2329241]:     "track.eighth": 10008,
Oct 02 03:13:55 server record_context_hot_cue_getter_status_matrix.sh[2329241]:     "track.ninth": 10009,
Oct 02 03:13:55 server record_context_hot_cue_getter_status_matrix.sh[2329241]:     "track.tenth": 10010,
Oct 02 03:13:55 server record_context_hot_cue_getter_status_matrix.sh[2329241]:     "track.eleventh": 10011,
Oct 02 03:13:55 server record_context_hot_cue_getter_status_matrix.sh[2329241]:     "track.twelfth": 10012,
Oct 02 03:13:55 server record_context_hot_cue_getter_status_matrix.sh[2329241]:     "track.thirteenth": 10013,
Oct 02 03:13:55 server record_context_hot_cue_getter_status_matrix.sh[2329241]:     "track.fourteenth": 10014,
Oct 02 03:13:55 server record_context_hot_cue_getter_status_matrix.sh[2329241]:     "track.deleted": 10999,
Oct 02 03:13:55 server record_context_hot_cue_getter_status_matrix.sh[2329241]:     "playlist.smart_matrix.genre_operator_01": 6301,
Oct 02 03:13:55 server record_context_hot_cue_getter_status_matrix.sh[2329241]:     "playlist.smart_matrix.genre_operator_02": 6302,
Oct 02 03:13:55 server record_context_hot_cue_getter_status_matrix.sh[2329241]:     "playlist.smart_matrix.genre_operator_03": 6303,
Oct 02 03:13:55 server record_context_hot_cue_getter_status_matrix.sh[2329241]:     "playlist.smart_matrix.genre_operator_04": 6304,
Oct 02 03:13:55 server record_context_hot_cue_getter_status_matrix.sh[2329241]:     "playlist.smart_matrix.genre_operator_05": 6305,
Oct 02 03:13:55 server record_context_hot_cue_getter_status_matrix.sh[2329241]:     "playlist.smart_matrix.genre_operator_06": 6306,
Oct 02 03:13:55 server record_context_hot_cue_getter_status_matrix.sh[2329241]:     "playlist.smart_matrix.genre_operator_07": 6307,
Oct 02 03:13:55 server record_context_hot_cue_getter_status_matrix.sh[2329241]:     "playlist.smart_matrix.genre_operator_08": 6308,
Oct 02 03:13:55 server record_context_hot_cue_getter_status_matrix.sh[2329241]:     "playlist.smart_matrix.genre_operator_09": 6309,
Oct 02 03:13:55 server record_context_hot_cue_getter_status_matrix.sh[2329241]:     "playlist.smart_matrix.genre_operator_10": 6310,
Oct 02 03:13:55 server record_context_hot_cue_getter_status_matrix.sh[2329241]:     "playlist.smart_matrix.genre_operator_11": 6311,
Oct 02 03:13:55 server record_context_hot_cue_getter_status_matrix.sh[2329241]:     "playlist.smart_matrix.bpm_operator_01": 6312,
Oct 02 03:13:55 server record_context_hot_cue_getter_status_matrix.sh[2329241]:     "playlist.smart_matrix.bpm_operator_02": 6313,
Oct 02 03:13:55 server record_context_hot_cue_getter_status_matrix.sh[2329241]:     "playlist.smart_matrix.bpm_operator_03": 6314,
Oct 02 03:13:55 server record_context_hot_cue_getter_status_matrix.sh[2329241]:     "playlist.smart_matrix.bpm_operator_04": 6315,
Oct 02 03:13:55 server record_context_hot_cue_getter_status_matrix.sh[2329241]:     "playlist.smart_matrix.bpm_operator_05": 6316,
Oct 02 03:13:55 server record_context_hot_cue_getter_status_matrix.sh[2329241]:     "playlist.smart_matrix.bpm_operator_06": 6317,
Oct 02 03:13:55 server record_context_hot_cue_getter_status_matrix.sh[2329241]:     "playlist.smart_matrix.bpm_operator_07": 6318,
Oct 02 03:13:55 server record_context_hot_cue_getter_status_matrix.sh[2329241]:     "playlist.smart_matrix.bpm_operator_08": 6319,
Oct 02 03:13:55 server record_context_hot_cue_getter_status_matrix.sh[2329241]:     "playlist.smart_matrix.bpm_operator_09": 6320,
Oct 02 03:13:55 server record_context_hot_cue_getter_status_matrix.sh[2329241]:     "playlist.smart_matrix.bpm_operator_10": 6321,
Oct 02 03:13:55 server record_context_hot_cue_getter_status_matrix.sh[2329241]:     "playlist.smart_matrix.bpm_operator_11": 6322,
Oct 02 03:13:55 server record_context_hot_cue_getter_status_matrix.sh[2329241]:     "playlist.smart_matrix.logic_all": 6323,
Oct 02 03:13:55 server record_context_hot_cue_getter_status_matrix.sh[2329241]:     "playlist.smart_matrix.logic_any": 6324,
Oct 02 03:13:55 server record_context_hot_cue_getter_status_matrix.sh[2329241]:     "playlist.smart_matrix.nested_all": 6325,
Oct 02 03:13:55 server record_context_hot_cue_getter_status_matrix.sh[2329241]:     "playlist.smart_matrix.nested_any": 6326,
Oct 02 03:13:55 server record_context_hot_cue_getter_status_matrix.sh[2329241]:     "playlist.smart_matrix.empty_all": 6327,
Oct 02 03:13:55 server record_context_hot_cue_getter_status_matrix.sh[2329241]:     "playlist.smart_matrix.empty_any": 6328,
Oct 02 03:13:55 server record_context_hot_cue_getter_status_matrix.sh[2329241]:     "playlist.smart_matrix.unknown_operator": 6329,
Oct 02 03:13:55 server record_context_hot_cue_getter_status_matrix.sh[2329241]:     "playlist.smart_matrix.unknown_property": 6330,
Oct 02 03:13:55 server record_context_hot_cue_getter_status_matrix.sh[2329241]:     "playlist.smart_matrix.condition_outside_node": 6331,
Oct 02 03:13:55 server record_context_hot_cue_getter_status_matrix.sh[2329241]:     "playlist.smart_matrix.two_roots": 6332,
Oct 02 03:13:55 server record_context_hot_cue_getter_status_matrix.sh[2329241]:     "playlist.smart_matrix.missing_logical_operator": 6333,
Oct 02 03:13:55 server record_context_hot_cue_getter_status_matrix.sh[2329241]:     "playlist.smart_matrix.logical_operator_zero": 6334,
Oct 02 03:13:55 server record_context_hot_cue_getter_status_matrix.sh[2329241]:     "playlist.smart_matrix.logical_operator_three": 6335,
Oct 02 03:13:55 server record_context_hot_cue_getter_status_matrix.sh[2329241]:     "playlist.smart_matrix.automatic_update_zero": 6336,
Oct 02 03:13:55 server record_context_hot_cue_getter_status_matrix.sh[2329241]:     "playlist.smart_matrix.missing_automatic_update": 6337,
Oct 02 03:13:55 server record_context_hot_cue_getter_status_matrix.sh[2329241]:     "playlist.smart_matrix.mismatched_id": 6338,
Oct 02 03:13:55 server record_context_hot_cue_getter_status_matrix.sh[2329241]:     "playlist.smart_matrix.missing_id": 6339,
Oct 02 03:13:55 server record_context_hot_cue_getter_status_matrix.sh[2329241]:     "playlist.smart_numeric.bpm_operator_01": 6401,
Oct 02 03:13:55 server record_context_hot_cue_getter_status_matrix.sh[2329241]:     "playlist.smart_numeric.bpm_operator_02": 6402,
Oct 02 03:13:55 server record_context_hot_cue_getter_status_matrix.sh[2329241]:     "playlist.smart_numeric.bpm_operator_03": 6403,
Oct 02 03:13:55 server record_context_hot_cue_getter_status_matrix.sh[2329241]:     "playlist.smart_numeric.bpm_operator_04": 6404,
Oct 02 03:13:55 server record_context_hot_cue_getter_status_matrix.sh[2329241]:     "playlist.smart_numeric.bpm_operator_05": 6405,
Oct 02 03:13:55 server record_context_hot_cue_getter_status_matrix.sh[2329241]:     "playlist.smart_numeric.rating_operator_01": 6406,
Oct 02 03:13:55 server record_context_hot_cue_getter_status_matrix.sh[2329241]:     "playlist.smart_numeric.rating_operator_02": 6407,
Oct 02 03:13:55 server record_context_hot_cue_getter_status_matrix.sh[2329241]:     "playlist.smart_numeric.rating_operator_03": 6408,
Oct 02 03:13:55 server record_context_hot_cue_getter_status_matrix.sh[2329241]:     "playlist.smart_numeric.rating_operator_04": 6409,
Oct 02 03:13:55 server record_context_hot_cue_getter_status_matrix.sh[2329241]:     "playlist.smart_numeric.rating_operator_05": 6410,
Oct 02 03:13:55 server record_context_hot_cue_getter_status_matrix.sh[2329241]:     "playlist.smart_numeric.play_count_operator_01": 6411,
Oct 02 03:13:55 server record_context_hot_cue_getter_status_matrix.sh[2329241]:     "playlist.smart_numeric.play_count_operator_02": 6412,
Oct 02 03:13:55 server record_context_hot_cue_getter_status_matrix.sh[2329241]:     "playlist.smart_numeric.play_count_operator_03": 6413,
Oct 02 03:13:55 server record_context_hot_cue_getter_status_matrix.sh[2329241]:     "playlist.smart_numeric.play_count_operator_04": 6414,
Oct 02 03:13:55 server record_context_hot_cue_getter_status_matrix.sh[2329241]:     "playlist.smart_numeric.play_count_operator_05": 6415,
Oct 02 03:13:55 server record_context_hot_cue_getter_status_matrix.sh[2329241]:     "playlist.smart_numeric.duration_operator_01": 6416,
Oct 02 03:13:55 server record_context_hot_cue_getter_status_matrix.sh[2329241]:     "playlist.smart_numeric.duration_operator_02": 6417,
Oct 02 03:13:55 server record_context_hot_cue_getter_status_matrix.sh[2329241]:     "playlist.smart_numeric.duration_operator_03": 6418,
Oct 02 03:13:55 server record_context_hot_cue_getter_status_matrix.sh[2329241]:     "playlist.smart_numeric.duration_operator_04": 6419,
Oct 02 03:13:55 server record_context_hot_cue_getter_status_matrix.sh[2329241]:     "playlist.smart_numeric.duration_operator_05": 6420,
Oct 02 03:13:55 server record_context_hot_cue_getter_status_matrix.sh[2329241]:     "playlist.smart_numeric.year_operator_01": 6421,
Oct 02 03:13:55 server record_context_hot_cue_getter_status_matrix.sh[2329241]:     "playlist.smart_numeric.year_operator_02": 6422,
Oct 02 03:13:55 server record_context_hot_cue_getter_status_matrix.sh[2329241]:     "playlist.smart_numeric.year_operator_03": 6423,
Oct 02 03:13:55 server record_context_hot_cue_getter_status_matrix.sh[2329241]:     "playlist.smart_numeric.year_operator_04": 6424,
Oct 02 03:13:55 server record_context_hot_cue_getter_status_matrix.sh[2329241]:     "playlist.smart_numeric.year_operator_05": 6425,
Oct 02 03:13:55 server record_context_hot_cue_getter_status_matrix.sh[2329241]:     "playlist.smart_numeric.bpm_reversed_range": 6426,
Oct 02 03:13:55 server record_context_hot_cue_getter_status_matrix.sh[2329241]:     "playlist.smart_numeric.rating_reversed_range": 6427,
Oct 02 03:13:55 server record_context_hot_cue_getter_status_matrix.sh[2329241]:     "playlist.smart_numeric.play_count_reversed_range": 6428,
Oct 02 03:13:55 server record_context_hot_cue_getter_status_matrix.sh[2329241]:     "playlist.smart_numeric.duration_reversed_range": 6429,
Oct 02 03:13:55 server record_context_hot_cue_getter_status_matrix.sh[2329241]:     "playlist.smart_numeric.year_reversed_range": 6430,
Oct 02 03:13:55 server record_context_hot_cue_getter_status_matrix.sh[2329241]:     "playlist.smart_numeric.bpm_empty_equal": 6431,
Oct 02 03:13:55 server record_context_hot_cue_getter_status_matrix.sh[2329241]:     "playlist.smart_numeric.bpm_empty_not_equal": 6432,
Oct 02 03:13:55 server record_context_hot_cue_getter_status_matrix.sh[2329241]:     "playlist.smart_numeric.rating_empty_equal": 6433,
Oct 02 03:13:55 server record_context_hot_cue_getter_status_matrix.sh[2329241]:     "playlist.smart_numeric.rating_empty_not_equal": 6434,
Oct 02 03:13:55 server record_context_hot_cue_getter_status_matrix.sh[2329241]:     "playlist.smart_numeric.play_count_empty_equal": 6435,
Oct 02 03:13:55 server record_context_hot_cue_getter_status_matrix.sh[2329241]:     "playlist.smart_numeric.play_count_empty_not_equal": 6436,
Oct 02 03:13:55 server record_context_hot_cue_getter_status_matrix.sh[2329241]:     "playlist.smart_numeric.duration_empty_equal": 6437,
Oct 02 03:13:55 server record_context_hot_cue_getter_status_matrix.sh[2329241]:     "playlist.smart_numeric.duration_empty_not_equal": 6438,
Oct 02 03:13:55 server record_context_hot_cue_getter_status_matrix.sh[2329241]:     "playlist.smart_numeric.year_empty_equal": 6439,
Oct 02 03:13:55 server record_context_hot_cue_getter_status_matrix.sh[2329241]:     "playlist.smart_numeric.year_empty_not_equal": 6440,
Oct 02 03:13:55 server record_context_hot_cue_getter_status_matrix.sh[2329241]:     "playlist.smart_numeric.bpm_invalid_equal": 6441,
Oct 02 03:13:55 server record_context_hot_cue_getter_status_matrix.sh[2329241]:     "playlist.smart_numeric.bpm_invalid_not_equal": 6442,
Oct 02 03:13:55 server record_context_hot_cue_getter_status_matrix.sh[2329241]:     "playlist.smart_numeric.rating_invalid_equal": 6443,
Oct 02 03:13:55 server record_context_hot_cue_getter_status_matrix.sh[2329241]:     "playlist.smart_numeric.rating_invalid_not_equal": 6444,
Oct 02 03:13:55 server record_context_hot_cue_getter_status_matrix.sh[2329241]:     "playlist.smart_numeric.play_count_invalid_equal": 6445,
Oct 02 03:13:55 server record_context_hot_cue_getter_status_matrix.sh[2329241]:     "playlist.smart_numeric.play_count_invalid_not_equal": 6446,
Oct 02 03:13:55 server record_context_hot_cue_getter_status_matrix.sh[2329241]:     "playlist.smart_numeric.duration_invalid_equal": 6447,
Oct 02 03:13:55 server record_context_hot_cue_getter_status_matrix.sh[2329241]:     "playlist.smart_numeric.duration_invalid_not_equal": 6448,
Oct 02 03:13:55 server record_context_hot_cue_getter_status_matrix.sh[2329241]:     "playlist.smart_numeric.year_invalid_equal": 6449,
Oct 02 03:13:55 server record_context_hot_cue_getter_status_matrix.sh[2329241]:     "playlist.smart_numeric.year_invalid_not_equal": 6450,
Oct 02 03:13:55 server record_context_hot_cue_getter_status_matrix.sh[2329241]:     "playlist.smart_numeric.bpm_negative_equal": 6451,
Oct 02 03:13:55 server record_context_hot_cue_getter_status_matrix.sh[2329241]:     "playlist.smart_numeric.bpm_negative_not_equal": 6452,
Oct 02 03:13:55 server record_context_hot_cue_getter_status_matrix.sh[2329241]:     "playlist.smart_numeric.bpm_negative_greater": 6453,
Oct 02 03:13:55 server record_context_hot_cue_getter_status_matrix.sh[2329241]:     "playlist.smart_numeric.bpm_negative_less": 6454,
Oct 02 03:13:55 server record_context_hot_cue_getter_status_matrix.sh[2329241]:     "playlist.smart_numeric.bpm_negative_range": 6455,
Oct 02 03:13:55 server record_context_hot_cue_getter_status_matrix.sh[2329241]:     "playlist.smart_numeric.bpm_overflow_equal": 6456,
Oct 02 03:13:55 server record_context_hot_cue_getter_status_matrix.sh[2329241]:     "playlist.smart_numeric.bpm_overflow_not_equal": 6457,
Oct 02 03:13:55 server record_context_hot_cue_getter_status_matrix.sh[2329241]:     "playlist.smart_numeric.bpm_overflow_greater": 6458,
Oct 02 03:13:55 server record_context_hot_cue_getter_status_matrix.sh[2329241]:     "playlist.smart_numeric.bpm_overflow_less": 6459,
Oct 02 03:13:55 server record_context_hot_cue_getter_status_matrix.sh[2329241]:     "playlist.smart_numeric.bpm_overflow_range": 6460,
Oct 02 03:13:55 server record_context_hot_cue_getter_status_matrix.sh[2329241]:     "track.smart_numeric_boundary.null": 35001,
Oct 02 03:13:55 server record_context_hot_cue_getter_status_matrix.sh[2329241]:     "track.smart_numeric_boundary.zero": 35002,
Oct 02 03:13:55 server record_context_hot_cue_getter_status_matrix.sh[2329241]:     "track.smart_numeric_boundary.half": 35003,
Oct 02 03:13:55 server record_context_hot_cue_getter_status_matrix.sh[2329241]:     "track.smart_numeric_boundary.one_half": 35004,
Oct 02 03:13:55 server record_context_hot_cue_getter_status_matrix.sh[2329241]:     "track.smart_numeric_boundary.minus_half": 35005,
Oct 02 03:13:55 server record_context_hot_cue_getter_status_matrix.sh[2329241]:     "track.smart_numeric_boundary.minus_one": 35006,
Oct 02 03:13:55 server record_context_hot_cue_getter_status_matrix.sh[2329241]:     "track.smart_numeric_boundary.int32_max": 35007,
Oct 02 03:13:55 server record_context_hot_cue_getter_status_matrix.sh[2329241]:     "track.smart_numeric_boundary.int32_plus_one": 35008,
Oct 02 03:13:55 server record_context_hot_cue_getter_status_matrix.sh[2329241]:     "track.smart_numeric_boundary.uint32_max": 35009,
Oct 02 03:13:55 server record_context_hot_cue_getter_status_matrix.sh[2329241]:     "track.smart_numeric_boundary.uint32_plus_one": 35010,
Oct 02 03:13:55 server record_context_hot_cue_getter_status_matrix.sh[2329241]:     "playlist.smart_numeric_boundary.bpm_equal_zero": 7601,
Oct 02 03:13:55 server record_context_hot_cue_getter_status_matrix.sh[2329241]:     "playlist.smart_numeric_boundary.bpm_not_equal_zero": 7602,
Oct 02 03:13:55 server record_context_hot_cue_getter_status_matrix.sh[2329241]:     "playlist.smart_numeric_boundary.bpm_greater_zero": 7603,
Oct 02 03:13:55 server record_context_hot_cue_getter_status_matrix.sh[2329241]:     "playlist.smart_numeric_boundary.bpm_less_zero": 7604,
Oct 02 03:13:55 server record_context_hot_cue_getter_status_matrix.sh[2329241]:     "playlist.smart_numeric_boundary.bpm_range_minus_one_to_one": 7605,
Oct 02 03:13:55 server record_context_hot_cue_getter_status_matrix.sh[2329241]:     "playlist.smart_numeric_boundary.bpm_equal_half": 7606,
Oct 02 03:13:55 server record_context_hot_cue_getter_status_matrix.sh[2329241]:     "playlist.smart_numeric_boundary.bpm_not_equal_half": 7607,
Oct 02 03:13:55 server record_context_hot_cue_getter_status_matrix.sh[2329241]:     "playlist.smart_numeric_boundary.bpm_greater_half": 7608,
Oct 02 03:13:55 server record_context_hot_cue_getter_status_matrix.sh[2329241]:     "playlist.smart_numeric_boundary.bpm_less_half": 7609,
Oct 02 03:13:55 server record_context_hot_cue_getter_status_matrix.sh[2329241]:     "playlist.smart_numeric_boundary.bpm_range_half_to_one_half": 7610,
Oct 02 03:13:55 server record_context_hot_cue_getter_status_matrix.sh[2329241]:     "playlist.smart_numeric_boundary.bpm_equal_int32_max": 7611,
Oct 02 03:13:55 server record_context_hot_cue_getter_status_matrix.sh[2329241]:     "playlist.smart_numeric_boundary.bpm_greater_int32_max": 7612,
Oct 02 03:13:55 server record_context_hot_cue_getter_status_matrix.sh[2329241]:     "playlist.smart_numeric_boundary.bpm_equal_int32_plus_one": 7613,
Oct 02 03:13:55 server record_context_hot_cue_getter_status_matrix.sh[2329241]:     "playlist.smart_numeric_boundary.bpm_equal_uint32_max": 7614,
Oct 02 03:13:55 server record_context_hot_cue_getter_status_matrix.sh[2329241]:     "playlist.smart_numeric_boundary.bpm_equal_uint32_plus_one": 7615,
Oct 02 03:13:55 server record_context_hot_cue_getter_status_matrix.sh[2329241]:     "playlist.smart_numeric_boundary.bpm_missing_left_equal": 7616,
Oct 02 03:13:55 server record_context_hot_cue_getter_status_matrix.sh[2329241]:     "playlist.smart_numeric_boundary.bpm_missing_left_not_equal": 7617,
Oct 02 03:13:55 server record_context_hot_cue_getter_status_matrix.sh[2329241]:     "playlist.smart_numeric_boundary.bpm_range_missing_left": 7618,
Oct 02 03:13:55 server record_context_hot_cue_getter_status_matrix.sh[2329241]:     "playlist.smart_numeric_boundary.bpm_range_missing_right": 7619,
Oct 02 03:13:55 server record_context_hot_cue_getter_status_matrix.sh[2329241]:     "playlist.smart_numeric_boundary.bpm_range_both_missing": 7620,
Oct 02 03:13:55 server record_context_hot_cue_getter_status_matrix.sh[2329241]:     "playlist.smart_numeric_boundary.rating_equal_zero": 7621,
Oct 02 03:13:55 server record_context_hot_cue_getter_status_matrix.sh[2329241]:     "playlist.smart_numeric_boundary.rating_not_equal_zero": 7622,
Oct 02 03:13:55 server record_context_hot_cue_getter_status_matrix.sh[2329241]:     "playlist.smart_numeric_boundary.rating_greater_zero": 7623,
Oct 02 03:13:55 server record_context_hot_cue_getter_status_matrix.sh[2329241]:     "playlist.smart_numeric_boundary.rating_less_zero": 7624,
Oct 02 03:13:55 server record_context_hot_cue_getter_status_matrix.sh[2329241]:     "playlist.smart_numeric_boundary.rating_range_minus_one_to_one": 7625,
Oct 02 03:13:55 server record_context_hot_cue_getter_status_matrix.sh[2329241]:     "playlist.smart_numeric_boundary.rating_equal_half": 7626,
Oct 02 03:13:55 server record_context_hot_cue_getter_status_matrix.sh[2329241]:     "playlist.smart_numeric_boundary.rating_not_equal_half": 7627,
Oct 02 03:13:55 server record_context_hot_cue_getter_status_matrix.sh[2329241]:     "playlist.smart_numeric_boundary.rating_greater_half": 7628,
Oct 02 03:13:55 server record_context_hot_cue_getter_status_matrix.sh[2329241]:     "playlist.smart_numeric_boundary.rating_less_half": 7629,
Oct 02 03:13:55 server record_context_hot_cue_getter_status_matrix.sh[2329241]:     "playlist.smart_numeric_boundary.rating_range_half_to_one_half": 7630,
Oct 02 03:13:55 server record_context_hot_cue_getter_status_matrix.sh[2329241]:     "playlist.smart_numeric_boundary.rating_equal_int32_max": 7631,
Oct 02 03:13:55 server record_context_hot_cue_getter_status_matrix.sh[2329241]:     "playlist.smart_numeric_boundary.rating_greater_int32_max": 7632,
Oct 02 03:13:55 server record_context_hot_cue_getter_status_matrix.sh[2329241]:     "playlist.smart_numeric_boundary.rating_equal_int32_plus_one": 7633,
Oct 02 03:13:55 server record_context_hot_cue_getter_status_matrix.sh[2329241]:     "playlist.smart_numeric_boundary.rating_equal_uint32_max": 7634,
Oct 02 03:13:55 server record_context_hot_cue_getter_status_matrix.sh[2329241]:     "playlist.smart_numeric_boundary.rating_equal_uint32_plus_one": 7635,
Oct 02 03:13:55 server record_context_hot_cue_getter_status_matrix.sh[2329241]:     "playlist.smart_numeric_boundary.rating_missing_left_equal": 7636,
Oct 02 03:13:55 server record_context_hot_cue_getter_status_matrix.sh[2329241]:     "playlist.smart_numeric_boundary.rating_missing_left_not_equal": 7637,
Oct 02 03:13:55 server record_context_hot_cue_getter_status_matrix.sh[2329241]:     "playlist.smart_numeric_boundary.rating_range_missing_left": 7638,
Oct 02 03:13:55 server record_context_hot_cue_getter_status_matrix.sh[2329241]:     "playlist.smart_numeric_boundary.rating_range_missing_right": 7639,
Oct 02 03:13:55 server record_context_hot_cue_getter_status_matrix.sh[2329241]:     "playlist.smart_numeric_boundary.rating_range_both_missing": 7640,
Oct 02 03:13:55 server record_context_hot_cue_getter_status_matrix.sh[2329241]:     "playlist.smart_numeric_boundary.play_count_equal_zero": 7641,
Oct 02 03:13:55 server record_context_hot_cue_getter_status_matrix.sh[2329241]:     "playlist.smart_numeric_boundary.play_count_not_equal_zero": 7642,
Oct 02 03:13:55 server record_context_hot_cue_getter_status_matrix.sh[2329241]:     "playlist.smart_numeric_boundary.play_count_greater_zero": 7643,
Oct 02 03:13:55 server record_context_hot_cue_getter_status_matrix.sh[2329241]:     "playlist.smart_numeric_boundary.play_count_less_zero": 7644,
Oct 02 03:13:55 server record_context_hot_cue_getter_status_matrix.sh[2329241]:     "playlist.smart_numeric_boundary.play_count_range_minus_one_to_one": 7645,
Oct 02 03:13:55 server record_context_hot_cue_getter_status_matrix.sh[2329241]:     "playlist.smart_numeric_boundary.play_count_equal_half": 7646,
Oct 02 03:13:55 server record_context_hot_cue_getter_status_matrix.sh[2329241]:     "playlist.smart_numeric_boundary.play_count_not_equal_half": 7647,
Oct 02 03:13:55 server record_context_hot_cue_getter_status_matrix.sh[2329241]:     "playlist.smart_numeric_boundary.play_count_greater_half": 7648,
Oct 02 03:13:55 server record_context_hot_cue_getter_status_matrix.sh[2329241]:     "playlist.smart_numeric_boundary.play_count_less_half": 7649,
Oct 02 03:13:55 server record_context_hot_cue_getter_status_matrix.sh[2329241]:     "playlist.smart_numeric_boundary.play_count_range_half_to_one_half": 7650,
Oct 02 03:13:55 server record_context_hot_cue_getter_status_matrix.sh[2329241]:     "playlist.smart_numeric_boundary.play_count_equal_int32_max": 7651,
Oct 02 03:13:55 server record_context_hot_cue_getter_status_matrix.sh[2329241]:     "playlist.smart_numeric_boundary.play_count_greater_int32_max": 7652,
Oct 02 03:13:55 server record_context_hot_cue_getter_status_matrix.sh[2329241]:     "playlist.smart_numeric_boundary.play_count_equal_int32_plus_one": 7653,
Oct 02 03:13:55 server record_context_hot_cue_getter_status_matrix.sh[2329241]:     "playlist.smart_numeric_boundary.play_count_equal_uint32_max": 7654,
Oct 02 03:13:55 server record_context_hot_cue_getter_status_matrix.sh[2329241]:     "playlist.smart_numeric_boundary.play_count_equal_uint32_plus_one": 7655,
Oct 02 03:13:55 server record_context_hot_cue_getter_status_matrix.sh[2329241]:     "playlist.smart_numeric_boundary.play_count_missing_left_equal": 7656,
Oct 02 03:13:55 server record_context_hot_cue_getter_status_matrix.sh[2329241]:     "playlist.smart_numeric_boundary.play_count_missing_left_not_equal": 7657,
Oct 02 03:13:55 server record_context_hot_cue_getter_status_matrix.sh[2329241]:     "playlist.smart_numeric_boundary.play_count_range_missing_left": 7658,
Oct 02 03:13:55 server record_context_hot_cue_getter_status_matrix.sh[2329241]:     "playlist.smart_numeric_boundary.play_count_range_missing_right": 7659,
Oct 02 03:13:55 server record_context_hot_cue_getter_status_matrix.sh[2329241]:     "playlist.smart_numeric_boundary.play_count_range_both_missing": 7660,
Oct 02 03:13:55 server record_context_hot_cue_getter_status_matrix.sh[2329241]:     "playlist.smart_numeric_boundary.duration_equal_zero": 7661,
Oct 02 03:13:55 server record_context_hot_cue_getter_status_matrix.sh[2329241]:     "playlist.smart_numeric_boundary.duration_not_equal_zero": 7662,
Oct 02 03:13:55 server record_context_hot_cue_getter_status_matrix.sh[2329241]:     "playlist.smart_numeric_boundary.duration_greater_zero": 7663,
Oct 02 03:13:55 server record_context_hot_cue_getter_status_matrix.sh[2329241]:     "playlist.smart_numeric_boundary.duration_less_zero": 7664,
Oct 02 03:13:55 server record_context_hot_cue_getter_status_matrix.sh[2329241]:     "playlist.smart_numeric_boundary.duration_range_minus_one_to_one": 7665,
Oct 02 03:13:55 server record_context_hot_cue_getter_status_matrix.sh[2329241]:     "playlist.smart_numeric_boundary.duration_equal_half": 7666,
Oct 02 03:13:55 server record_context_hot_cue_getter_status_matrix.sh[2329241]:     "playlist.smart_numeric_boundary.duration_not_equal_half": 7667,
Oct 02 03:13:55 server record_context_hot_cue_getter_status_matrix.sh[2329241]:     "playlist.smart_numeric_boundary.duration_greater_half": 7668,
Oct 02 03:13:55 server record_context_hot_cue_getter_status_matrix.sh[2329241]:     "playlist.smart_numeric_boundary.duration_less_half": 7669,
Oct 02 03:13:55 server record_context_hot_cue_getter_status_matrix.sh[2329241]:     "playlist.smart_numeric_boundary.duration_range_half_to_one_half": 7670,
Oct 02 03:13:55 server record_context_hot_cue_getter_status_matrix.sh[2329241]:     "playlist.smart_numeric_boundary.duration_equal_int32_max": 7671,
Oct 02 03:13:55 server record_context_hot_cue_getter_status_matrix.sh[2329241]:     "playlist.smart_numeric_boundary.duration_greater_int32_max": 7672,
Oct 02 03:13:55 server record_context_hot_cue_getter_status_matrix.sh[2329241]:     "playlist.smart_numeric_boundary.duration_equal_int32_plus_one": 7673,
Oct 02 03:13:55 server record_context_hot_cue_getter_status_matrix.sh[2329241]:     "playlist.smart_numeric_boundary.duration_equal_uint32_max": 7674,
Oct 02 03:13:55 server record_context_hot_cue_getter_status_matrix.sh[2329241]:     "playlist.smart_numeric_boundary.duration_equal_uint32_plus_one": 7675,
Oct 02 03:13:55 server record_context_hot_cue_getter_status_matrix.sh[2329241]:     "playlist.smart_numeric_boundary.duration_missing_left_equal": 7676,
Oct 02 03:13:55 server record_context_hot_cue_getter_status_matrix.sh[2329241]:     "playlist.smart_numeric_boundary.duration_missing_left_not_equal": 7677,
Oct 02 03:13:55 server record_context_hot_cue_getter_status_matrix.sh[2329241]:     "playlist.smart_numeric_boundary.duration_range_missing_left": 7678,
Oct 02 03:13:55 server record_context_hot_cue_getter_status_matrix.sh[2329241]:     "playlist.smart_numeric_boundary.duration_range_missing_right": 7679,
Oct 02 03:13:55 server record_context_hot_cue_getter_status_matrix.sh[2329241]:     "playlist.smart_numeric_boundary.duration_range_both_missing": 7680,
Oct 02 03:13:55 server record_context_hot_cue_getter_status_matrix.sh[2329241]:     "playlist.smart_numeric_boundary.year_equal_zero": 7681,
Oct 02 03:13:55 server record_context_hot_cue_getter_status_matrix.sh[2329241]:     "playlist.smart_numeric_boundary.year_not_equal_zero": 7682,
Oct 02 03:13:55 server record_context_hot_cue_getter_status_matrix.sh[2329241]:     "playlist.smart_numeric_boundary.year_greater_zero": 7683,
Oct 02 03:13:55 server record_context_hot_cue_getter_status_matrix.sh[2329241]:     "playlist.smart_numeric_boundary.year_less_zero": 7684,
Oct 02 03:13:55 server record_context_hot_cue_getter_status_matrix.sh[2329241]:     "playlist.smart_numeric_boundary.year_range_minus_one_to_one": 7685,
Oct 02 03:13:55 server record_context_hot_cue_getter_status_matrix.sh[2329241]:     "playlist.smart_numeric_boundary.year_equal_half": 7686,
Oct 02 03:13:55 server record_context_hot_cue_getter_status_matrix.sh[2329241]:     "playlist.smart_numeric_boundary.year_not_equal_half": 7687,
Oct 02 03:13:55 server record_context_hot_cue_getter_status_matrix.sh[2329241]:     "playlist.smart_numeric_boundary.year_greater_half": 7688,
Oct 02 03:13:55 server record_context_hot_cue_getter_status_matrix.sh[2329241]:     "playlist.smart_numeric_boundary.year_less_half": 7689,
Oct 02 03:13:55 server record_context_hot_cue_getter_status_matrix.sh[2329241]:     "playlist.smart_numeric_boundary.year_range_half_to_one_half": 7690,
Oct 02 03:13:55 server record_context_hot_cue_getter_status_matrix.sh[2329241]:     "playlist.smart_numeric_boundary.year_equal_int32_max": 7691,
Oct 02 03:13:55 server record_context_hot_cue_getter_status_matrix.sh[2329241]:     "playlist.smart_numeric_boundary.year_greater_int32_max": 7692,
Oct 02 03:13:55 server record_context_hot_cue_getter_status_matrix.sh[2329241]:     "playlist.smart_numeric_boundary.year_equal_int32_plus_one": 7693,
Oct 02 03:13:55 server record_context_hot_cue_getter_status_matrix.sh[2329241]:     "playlist.smart_numeric_boundary.year_equal_uint32_max": 7694,
Oct 02 03:13:55 server record_context_hot_cue_getter_status_matrix.sh[2329241]:     "playlist.smart_numeric_boundary.year_equal_uint32_plus_one": 7695,
Oct 02 03:13:55 server record_context_hot_cue_getter_status_matrix.sh[2329241]:     "playlist.smart_numeric_boundary.year_missing_left_equal": 7696,
Oct 02 03:13:55 server record_context_hot_cue_getter_status_matrix.sh[2329241]:     "playlist.smart_numeric_boundary.year_missing_left_not_equal": 7697,
Oct 02 03:13:55 server record_context_hot_cue_getter_status_matrix.sh[2329241]:     "playlist.smart_numeric_boundary.year_range_missing_left": 7698,
Oct 02 03:13:55 server record_context_hot_cue_getter_status_matrix.sh[2329241]:     "playlist.smart_numeric_boundary.year_range_missing_right": 7699,
Oct 02 03:13:55 server record_context_hot_cue_getter_status_matrix.sh[2329241]:     "playlist.smart_numeric_boundary.year_range_both_missing": 7700,
Oct 02 03:13:55 server record_context_hot_cue_getter_status_matrix.sh[2329241]:     "playlist.smart_property.artist": 6501,
Oct 02 03:13:55 server record_context_hot_cue_getter_status_matrix.sh[2329241]:     "playlist.smart_property.album": 6502,
Oct 02 03:13:55 server record_context_hot_cue_getter_status_matrix.sh[2329241]:     "playlist.smart_property.album_artist": 6503,
Oct 02 03:13:55 server record_context_hot_cue_getter_status_matrix.sh[2329241]:     "playlist.smart_property.original_artist": 6504,
Oct 02 03:13:55 server record_context_hot_cue_getter_status_matrix.sh[2329241]:     "playlist.smart_property.bpm": 6505,
Oct 02 03:13:55 server record_context_hot_cue_getter_status_matrix.sh[2329241]:     "playlist.smart_property.grouping": 6506,
Oct 02 03:13:55 server record_context_hot_cue_getter_status_matrix.sh[2329241]:     "playlist.smart_property.comments": 6507,
Oct 02 03:13:55 server record_context_hot_cue_getter_status_matrix.sh[2329241]:     "playlist.smart_property.producer": 6508,
Oct 02 03:13:55 server record_context_hot_cue_getter_status_matrix.sh[2329241]:     "playlist.smart_property.stock_date": 6509,
Oct 02 03:13:55 server record_context_hot_cue_getter_status_matrix.sh[2329241]:     "playlist.smart_property.date_created_field": 6510,
Oct 02 03:13:55 server record_context_hot_cue_getter_status_matrix.sh[2329241]:     "playlist.smart_property.date_created_audit": 6511,
Oct 02 03:13:55 server record_context_hot_cue_getter_status_matrix.sh[2329241]:     "playlist.smart_property.counter": 6512,
Oct 02 03:13:55 server record_context_hot_cue_getter_status_matrix.sh[2329241]:     "playlist.smart_property.file_name": 6513,
Oct 02 03:13:55 server record_context_hot_cue_getter_status_matrix.sh[2329241]:     "playlist.smart_property.genre": 6514,
Oct 02 03:13:55 server record_context_hot_cue_getter_status_matrix.sh[2329241]:     "playlist.smart_property.key": 6515,
Oct 02 03:13:55 server record_context_hot_cue_getter_status_matrix.sh[2329241]:     "playlist.smart_property.label": 6516,
Oct 02 03:13:55 server record_context_hot_cue_getter_status_matrix.sh[2329241]:     "playlist.smart_property.mix_name": 6517,
Oct 02 03:13:55 server record_context_hot_cue_getter_status_matrix.sh[2329241]:     "playlist.smart_property.my_tag_warmup_raw": 6518,
Oct 02 03:13:55 server record_context_hot_cue_getter_status_matrix.sh[2329241]:     "playlist.smart_property.my_tag_warmup_signed": 6519,
Oct 02 03:13:55 server record_context_hot_cue_getter_status_matrix.sh[2329241]:     "playlist.smart_property.my_tag_vocal_raw": 6520,
Oct 02 03:13:55 server record_context_hot_cue_getter_status_matrix.sh[2329241]:     "playlist.smart_property.my_tag_vocal_signed": 6521,
Oct 02 03:13:55 server record_context_hot_cue_getter_status_matrix.sh[2329241]:     "playlist.smart_property.rating": 6522,
Oct 02 03:13:55 server record_context_hot_cue_getter_status_matrix.sh[2329241]:     "playlist.smart_property.date_released": 6523,
Oct 02 03:13:55 server record_context_hot_cue_getter_status_matrix.sh[2329241]:     "playlist.smart_property.remixed_by": 6524,
Oct 02 03:13:55 server record_context_hot_cue_getter_status_matrix.sh[2329241]:     "playlist.smart_property.duration": 6525,
Oct 02 03:13:55 server record_context_hot_cue_getter_status_matrix.sh[2329241]:     "playlist.smart_property.name": 6526,
Oct 02 03:13:55 server record_context_hot_cue_getter_status_matrix.sh[2329241]:     "playlist.smart_property.year": 6527,
Oct 02 03:13:55 server record_context_hot_cue_getter_status_matrix.sh[2329241]:     "playlist.smart_property.alias_title": 6528,
Oct 02 03:13:55 server record_context_hot_cue_getter_status_matrix.sh[2329241]:     "playlist.smart_property.alias_color": 6529,
Oct 02 03:13:55 server record_context_hot_cue_getter_status_matrix.sh[2329241]:     "playlist.smart_property.alias_play_count": 6530,
Oct 02 03:13:55 server record_context_hot_cue_getter_status_matrix.sh[2329241]:     "playlist.smart_property.alias_remixer": 6531,
Oct 02 03:13:55 server record_context_hot_cue_getter_status_matrix.sh[2329241]:     "playlist.smart_property.alias_composer": 6532,
Oct 02 03:13:55 server record_context_hot_cue_getter_status_matrix.sh[2329241]:     "playlist.smart_property.alias_filename_lowercase": 6533,
Oct 02 03:13:55 server record_context_hot_cue_getter_status_matrix.sh[2329241]:     "playlist.smart_date.stock_date_operator_01": 6701,
Oct 02 03:13:55 server record_context_hot_cue_getter_status_matrix.sh[2329241]:     "playlist.smart_date.stock_date_operator_02": 6702,
Oct 02 03:13:55 server record_context_hot_cue_getter_status_matrix.sh[2329241]:     "playlist.smart_date.stock_date_operator_03": 6703,
Oct 02 03:13:55 server record_context_hot_cue_getter_status_matrix.sh[2329241]:     "playlist.smart_date.stock_date_operator_04": 6704,
Oct 02 03:13:55 server record_context_hot_cue_getter_status_matrix.sh[2329241]:     "playlist.smart_date.stock_date_operator_05": 6705,
Oct 02 03:13:55 server record_context_hot_cue_getter_status_matrix.sh[2329241]:     "playlist.smart_date.stock_date_reversed_range": 6706,
Oct 02 03:13:55 server record_context_hot_cue_getter_status_matrix.sh[2329241]:     "playlist.smart_date.stock_date_blank_equal": 6707,
Oct 02 03:13:55 server record_context_hot_cue_getter_status_matrix.sh[2329241]:     "playlist.smart_date.stock_date_blank_not_equal": 6708,
Oct 02 03:13:55 server record_context_hot_cue_getter_status_matrix.sh[2329241]:     "playlist.smart_date.stock_date_invalid_equal": 6709,
Oct 02 03:13:55 server record_context_hot_cue_getter_status_matrix.sh[2329241]:     "playlist.smart_date.stock_date_invalid_not_equal": 6710,
Oct 02 03:13:55 server record_context_hot_cue_getter_status_matrix.sh[2329241]:     "playlist.smart_date.date_created_operator_01": 6711,
Oct 02 03:13:55 server record_context_hot_cue_getter_status_matrix.sh[2329241]:     "playlist.smart_date.date_created_operator_02": 6712,
Oct 02 03:13:55 server record_context_hot_cue_getter_status_matrix.sh[2329241]:     "playlist.smart_date.date_created_operator_03": 6713,
Oct 02 03:13:55 server record_context_hot_cue_getter_status_matrix.sh[2329241]:     "playlist.smart_date.date_created_operator_04": 6714,
Oct 02 03:13:55 server record_context_hot_cue_getter_status_matrix.sh[2329241]:     "playlist.smart_date.date_created_operator_05": 6715,
Oct 02 03:13:55 server record_context_hot_cue_getter_status_matrix.sh[2329241]:     "playlist.smart_date.date_created_reversed_range": 6716,
Oct 02 03:13:55 server record_context_hot_cue_getter_status_matrix.sh[2329241]:     "playlist.smart_date.date_created_blank_equal": 6717,
Oct 02 03:13:55 server record_context_hot_cue_getter_status_matrix.sh[2329241]:     "playlist.smart_date.date_created_blank_not_equal": 6718,
Oct 02 03:13:55 server record_context_hot_cue_getter_status_matrix.sh[2329241]:     "playlist.smart_date.date_created_invalid_equal": 6719,
Oct 02 03:13:55 server record_context_hot_cue_getter_status_matrix.sh[2329241]:     "playlist.smart_date.date_created_invalid_not_equal": 6720,
Oct 02 03:13:55 server record_context_hot_cue_getter_status_matrix.sh[2329241]:     "playlist.smart_date.date_released_operator_01": 6721,
Oct 02 03:13:55 server record_context_hot_cue_getter_status_matrix.sh[2329241]:     "playlist.smart_date.date_released_operator_02": 6722,
Oct 02 03:13:55 server record_context_hot_cue_getter_status_matrix.sh[2329241]:     "playlist.smart_date.date_released_operator_03": 6723,
Oct 02 03:13:55 server record_context_hot_cue_getter_status_matrix.sh[2329241]:     "playlist.smart_date.date_released_operator_04": 6724,
Oct 02 03:13:55 server record_context_hot_cue_getter_status_matrix.sh[2329241]:     "playlist.smart_date.date_released_operator_05": 6725,
Oct 02 03:13:55 server record_context_hot_cue_getter_status_matrix.sh[2329241]:     "playlist.smart_date.date_released_reversed_range": 6726,
Oct 02 03:13:55 server record_context_hot_cue_getter_status_matrix.sh[2329241]:     "playlist.smart_date.date_released_blank_equal": 6727,
Oct 02 03:13:55 server record_context_hot_cue_getter_status_matrix.sh[2329241]:     "playlist.smart_date.date_released_blank_not_equal": 6728,
Oct 02 03:13:55 server record_context_hot_cue_getter_status_matrix.sh[2329241]:     "playlist.smart_date.date_released_invalid_equal": 6729,
Oct 02 03:13:55 server record_context_hot_cue_getter_status_matrix.sh[2329241]:     "playlist.smart_date.date_released_invalid_not_equal": 6730,
Oct 02 03:13:55 server record_context_hot_cue_getter_status_matrix.sh[2329241]:     "playlist.smart_relative_date.stock_date_day_operator_06": 6801,
Oct 02 03:13:55 server record_context_hot_cue_getter_status_matrix.sh[2329241]:     "playlist.smart_relative_date.stock_date_day_operator_07": 6802,
Oct 02 03:13:55 server record_context_hot_cue_getter_status_matrix.sh[2329241]:     "playlist.smart_relative_date.stock_date_week_operator_06": 6803,
Oct 02 03:13:55 server record_context_hot_cue_getter_status_matrix.sh[2329241]:     "playlist.smart_relative_date.stock_date_week_operator_07": 6804,
Oct 02 03:13:55 server record_context_hot_cue_getter_status_matrix.sh[2329241]:     "playlist.smart_relative_date.stock_date_month_operator_06": 6805,
Oct 02 03:13:55 server record_context_hot_cue_getter_status_matrix.sh[2329241]:     "playlist.smart_relative_date.stock_date_month_operator_07": 6806,
Oct 02 03:13:55 server record_context_hot_cue_getter_status_matrix.sh[2329241]:     "playlist.smart_relative_date.stock_date_year_operator_06": 6807,
Oct 02 03:13:55 server record_context_hot_cue_getter_status_matrix.sh[2329241]:     "playlist.smart_relative_date.stock_date_year_operator_07": 6808,
Oct 02 03:13:55 server record_context_hot_cue_getter_status_matrix.sh[2329241]:     "playlist.smart_relative_date.date_created_day_operator_06": 6809,
Oct 02 03:13:55 server record_context_hot_cue_getter_status_matrix.sh[2329241]:     "playlist.smart_relative_date.date_created_day_operator_07": 6810,
Oct 02 03:13:55 server record_context_hot_cue_getter_status_matrix.sh[2329241]:     "playlist.smart_relative_date.date_created_week_operator_06": 6811,
Oct 02 03:13:55 server record_context_hot_cue_getter_status_matrix.sh[2329241]:     "playlist.smart_relative_date.date_created_week_operator_07": 6812,
Oct 02 03:13:55 server record_context_hot_cue_getter_status_matrix.sh[2329241]:     "playlist.smart_relative_date.date_created_month_operator_06": 6813,
Oct 02 03:13:55 server record_context_hot_cue_getter_status_matrix.sh[2329241]:     "playlist.smart_relative_date.date_created_month_operator_07": 6814,
Oct 02 03:13:55 server record_context_hot_cue_getter_status_matrix.sh[2329241]:     "playlist.smart_relative_date.date_created_year_operator_06": 6815,
Oct 02 03:13:55 server record_context_hot_cue_getter_status_matrix.sh[2329241]:     "playlist.smart_relative_date.date_created_year_operator_07": 6816,
Oct 02 03:13:55 server record_context_hot_cue_getter_status_matrix.sh[2329241]:     "playlist.smart_relative_date.date_released_day_operator_06": 6817,
Oct 02 03:13:55 server record_context_hot_cue_getter_status_matrix.sh[2329241]:     "playlist.smart_relative_date.date_released_day_operator_07": 6818,
Oct 02 03:13:55 server record_context_hot_cue_getter_status_matrix.sh[2329241]:     "playlist.smart_relative_date.date_released_week_operator_06": 6819,
Oct 02 03:13:55 server record_context_hot_cue_getter_status_matrix.sh[2329241]:     "playlist.smart_relative_date.date_released_week_operator_07": 6820,
Oct 02 03:13:55 server record_context_hot_cue_getter_status_matrix.sh[2329241]:     "playlist.smart_relative_date.date_released_month_operator_06": 6821,
Oct 02 03:13:55 server record_context_hot_cue_getter_status_matrix.sh[2329241]:     "playlist.smart_relative_date.date_released_month_operator_07": 6822,
Oct 02 03:13:55 server record_context_hot_cue_getter_status_matrix.sh[2329241]:     "playlist.smart_relative_date.date_released_year_operator_06": 6823,
Oct 02 03:13:55 server record_context_hot_cue_getter_status_matrix.sh[2329241]:     "playlist.smart_relative_date.date_released_year_operator_07": 6824,
Oct 02 03:13:55 server record_context_hot_cue_getter_status_matrix.sh[2329241]:     "playlist.smart_relative_date.stock_date_unit_days_operator_06": 6825,
Oct 02 03:13:55 server record_context_hot_cue_getter_status_matrix.sh[2329241]:     "playlist.smart_relative_date.stock_date_unit_days_operator_07": 6826,
Oct 02 03:13:55 server record_context_hot_cue_getter_status_matrix.sh[2329241]:     "playlist.smart_relative_date.stock_date_unit_weeks_operator_06": 6827,
Oct 02 03:13:55 server record_context_hot_cue_getter_status_matrix.sh[2329241]:     "playlist.smart_relative_date.stock_date_unit_weeks_operator_07": 6828,
Oct 02 03:13:55 server record_context_hot_cue_getter_status_matrix.sh[2329241]:     "playlist.smart_relative_date.stock_date_unit_months_operator_06": 6829,
Oct 02 03:13:55 server record_context_hot_cue_getter_status_matrix.sh[2329241]:     "playlist.smart_relative_date.stock_date_unit_months_operator_07": 6830,
Oct 02 03:13:55 server record_context_hot_cue_getter_status_matrix.sh[2329241]:     "playlist.smart_relative_date.stock_date_unit_years_operator_06": 6831,
Oct 02 03:13:55 server record_context_hot_cue_getter_status_matrix.sh[2329241]:     "playlist.smart_relative_date.stock_date_unit_years_operator_07": 6832,
Oct 02 03:13:55 server record_context_hot_cue_getter_status_matrix.sh[2329241]:     "playlist.smart_relative_date.stock_date_unit_uppercase_month_operator_06": 6833,
Oct 02 03:13:55 server record_context_hot_cue_getter_status_matrix.sh[2329241]:     "playlist.smart_relative_date.stock_date_unit_uppercase_month_operator_07": 6834,
Oct 02 03:13:55 server record_context_hot_cue_getter_status_matrix.sh[2329241]:     "playlist.smart_relative_date.stock_date_unit_empty_operator_06": 6835,
Oct 02 03:13:55 server record_context_hot_cue_getter_status_matrix.sh[2329241]:     "playlist.smart_relative_date.stock_date_unit_empty_operator_07": 6836,
Oct 02 03:13:55 server record_context_hot_cue_getter_status_matrix.sh[2329241]:     "playlist.smart_relative_date.stock_date_unit_unknown_operator_06": 6837,
Oct 02 03:13:55 server record_context_hot_cue_getter_status_matrix.sh[2329241]:     "playlist.smart_relative_date.stock_date_unit_unknown_operator_07": 6838,
Oct 02 03:13:55 server record_context_hot_cue_getter_status_matrix.sh[2329241]:     "playlist.smart_relative_date.stock_date_count_zero_operator_06": 6839,
Oct 02 03:13:55 server record_context_hot_cue_getter_status_matrix.sh[2329241]:     "playlist.smart_relative_date.stock_date_count_zero_operator_07": 6840,
Oct 02 03:13:55 server record_context_hot_cue_getter_status_matrix.sh[2329241]:     "playlist.smart_relative_date.stock_date_count_negative_operator_06": 6841,
Oct 02 03:13:55 server record_context_hot_cue_getter_status_matrix.sh[2329241]:     "playlist.smart_relative_date.stock_date_count_negative_operator_07": 6842,
Oct 02 03:13:55 server record_context_hot_cue_getter_status_matrix.sh[2329241]:     "playlist.smart_relative_date.stock_date_count_blank_operator_06": 6843,
Oct 02 03:13:55 server record_context_hot_cue_getter_status_matrix.sh[2329241]:     "playlist.smart_relative_date.stock_date_count_blank_operator_07": 6844,
Oct 02 03:13:55 server record_context_hot_cue_getter_status_matrix.sh[2329241]:     "playlist.smart_relative_date.stock_date_count_invalid_operator_06": 6845,
Oct 02 03:13:55 server record_context_hot_cue_getter_status_matrix.sh[2329241]:     "playlist.smart_relative_date.stock_date_count_invalid_operator_07": 6846,
Oct 02 03:13:55 server record_context_hot_cue_getter_status_matrix.sh[2329241]:     "playlist.smart_relative_date.stock_date_count_fractional_operator_06": 6847,
Oct 02 03:13:55 server record_context_hot_cue_getter_status_matrix.sh[2329241]:     "playlist.smart_relative_date.stock_date_count_fractional_operator_07": 6848,
Oct 02 03:13:55 server record_context_hot_cue_getter_status_matrix.sh[2329241]:     "playlist.smart_relative_date.stock_date_count_two_operator_06": 6849,
Oct 02 03:13:55 server record_context_hot_cue_getter_status_matrix.sh[2329241]:     "playlist.smart_relative_date.stock_date_count_two_operator_07": 6850,
Oct 02 03:13:55 server record_context_hot_cue_getter_status_matrix.sh[2329241]:     "playlist.smart_relative_date.stock_date_count_thirty_one_operator_06": 6851,
Oct 02 03:13:55 server record_context_hot_cue_getter_status_matrix.sh[2329241]:     "playlist.smart_relative_date.stock_date_count_thirty_one_operator_07": 6852,
Oct 02 03:13:55 server record_context_hot_cue_getter_status_matrix.sh[2329241]:     "playlist.smart_relative_date.stock_date_month_count_two_operator_06": 6853,
Oct 02 03:13:55 server record_context_hot_cue_getter_status_matrix.sh[2329241]:     "playlist.smart_relative_date.stock_date_month_count_two_operator_07": 6854,
Oct 02 03:13:55 server record_context_hot_cue_getter_status_matrix.sh[2329241]:     "playlist.smart_relative_date.stock_date_right_31_operator_06": 6855,
Oct 02 03:13:55 server record_context_hot_cue_getter_status_matrix.sh[2329241]:     "playlist.smart_relative_date.stock_date_right_31_operator_07": 6856,
Oct 02 03:13:55 server record_context_hot_cue_getter_status_matrix.sh[2329241]:     "track.date_format.canonical_jan_31": 11001,
Oct 02 03:13:55 server record_context_hot_cue_getter_status_matrix.sh[2329241]:     "track.date_format.canonical_leap_day": 11002,
Oct 02 03:13:55 server record_context_hot_cue_getter_status_matrix.sh[2329241]:     "track.date_format.canonical_epoch": 11003,
Oct 02 03:13:55 server record_context_hot_cue_getter_status_matrix.sh[2329241]:     "track.date_format.pre_epoch": 11004,
Oct 02 03:13:55 server record_context_hot_cue_getter_status_matrix.sh[2329241]:     "track.date_format.year_zero": 11005,
Oct 02 03:13:55 server record_context_hot_cue_getter_status_matrix.sh[2329241]:     "track.date_format.year_9999": 11006,
Oct 02 03:13:55 server record_context_hot_cue_getter_status_matrix.sh[2329241]:     "track.date_format.separator_slash": 11007,
Oct 02 03:13:55 server record_context_hot_cue_getter_status_matrix.sh[2329241]:     "track.date_format.separator_dot": 11008,
Oct 02 03:13:55 server record_context_hot_cue_getter_status_matrix.sh[2329241]:     "track.date_format.separator_space": 11009,
Oct 02 03:13:55 server record_context_hot_cue_getter_status_matrix.sh[2329241]:     "track.date_format.separator_letters": 11010,
Oct 02 03:13:55 server record_context_hot_cue_getter_status_matrix.sh[2329241]:     "track.date_format.separator_unicode": 11011,
Oct 02 03:13:55 server record_context_hot_cue_getter_status_matrix.sh[2329241]:     "track.date_format.separator_newline": 11012,
Oct 02 03:13:55 server record_context_hot_cue_getter_status_matrix.sh[2329241]:     "track.date_format.nonleap_feb_29": 11013,
Oct 02 03:13:55 server record_context_hot_cue_getter_status_matrix.sh[2329241]:     "track.date_format.leap_feb_30": 11014,
Oct 02 03:13:55 server record_context_hot_cue_getter_status_matrix.sh[2329241]:     "track.date_format.nonleap_feb_30": 11015,
Oct 02 03:13:55 server record_context_hot_cue_getter_status_matrix.sh[2329241]:     "track.date_format.nonleap_feb_31": 11016,
Oct 02 03:13:55 server record_context_hot_cue_getter_status_matrix.sh[2329241]:     "track.date_format.april_31": 11017,
Oct 02 03:13:55 server record_context_hot_cue_getter_status_matrix.sh[2329241]:     "track.date_format.month_zero": 11018,
Oct 02 03:13:55 server record_context_hot_cue_getter_status_matrix.sh[2329241]:     "track.date_format.month_13": 11019,
Oct 02 03:13:55 server record_context_hot_cue_getter_status_matrix.sh[2329241]:     "track.date_format.day_zero": 11020,
Oct 02 03:13:55 server record_context_hot_cue_getter_status_matrix.sh[2329241]:     "track.date_format.day_32": 11021,
Oct 02 03:13:55 server record_context_hot_cue_getter_status_matrix.sh[2329241]:     "track.date_format.month_99": 11022,
Oct 02 03:13:55 server record_context_hot_cue_getter_status_matrix.sh[2329241]:     "track.date_format.day_99": 11023,
Oct 02 03:13:55 server record_context_hot_cue_getter_status_matrix.sh[2329241]:     "track.date_format.single_digit_month": 11024,
Oct 02 03:13:55 server record_context_hot_cue_getter_status_matrix.sh[2329241]:     "track.date_format.single_digit_day": 11025,
Oct 02 03:13:55 server record_context_hot_cue_getter_status_matrix.sh[2329241]:     "track.date_format.five_digit_year": 11026,
Oct 02 03:13:55 server record_context_hot_cue_getter_status_matrix.sh[2329241]:     "track.date_format.timestamp_t": 11027,
Oct 02 03:13:55 server record_context_hot_cue_getter_status_matrix.sh[2329241]:     "track.date_format.timestamp_space": 11028,
Oct 02 03:13:55 server record_context_hot_cue_getter_status_matrix.sh[2329241]:     "track.date_format.leading_space": 11029,
Oct 02 03:13:55 server record_context_hot_cue_getter_status_matrix.sh[2329241]:     "track.date_format.trailing_space": 11030,
Oct 02 03:13:55 server record_context_hot_cue_getter_status_matrix.sh[2329241]:     "track.date_format.not_a_date": 11031,
Oct 02 03:13:55 server record_context_hot_cue_getter_status_matrix.sh[2329241]:     "track.date_format.ascii_letters": 11032,
Oct 02 03:13:55 server record_context_hot_cue_getter_status_matrix.sh[2329241]:     "track.date_format.zero_digits": 11033,
Oct 02 03:13:55 server record_context_hot_cue_getter_status_matrix.sh[2329241]:     "track.date_format.letter_in_year": 11034,
Oct 02 03:13:55 server record_context_hot_cue_getter_status_matrix.sh[2329241]:     "track.date_format.plus_year": 11035,
Oct 02 03:13:55 server record_context_hot_cue_getter_status_matrix.sh[2329241]:     "track.date_format.minus_year": 11036,
Oct 02 03:13:55 server record_context_hot_cue_getter_status_matrix.sh[2329241]:     "track.date_format.fullwidth_digits": 11037,
Oct 02 03:13:55 server record_context_hot_cue_getter_status_matrix.sh[2329241]:     "track.date_format.empty": 11038,
Oct 02 03:13:55 server record_context_hot_cue_getter_status_matrix.sh[2329241]:     "track.date_format.embedded_nul": 11039,
Oct 02 03:13:55 server record_context_hot_cue_getter_status_matrix.sh[2329241]:     "track.date_format.null": 11040,
Oct 02 03:13:55 server record_context_hot_cue_getter_status_matrix.sh[2329241]:     "playlist.smart_date_format.stock_date_canonical_jan_31_equal": 6901,
Oct 02 03:13:55 server record_context_hot_cue_getter_status_matrix.sh[2329241]:     "playlist.smart_date_format.stock_date_canonical_leap_day_equal": 6902,
Oct 02 03:13:55 server record_context_hot_cue_getter_status_matrix.sh[2329241]:     "playlist.smart_date_format.stock_date_canonical_epoch_equal": 6903,
Oct 02 03:13:55 server record_context_hot_cue_getter_status_matrix.sh[2329241]:     "playlist.smart_date_format.stock_date_pre_epoch_equal": 6904,
Oct 02 03:13:55 server record_context_hot_cue_getter_status_matrix.sh[2329241]:     "playlist.smart_date_format.stock_date_year_zero_equal": 6905,
Oct 02 03:13:55 server record_context_hot_cue_getter_status_matrix.sh[2329241]:     "playlist.smart_date_format.stock_date_year_9999_equal": 6906,
Oct 02 03:13:55 server record_context_hot_cue_getter_status_matrix.sh[2329241]:     "playlist.smart_date_format.stock_date_separator_slash_equal": 6907,
Oct 02 03:13:55 server record_context_hot_cue_getter_status_matrix.sh[2329241]:     "playlist.smart_date_format.stock_date_separator_dot_equal": 6908,
Oct 02 03:13:55 server record_context_hot_cue_getter_status_matrix.sh[2329241]:     "playlist.smart_date_format.stock_date_separator_space_equal": 6909,
Oct 02 03:13:55 server record_context_hot_cue_getter_status_matrix.sh[2329241]:     "playlist.smart_date_format.stock_date_separator_letters_equal": 6910,
Oct 02 03:13:55 server record_context_hot_cue_getter_status_matrix.sh[2329241]:     "playlist.smart_date_format.stock_date_separator_unicode_equal": 6911,
Oct 02 03:13:55 server record_context_hot_cue_getter_status_matrix.sh[2329241]:     "playlist.smart_date_format.stock_date_separator_newline_equal": 6912,
Oct 02 03:13:55 server record_context_hot_cue_getter_status_matrix.sh[2329241]:     "playlist.smart_date_format.stock_date_nonleap_feb_29_equal": 6913,
Oct 02 03:13:55 server record_context_hot_cue_getter_status_matrix.sh[2329241]:     "playlist.smart_date_format.stock_date_leap_feb_30_equal": 6914,
Oct 02 03:13:55 server record_context_hot_cue_getter_status_matrix.sh[2329241]:     "playlist.smart_date_format.stock_date_nonleap_feb_30_equal": 6915,
Oct 02 03:13:55 server record_context_hot_cue_getter_status_matrix.sh[2329241]:     "playlist.smart_date_format.stock_date_nonleap_feb_31_equal": 6916,
Oct 02 03:13:55 server record_context_hot_cue_getter_status_matrix.sh[2329241]:     "playlist.smart_date_format.stock_date_april_31_equal": 6917,
Oct 02 03:13:55 server record_context_hot_cue_getter_status_matrix.sh[2329241]:     "playlist.smart_date_format.stock_date_month_zero_equal": 6918,
Oct 02 03:13:55 server record_context_hot_cue_getter_status_matrix.sh[2329241]:     "playlist.smart_date_format.stock_date_month_13_equal": 6919,
Oct 02 03:13:55 server record_context_hot_cue_getter_status_matrix.sh[2329241]:     "playlist.smart_date_format.stock_date_day_zero_equal": 6920,
Oct 02 03:13:55 server record_context_hot_cue_getter_status_matrix.sh[2329241]:     "playlist.smart_date_format.stock_date_day_32_equal": 6921,
Oct 02 03:13:55 server record_context_hot_cue_getter_status_matrix.sh[2329241]:     "playlist.smart_date_format.stock_date_month_99_equal": 6922,
Oct 02 03:13:55 server record_context_hot_cue_getter_status_matrix.sh[2329241]:     "playlist.smart_date_format.stock_date_day_99_equal": 6923,
Oct 02 03:13:55 server record_context_hot_cue_getter_status_matrix.sh[2329241]:     "playlist.smart_date_format.stock_date_single_digit_month_equal": 6924,
Oct 02 03:13:55 server record_context_hot_cue_getter_status_matrix.sh[2329241]:     "playlist.smart_date_format.stock_date_single_digit_day_equal": 6925,
Oct 02 03:13:55 server record_context_hot_cue_getter_status_matrix.sh[2329241]:     "playlist.smart_date_format.stock_date_five_digit_year_equal": 6926,
Oct 02 03:13:55 server record_context_hot_cue_getter_status_matrix.sh[2329241]:     "playlist.smart_date_format.stock_date_timestamp_t_equal": 6927,
Oct 02 03:13:55 server record_context_hot_cue_getter_status_matrix.sh[2329241]:     "playlist.smart_date_format.stock_date_timestamp_space_equal": 6928,
Oct 02 03:13:55 server record_context_hot_cue_getter_status_matrix.sh[2329241]:     "playlist.smart_date_format.stock_date_leading_space_equal": 6929,
Oct 02 03:13:55 server record_context_hot_cue_getter_status_matrix.sh[2329241]:     "playlist.smart_date_format.stock_date_trailing_space_equal": 6930,
Oct 02 03:13:55 server record_context_hot_cue_getter_status_matrix.sh[2329241]:     "playlist.smart_date_format.stock_date_not_a_date_equal": 6931,
Oct 02 03:13:55 server record_context_hot_cue_getter_status_matrix.sh[2329241]:     "playlist.smart_date_format.stock_date_ascii_letters_equal": 6932,
Oct 02 03:13:55 server record_context_hot_cue_getter_status_matrix.sh[2329241]:     "playlist.smart_date_format.stock_date_zero_digits_equal": 6933,
Oct 02 03:13:55 server record_context_hot_cue_getter_status_matrix.sh[2329241]:     "playlist.smart_date_format.stock_date_letter_in_year_equal": 6934,
Oct 02 03:13:55 server record_context_hot_cue_getter_status_matrix.sh[2329241]:     "playlist.smart_date_format.stock_date_plus_year_equal": 6935,
Oct 02 03:13:55 server record_context_hot_cue_getter_status_matrix.sh[2329241]:     "playlist.smart_date_format.stock_date_minus_year_equal": 6936,
Oct 02 03:13:55 server record_context_hot_cue_getter_status_matrix.sh[2329241]:     "playlist.smart_date_format.stock_date_fullwidth_digits_equal": 6937,
Oct 02 03:13:55 server record_context_hot_cue_getter_status_matrix.sh[2329241]:     "playlist.smart_date_format.stock_date_empty_equal": 6938,
Oct 02 03:13:55 server record_context_hot_cue_getter_status_matrix.sh[2329241]:     "playlist.smart_date_format.stock_date_canonical_not_equal": 6939,
Oct 02 03:13:55 server record_context_hot_cue_getter_status_matrix.sh[2329241]:     "playlist.smart_date_format.date_created_canonical_jan_31_equal": 6940,
Oct 02 03:13:55 server record_context_hot_cue_getter_status_matrix.sh[2329241]:     "playlist.smart_date_format.date_created_canonical_leap_day_equal": 6941,
Oct 02 03:13:55 server record_context_hot_cue_getter_status_matrix.sh[2329241]:     "playlist.smart_date_format.date_created_canonical_epoch_equal": 6942,
Oct 02 03:13:55 server record_context_hot_cue_getter_status_matrix.sh[2329241]:     "playlist.smart_date_format.date_created_pre_epoch_equal": 6943,
Oct 02 03:13:55 server record_context_hot_cue_getter_status_matrix.sh[2329241]:     "playlist.smart_date_format.date_created_year_zero_equal": 6944,
Oct 02 03:13:55 server record_context_hot_cue_getter_status_matrix.sh[2329241]:     "playlist.smart_date_format.date_created_year_9999_equal": 6945,
Oct 02 03:13:55 server record_context_hot_cue_getter_status_matrix.sh[2329241]:     "playlist.smart_date_format.date_created_separator_slash_equal": 6946,
Oct 02 03:13:55 server record_context_hot_cue_getter_status_matrix.sh[2329241]:     "playlist.smart_date_format.date_created_separator_dot_equal": 6947,
Oct 02 03:13:55 server record_context_hot_cue_getter_status_matrix.sh[2329241]:     "playlist.smart_date_format.date_created_separator_space_equal": 6948,
Oct 02 03:13:55 server record_context_hot_cue_getter_status_matrix.sh[2329241]:     "playlist.smart_date_format.date_created_separator_letters_equal": 6949,
Oct 02 03:13:55 server record_context_hot_cue_getter_status_matrix.sh[2329241]:     "playlist.smart_date_format.date_created_separator_unicode_equal": 6950,
Oct 02 03:13:55 server record_context_hot_cue_getter_status_matrix.sh[2329241]:     "playlist.smart_date_format.date_created_separator_newline_equal": 6951,
Oct 02 03:13:55 server record_context_hot_cue_getter_status_matrix.sh[2329241]:     "playlist.smart_date_format.date_created_nonleap_feb_29_equal": 6952,
Oct 02 03:13:55 server record_context_hot_cue_getter_status_matrix.sh[2329241]:     "playlist.smart_date_format.date_created_leap_feb_30_equal": 6953,
Oct 02 03:13:55 server record_context_hot_cue_getter_status_matrix.sh[2329241]:     "playlist.smart_date_format.date_created_nonleap_feb_30_equal": 6954,
Oct 02 03:13:55 server record_context_hot_cue_getter_status_matrix.sh[2329241]:     "playlist.smart_date_format.date_created_nonleap_feb_31_equal": 6955,
Oct 02 03:13:55 server record_context_hot_cue_getter_status_matrix.sh[2329241]:     "playlist.smart_date_format.date_created_april_31_equal": 6956,
Oct 02 03:13:55 server record_context_hot_cue_getter_status_matrix.sh[2329241]:     "playlist.smart_date_format.date_created_month_zero_equal": 6957,
Oct 02 03:13:55 server record_context_hot_cue_getter_status_matrix.sh[2329241]:     "playlist.smart_date_format.date_created_month_13_equal": 6958,
Oct 02 03:13:55 server record_context_hot_cue_getter_status_matrix.sh[2329241]:     "playlist.smart_date_format.date_created_day_zero_equal": 6959,
Oct 02 03:13:55 server record_context_hot_cue_getter_status_matrix.sh[2329241]:     "playlist.smart_date_format.date_created_day_32_equal": 6960,
Oct 02 03:13:55 server record_context_hot_cue_getter_status_matrix.sh[2329241]:     "playlist.smart_date_format.date_created_month_99_equal": 6961,
Oct 02 03:13:55 server record_context_hot_cue_getter_status_matrix.sh[2329241]:     "playlist.smart_date_format.date_created_day_99_equal": 6962,
Oct 02 03:13:55 server record_context_hot_cue_getter_status_matrix.sh[2329241]:     "playlist.smart_date_format.date_created_single_digit_month_equal": 6963,
Oct 02 03:13:55 server record_context_hot_cue_getter_status_matrix.sh[2329241]:     "playlist.smart_date_format.date_created_single_digit_day_equal": 6964,
Oct 02 03:13:55 server record_context_hot_cue_getter_status_matrix.sh[2329241]:     "playlist.smart_date_format.date_created_five_digit_year_equal": 6965,
Oct 02 03:13:55 server record_context_hot_cue_getter_status_matrix.sh[2329241]:     "playlist.smart_date_format.date_created_timestamp_t_equal": 6966,
Oct 02 03:13:55 server record_context_hot_cue_getter_status_matrix.sh[2329241]:     "playlist.smart_date_format.date_created_timestamp_space_equal": 6967,
Oct 02 03:13:55 server record_context_hot_cue_getter_status_matrix.sh[2329241]:     "playlist.smart_date_format.date_created_leading_space_equal": 6968,
Oct 02 03:13:55 server record_context_hot_cue_getter_status_matrix.sh[2329241]:     "playlist.smart_date_format.date_created_trailing_space_equal": 6969,
Oct 02 03:13:55 server record_context_hot_cue_getter_status_matrix.sh[2329241]:     "playlist.smart_date_format.date_created_not_a_date_equal": 6970,
Oct 02 03:13:55 server record_context_hot_cue_getter_status_matrix.sh[2329241]:     "playlist.smart_date_format.date_created_ascii_letters_equal": 6971,
Oct 02 03:13:55 server record_context_hot_cue_getter_status_matrix.sh[2329241]:     "playlist.smart_date_format.date_created_zero_digits_equal": 6972,
Oct 02 03:13:55 server record_context_hot_cue_getter_status_matrix.sh[2329241]:     "playlist.smart_date_format.date_created_letter_in_year_equal": 6973,
Oct 02 03:13:55 server record_context_hot_cue_getter_status_matrix.sh[2329241]:     "playlist.smart_date_format.date_created_plus_year_equal": 6974,
Oct 02 03:13:55 server record_context_hot_cue_getter_status_matrix.sh[2329241]:     "playlist.smart_date_format.date_created_minus_year_equal": 6975,
Oct 02 03:13:55 server record_context_hot_cue_getter_status_matrix.sh[2329241]:     "playlist.smart_date_format.date_created_fullwidth_digits_equal": 6976,
Oct 02 03:13:55 server record_context_hot_cue_getter_status_matrix.sh[2329241]:     "playlist.smart_date_format.date_created_empty_equal": 6977,
Oct 02 03:13:55 server record_context_hot_cue_getter_status_matrix.sh[2329241]:     "playlist.smart_date_format.date_created_canonical_not_equal": 6978,
Oct 02 03:13:55 server record_context_hot_cue_getter_status_matrix.sh[2329241]:     "playlist.smart_date_format.date_released_canonical_jan_31_equal": 6979,
Oct 02 03:13:55 server record_context_hot_cue_getter_status_matrix.sh[2329241]:     "playlist.smart_date_format.date_released_canonical_leap_day_equal": 6980,
Oct 02 03:13:55 server record_context_hot_cue_getter_status_matrix.sh[2329241]:     "playlist.smart_date_format.date_released_canonical_epoch_equal": 6981,
Oct 02 03:13:55 server record_context_hot_cue_getter_status_matrix.sh[2329241]:     "playlist.smart_date_format.date_released_pre_epoch_equal": 6982,
Oct 02 03:13:55 server record_context_hot_cue_getter_status_matrix.sh[2329241]:     "playlist.smart_date_format.date_released_year_zero_equal": 6983,
Oct 02 03:13:55 server record_context_hot_cue_getter_status_matrix.sh[2329241]:     "playlist.smart_date_format.date_released_year_9999_equal": 6984,
Oct 02 03:13:55 server record_context_hot_cue_getter_status_matrix.sh[2329241]:     "playlist.smart_date_format.date_released_separator_slash_equal": 6985,
Oct 02 03:13:55 server record_context_hot_cue_getter_status_matrix.sh[2329241]:     "playlist.smart_date_format.date_released_separator_dot_equal": 6986,
Oct 02 03:13:55 server record_context_hot_cue_getter_status_matrix.sh[2329241]:     "playlist.smart_date_format.date_released_separator_space_equal": 6987,
Oct 02 03:13:55 server record_context_hot_cue_getter_status_matrix.sh[2329241]:     "playlist.smart_date_format.date_released_separator_letters_equal": 6988,
Oct 02 03:13:55 server record_context_hot_cue_getter_status_matrix.sh[2329241]:     "playlist.smart_date_format.date_released_separator_unicode_equal": 6989,
Oct 02 03:13:55 server record_context_hot_cue_getter_status_matrix.sh[2329241]:     "playlist.smart_date_format.date_released_separator_newline_equal": 6990,
Oct 02 03:13:55 server record_context_hot_cue_getter_status_matrix.sh[2329241]:     "playlist.smart_date_format.date_released_nonleap_feb_29_equal": 6991,
Oct 02 03:13:55 server record_context_hot_cue_getter_status_matrix.sh[2329241]:     "playlist.smart_date_format.date_released_leap_feb_30_equal": 6992,
Oct 02 03:13:55 server record_context_hot_cue_getter_status_matrix.sh[2329241]:     "playlist.smart_date_format.date_released_nonleap_feb_30_equal": 6993,
Oct 02 03:13:55 server record_context_hot_cue_getter_status_matrix.sh[2329241]:     "playlist.smart_date_format.date_released_nonleap_feb_31_equal": 6994,
Oct 02 03:13:55 server record_context_hot_cue_getter_status_matrix.sh[2329241]:     "playlist.smart_date_format.date_released_april_31_equal": 6995,
Oct 02 03:13:55 server record_context_hot_cue_getter_status_matrix.sh[2329241]:     "playlist.smart_date_format.date_released_month_zero_equal": 6996,
Oct 02 03:13:55 server record_context_hot_cue_getter_status_matrix.sh[2329241]:     "playlist.smart_date_format.date_released_month_13_equal": 6997,
Oct 02 03:13:55 server record_context_hot_cue_getter_status_matrix.sh[2329241]:     "playlist.smart_date_format.date_released_day_zero_equal": 6998,
Oct 02 03:13:55 server record_context_hot_cue_getter_status_matrix.sh[2329241]:     "playlist.smart_date_format.date_released_day_32_equal": 6999,
Oct 02 03:13:55 server record_context_hot_cue_getter_status_matrix.sh[2329241]:     "playlist.smart_date_format.date_released_month_99_equal": 7000,
Oct 02 03:13:55 server record_context_hot_cue_getter_status_matrix.sh[2329241]:     "playlist.smart_date_format.date_released_day_99_equal": 7001,
Oct 02 03:13:55 server record_context_hot_cue_getter_status_matrix.sh[2329241]:     "playlist.smart_date_format.date_released_single_digit_month_equal": 7002,
Oct 02 03:13:55 server record_context_hot_cue_getter_status_matrix.sh[2329241]:     "playlist.smart_date_format.date_released_single_digit_day_equal": 7003,
Oct 02 03:13:55 server record_context_hot_cue_getter_status_matrix.sh[2329241]:     "playlist.smart_date_format.date_released_five_digit_year_equal": 7004,
Oct 02 03:13:55 server record_context_hot_cue_getter_status_matrix.sh[2329241]:     "playlist.smart_date_format.date_released_timestamp_t_equal": 7005,
Oct 02 03:13:55 server record_context_hot_cue_getter_status_matrix.sh[2329241]:     "playlist.smart_date_format.date_released_timestamp_space_equal": 7006,
Oct 02 03:13:55 server record_context_hot_cue_getter_status_matrix.sh[2329241]:     "playlist.smart_date_format.date_released_leading_space_equal": 7007,
Oct 02 03:13:55 server record_context_hot_cue_getter_status_matrix.sh[2329241]:     "playlist.smart_date_format.date_released_trailing_space_equal": 7008,
Oct 02 03:13:55 server record_context_hot_cue_getter_status_matrix.sh[2329241]:     "playlist.smart_date_format.date_released_not_a_date_equal": 7009,
Oct 02 03:13:55 server record_context_hot_cue_getter_status_matrix.sh[2329241]:     "playlist.smart_date_format.date_released_ascii_letters_equal": 7010,
Oct 02 03:13:55 server record_context_hot_cue_getter_status_matrix.sh[2329241]:     "playlist.smart_date_format.date_released_zero_digits_equal": 7011,
Oct 02 03:13:55 server record_context_hot_cue_getter_status_matrix.sh[2329241]:     "playlist.smart_date_format.date_released_letter_in_year_equal": 7012,
Oct 02 03:13:55 server record_context_hot_cue_getter_status_matrix.sh[2329241]:     "playlist.smart_date_format.date_released_plus_year_equal": 7013,
Oct 02 03:13:55 server record_context_hot_cue_getter_status_matrix.sh[2329241]:     "playlist.smart_date_format.date_released_minus_year_equal": 7014,
Oct 02 03:13:55 server record_context_hot_cue_getter_status_matrix.sh[2329241]:     "playlist.smart_date_format.date_released_fullwidth_digits_equal": 7015,
Oct 02 03:13:55 server record_context_hot_cue_getter_status_matrix.sh[2329241]:     "playlist.smart_date_format.date_released_empty_equal": 7016,
Oct 02 03:13:55 server record_context_hot_cue_getter_status_matrix.sh[2329241]:     "playlist.smart_date_format.date_released_canonical_not_equal": 7017,
Oct 02 03:13:55 server record_context_hot_cue_getter_status_matrix.sh[2329241]:     "track.smart_text.alpha_upper": 12001,
Oct 02 03:13:55 server record_context_hot_cue_getter_status_matrix.sh[2329241]:     "track.smart_text.alpha_lower": 12002,
Oct 02 03:13:55 server record_context_hot_cue_getter_status_matrix.sh[2329241]:     "track.smart_text.alpha_acute_precomposed": 12003,
Oct 02 03:13:55 server record_context_hot_cue_getter_status_matrix.sh[2329241]:     "track.smart_text.alpha_acute_decomposed": 12004,
Oct 02 03:13:55 server record_context_hot_cue_getter_status_matrix.sh[2329241]:     "track.smart_text.alpha_diaeresis_upper": 12005,
Oct 02 03:13:55 server record_context_hot_cue_getter_status_matrix.sh[2329241]:     "track.smart_text.alpha_prefix": 12006,
Oct 02 03:13:55 server record_context_hot_cue_getter_status_matrix.sh[2329241]:     "track.smart_text.alpha_suffix": 12007,
Oct 02 03:13:55 server record_context_hot_cue_getter_status_matrix.sh[2329241]:     "track.smart_text.alpha_middle": 12008,
Oct 02 03:13:55 server record_context_hot_cue_getter_status_matrix.sh[2329241]:     "track.smart_text.alpha_spaced": 12009,
Oct 02 03:13:55 server record_context_hot_cue_getter_status_matrix.sh[2329241]:     "track.smart_text.empty": 12010,
Oct 02 03:13:55 server record_context_hot_cue_getter_status_matrix.sh[2329241]:     "track.smart_text.null": 12011,
Oct 02 03:13:55 server record_context_hot_cue_getter_status_matrix.sh[2329241]:     "track.smart_text.embedded_nul_suffix": 12012,
Oct 02 03:13:55 server record_context_hot_cue_getter_status_matrix.sh[2329241]:     "track.smart_text.embedded_nul_prefix": 12013,
Oct 02 03:13:55 server record_context_hot_cue_getter_status_matrix.sh[2329241]:     "track.smart_text.emoji_prefix": 12014,
Oct 02 03:13:55 server record_context_hot_cue_getter_status_matrix.sh[2329241]:     "track.smart_text.emoji_suffix": 12015,
Oct 02 03:13:55 server record_context_hot_cue_getter_status_matrix.sh[2329241]:     "track.smart_text.emoji_only": 12016,
Oct 02 03:13:55 server record_context_hot_cue_getter_status_matrix.sh[2329241]:     "track.smart_text.sharp_s": 12017,
Oct 02 03:13:55 server record_context_hot_cue_getter_status_matrix.sh[2329241]:     "track.smart_text.sharp_s_expanded": 12018,
Oct 02 03:13:55 server record_context_hot_cue_getter_status_matrix.sh[2329241]:     "track.smart_text.ligature": 12019,
Oct 02 03:13:55 server record_context_hot_cue_getter_status_matrix.sh[2329241]:     "track.smart_text.ligature_expanded": 12020,
Oct 02 03:13:55 server record_context_hot_cue_getter_status_matrix.sh[2329241]:     "track.smart_text.fullwidth": 12021,
Oct 02 03:13:55 server record_context_hot_cue_getter_status_matrix.sh[2329241]:     "track.smart_text.turkish_ascii": 12022,
Oct 02 03:13:55 server record_context_hot_cue_getter_status_matrix.sh[2329241]:     "track.smart_text.turkish_dotted": 12023,
Oct 02 03:13:55 server record_context_hot_cue_getter_status_matrix.sh[2329241]:     "track.smart_text.turkish_dotless": 12024,
Oct 02 03:13:55 server record_context_hot_cue_getter_status_matrix.sh[2329241]:     "track.smart_text.greek_upper": 12025,
Oct 02 03:13:55 server record_context_hot_cue_getter_status_matrix.sh[2329241]:     "track.smart_text.greek_sigma": 12026,
Oct 02 03:13:55 server record_context_hot_cue_getter_status_matrix.sh[2329241]:     "track.smart_text.greek_final_sigma": 12027,
Oct 02 03:13:55 server record_context_hot_cue_getter_status_matrix.sh[2329241]:     "track.smart_text.katakana": 12028,
Oct 02 03:13:55 server record_context_hot_cue_getter_status_matrix.sh[2329241]:     "track.smart_text.hiragana": 12029,
Oct 02 03:13:55 server record_context_hot_cue_getter_status_matrix.sh[2329241]:     "track.smart_text.combining_dot_acute": 12030,
Oct 02 03:13:55 server record_context_hot_cue_getter_status_matrix.sh[2329241]:     "track.smart_text.combining_acute_dot": 12031,
Oct 02 03:13:55 server record_context_hot_cue_getter_status_matrix.sh[2329241]:     "track.smart_text.punctuation_hyphen": 12032,
Oct 02 03:13:55 server record_context_hot_cue_getter_status_matrix.sh[2329241]:     "track.smart_text.punctuation_none": 12033,
Oct 02 03:13:55 server record_context_hot_cue_getter_status_matrix.sh[2329241]:     "track.smart_text.tab": 12034,
Oct 02 03:13:55 server record_context_hot_cue_getter_status_matrix.sh[2329241]:     "track.smart_text.newline": 12035,
Oct 02 03:13:55 server record_context_hot_cue_getter_status_matrix.sh[2329241]:     "track.smart_text.cyrillic_alpha": 12036,
Oct 02 03:13:55 server record_context_hot_cue_getter_status_matrix.sh[2329241]:     "track.smart_text.greek_alpha": 12037,
Oct 02 03:13:55 server record_context_hot_cue_getter_status_matrix.sh[2329241]:     "track.smart_text.trailing_combining": 12038,
Oct 02 03:13:55 server record_context_hot_cue_getter_status_matrix.sh[2329241]:     "track.smart_text.angstrom_sign": 12039,
Oct 02 03:13:55 server record_context_hot_cue_getter_status_matrix.sh[2329241]:     "track.smart_text.a_ring": 12040,
Oct 02 03:13:55 server record_context_hot_cue_getter_status_matrix.sh[2329241]:     "track.smart_text.ampersand": 12041,
Oct 02 03:13:55 server record_context_hot_cue_getter_status_matrix.sh[2329241]:     "track.smart_text.double_quote": 12042,
Oct 02 03:13:55 server record_context_hot_cue_getter_status_matrix.sh[2329241]:     "track.smart_text.apostrophe": 12043,
Oct 02 03:13:55 server record_context_hot_cue_getter_status_matrix.sh[2329241]:     "track.smart_string_property.alpha_upper": 13001,
Oct 02 03:13:55 server record_context_hot_cue_getter_status_matrix.sh[2329241]:     "track.smart_string_property.alpha_lower": 13002,
Oct 02 03:13:55 server record_context_hot_cue_getter_status_matrix.sh[2329241]:     "track.smart_string_property.alpha_acute_precomposed": 13003,
Oct 02 03:13:55 server record_context_hot_cue_getter_status_matrix.sh[2329241]:     "track.smart_string_property.alpha_acute_decomposed": 13004,
Oct 02 03:13:55 server record_context_hot_cue_getter_status_matrix.sh[2329241]:     "track.smart_string_property.fullwidth": 13005,
Oct 02 03:13:55 server record_context_hot_cue_getter_status_matrix.sh[2329241]:     "track.smart_string_property.alpha_prefix": 13006,
Oct 02 03:13:55 server record_context_hot_cue_getter_status_matrix.sh[2329241]:     "track.smart_string_property.alpha_suffix": 13007,
Oct 02 03:13:55 server record_context_hot_cue_getter_status_matrix.sh[2329241]:     "track.smart_string_property.beta": 13008,
Oct 02 03:13:55 server record_context_hot_cue_getter_status_matrix.sh[2329241]:     "track.smart_string_property.empty": 13009,
Oct 02 03:13:55 server record_context_hot_cue_getter_status_matrix.sh[2329241]:     "track.smart_string_property.null": 13010,
Oct 02 03:13:55 server record_context_hot_cue_getter_status_matrix.sh[2329241]:     "playlist.smart_string_property.artist_alpha_equal": 7201,
Oct 02 03:13:55 server record_context_hot_cue_getter_status_matrix.sh[2329241]:     "playlist.smart_string_property.artist_alpha_not_equal": 7202,
Oct 02 03:13:55 server record_context_hot_cue_getter_status_matrix.sh[2329241]:     "playlist.smart_string_property.artist_alpha_contains": 7203,
Oct 02 03:13:55 server record_context_hot_cue_getter_status_matrix.sh[2329241]:     "playlist.smart_string_property.artist_alpha_not_contains": 7204,
Oct 02 03:13:55 server record_context_hot_cue_getter_status_matrix.sh[2329241]:     "playlist.smart_string_property.artist_alpha_starts": 7205,
Oct 02 03:13:55 server record_context_hot_cue_getter_status_matrix.sh[2329241]:     "playlist.smart_string_property.artist_alpha_ends": 7206,
Oct 02 03:13:55 server record_context_hot_cue_getter_status_matrix.sh[2329241]:     "playlist.smart_string_property.artist_empty_equal": 7207,
Oct 02 03:13:55 server record_context_hot_cue_getter_status_matrix.sh[2329241]:     "playlist.smart_string_property.artist_empty_not_equal": 7208,
Oct 02 03:13:55 server record_context_hot_cue_getter_status_matrix.sh[2329241]:     "playlist.smart_string_property.album_alpha_equal": 7209,
Oct 02 03:13:55 server record_context_hot_cue_getter_status_matrix.sh[2329241]:     "playlist.smart_string_property.album_alpha_not_equal": 7210,
Oct 02 03:13:55 server record_context_hot_cue_getter_status_matrix.sh[2329241]:     "playlist.smart_string_property.album_alpha_contains": 7211,
Oct 02 03:13:55 server record_context_hot_cue_getter_status_matrix.sh[2329241]:     "playlist.smart_string_property.album_alpha_not_contains": 7212,
Oct 02 03:13:55 server record_context_hot_cue_getter_status_matrix.sh[2329241]:     "playlist.smart_string_property.album_alpha_starts": 7213,
Oct 02 03:13:55 server record_context_hot_cue_getter_status_matrix.sh[2329241]:     "playlist.smart_string_property.album_alpha_ends": 7214,
Oct 02 03:13:55 server record_context_hot_cue_getter_status_matrix.sh[2329241]:     "playlist.smart_string_property.album_empty_equal": 7215,
Oct 02 03:13:55 server record_context_hot_cue_getter_status_matrix.sh[2329241]:     "playlist.smart_string_property.album_empty_not_equal": 7216,
Oct 02 03:13:55 server record_context_hot_cue_getter_status_matrix.sh[2329241]:     "playlist.smart_string_property.album_artist_alpha_equal": 7217,
Oct 02 03:13:55 server record_context_hot_cue_getter_status_matrix.sh[2329241]:     "playlist.smart_string_property.album_artist_alpha_not_equal": 7218,
Oct 02 03:13:55 server record_context_hot_cue_getter_status_matrix.sh[2329241]:     "playlist.smart_string_property.album_artist_alpha_contains": 7219,
Oct 02 03:13:55 server record_context_hot_cue_getter_status_matrix.sh[2329241]:     "playlist.smart_string_property.album_artist_alpha_not_contains": 7220,
Oct 02 03:13:55 server record_context_hot_cue_getter_status_matrix.sh[2329241]:     "playlist.smart_string_property.album_artist_alpha_starts": 7221,
Oct 02 03:13:55 server record_context_hot_cue_getter_status_matrix.sh[2329241]:     "playlist.smart_string_property.album_artist_alpha_ends": 7222,
Oct 02 03:13:55 server record_context_hot_cue_getter_status_matrix.sh[2329241]:     "playlist.smart_string_property.album_artist_empty_equal": 7223,
Oct 02 03:13:55 server record_context_hot_cue_getter_status_matrix.sh[2329241]:     "playlist.smart_string_property.album_artist_empty_not_equal": 7224,
Oct 02 03:13:55 server record_context_hot_cue_getter_status_matrix.sh[2329241]:     "playlist.smart_string_property.original_artist_alpha_equal": 7225,
Oct 02 03:13:55 server record_context_hot_cue_getter_status_matrix.sh[2329241]:     "playlist.smart_string_property.original_artist_alpha_not_equal": 7226,
Oct 02 03:13:55 server record_context_hot_cue_getter_status_matrix.sh[2329241]:     "playlist.smart_string_property.original_artist_alpha_contains": 7227,
Oct 02 03:13:55 server record_context_hot_cue_getter_status_matrix.sh[2329241]:     "playlist.smart_string_property.original_artist_alpha_not_contains": 7228,
Oct 02 03:13:55 server record_context_hot_cue_getter_status_matrix.sh[2329241]:     "playlist.smart_string_property.original_artist_alpha_starts": 7229,
Oct 02 03:13:55 server record_context_hot_cue_getter_status_matrix.sh[2329241]:     "playlist.smart_string_property.original_artist_alpha_ends": 7230,
Oct 02 03:13:55 server record_context_hot_cue_getter_status_matrix.sh[2329241]:     "playlist.smart_string_property.original_artist_empty_equal": 7231,
Oct 02 03:13:55 server record_context_hot_cue_getter_status_matrix.sh[2329241]:     "playlist.smart_string_property.original_artist_empty_not_equal": 7232,
Oct 02 03:13:55 server record_context_hot_cue_getter_status_matrix.sh[2329241]:     "playlist.smart_string_property.producer_alpha_equal": 7233,
Oct 02 03:13:55 server record_context_hot_cue_getter_status_matrix.sh[2329241]:     "playlist.smart_string_property.producer_alpha_not_equal": 7234,
Oct 02 03:13:55 server record_context_hot_cue_getter_status_matrix.sh[2329241]:     "playlist.smart_string_property.producer_alpha_contains": 7235,
Oct 02 03:13:55 server record_context_hot_cue_getter_status_matrix.sh[2329241]:     "playlist.smart_string_property.producer_alpha_not_contains": 7236,
Oct 02 03:13:55 server record_context_hot_cue_getter_status_matrix.sh[2329241]:     "playlist.smart_string_property.producer_alpha_starts": 7237,
Oct 02 03:13:55 server record_context_hot_cue_getter_status_matrix.sh[2329241]:     "playlist.smart_string_property.producer_alpha_ends": 7238,
Oct 02 03:13:55 server record_context_hot_cue_getter_status_matrix.sh[2329241]:     "playlist.smart_string_property.producer_empty_equal": 7239,
Oct 02 03:13:55 server record_context_hot_cue_getter_status_matrix.sh[2329241]:     "playlist.smart_string_property.producer_empty_not_equal": 7240,
Oct 02 03:13:55 server record_context_hot_cue_getter_status_matrix.sh[2329241]:     "playlist.smart_string_property.genre_alpha_equal": 7241,
Oct 02 03:13:55 server record_context_hot_cue_getter_status_matrix.sh[2329241]:     "playlist.smart_string_property.genre_alpha_not_equal": 7242,
Oct 02 03:13:55 server record_context_hot_cue_getter_status_matrix.sh[2329241]:     "playlist.smart_string_property.genre_alpha_contains": 7243,
Oct 02 03:13:55 server record_context_hot_cue_getter_status_matrix.sh[2329241]:     "playlist.smart_string_property.genre_alpha_not_contains": 7244,
Oct 02 03:13:55 server record_context_hot_cue_getter_status_matrix.sh[2329241]:     "playlist.smart_string_property.genre_alpha_starts": 7245,
Oct 02 03:13:55 server record_context_hot_cue_getter_status_matrix.sh[2329241]:     "playlist.smart_string_property.genre_alpha_ends": 7246,
Oct 02 03:13:55 server record_context_hot_cue_getter_status_matrix.sh[2329241]:     "playlist.smart_string_property.genre_empty_equal": 7247,
Oct 02 03:13:55 server record_context_hot_cue_getter_status_matrix.sh[2329241]:     "playlist.smart_string_property.genre_empty_not_equal": 7248,
Oct 02 03:13:55 server record_context_hot_cue_getter_status_matrix.sh[2329241]:     "playlist.smart_string_property.key_alpha_equal": 7249,
Oct 02 03:13:55 server record_context_hot_cue_getter_status_matrix.sh[2329241]:     "playlist.smart_string_property.key_alpha_not_equal": 7250,
Oct 02 03:13:55 server record_context_hot_cue_getter_status_matrix.sh[2329241]:     "playlist.smart_string_property.key_alpha_contains": 7251,
Oct 02 03:13:55 server record_context_hot_cue_getter_status_matrix.sh[2329241]:     "playlist.smart_string_property.key_alpha_not_contains": 7252,
Oct 02 03:13:55 server record_context_hot_cue_getter_status_matrix.sh[2329241]:     "playlist.smart_string_property.key_alpha_starts": 7253,
Oct 02 03:13:55 server record_context_hot_cue_getter_status_matrix.sh[2329241]:     "playlist.smart_string_property.key_alpha_ends": 7254,
Oct 02 03:13:55 server record_context_hot_cue_getter_status_matrix.sh[2329241]:     "playlist.smart_string_property.key_empty_equal": 7255,
Oct 02 03:13:55 server record_context_hot_cue_getter_status_matrix.sh[2329241]:     "playlist.smart_string_property.key_empty_not_equal": 7256,
Oct 02 03:13:55 server record_context_hot_cue_getter_status_matrix.sh[2329241]:     "playlist.smart_string_property.label_alpha_equal": 7257,
Oct 02 03:13:55 server record_context_hot_cue_getter_status_matrix.sh[2329241]:     "playlist.smart_string_property.label_alpha_not_equal": 7258,
Oct 02 03:13:55 server record_context_hot_cue_getter_status_matrix.sh[2329241]:     "playlist.smart_string_property.label_alpha_contains": 7259,
Oct 02 03:13:55 server record_context_hot_cue_getter_status_matrix.sh[2329241]:     "playlist.smart_string_property.label_alpha_not_contains": 7260,
Oct 02 03:13:55 server record_context_hot_cue_getter_status_matrix.sh[2329241]:     "playlist.smart_string_property.label_alpha_starts": 7261,
Oct 02 03:13:55 server record_context_hot_cue_getter_status_matrix.sh[2329241]:     "playlist.smart_string_property.label_alpha_ends": 7262,
Oct 02 03:13:55 server record_context_hot_cue_getter_status_matrix.sh[2329241]:     "playlist.smart_string_property.label_empty_equal": 7263,
Oct 02 03:13:55 server record_context_hot_cue_getter_status_matrix.sh[2329241]:     "playlist.smart_string_property.label_empty_not_equal": 7264,
Oct 02 03:13:55 server record_context_hot_cue_getter_status_matrix.sh[2329241]:     "playlist.smart_string_property.remixed_by_alpha_equal": 7265,
Oct 02 03:13:55 server record_context_hot_cue_getter_status_matrix.sh[2329241]:     "playlist.smart_string_property.remixed_by_alpha_not_equal": 7266,
Oct 02 03:13:55 server record_context_hot_cue_getter_status_matrix.sh[2329241]:     "playlist.smart_string_property.remixed_by_alpha_contains": 7267,
Oct 02 03:13:55 server record_context_hot_cue_getter_status_matrix.sh[2329241]:     "playlist.smart_string_property.remixed_by_alpha_not_contains": 7268,
Oct 02 03:13:55 server record_context_hot_cue_getter_status_matrix.sh[2329241]:     "playlist.smart_string_property.remixed_by_alpha_starts": 7269,
Oct 02 03:13:55 server record_context_hot_cue_getter_status_matrix.sh[2329241]:     "playlist.smart_string_property.remixed_by_alpha_ends": 7270,
Oct 02 03:13:55 server record_context_hot_cue_getter_status_matrix.sh[2329241]:     "playlist.smart_string_property.remixed_by_empty_equal": 7271,
Oct 02 03:13:55 server record_context_hot_cue_getter_status_matrix.sh[2329241]:     "playlist.smart_string_property.remixed_by_empty_not_equal": 7272,
Oct 02 03:13:55 server record_context_hot_cue_getter_status_matrix.sh[2329241]:     "playlist.smart_string_property.comments_alpha_equal": 7273,
Oct 02 03:13:55 server record_context_hot_cue_getter_status_matrix.sh[2329241]:     "playlist.smart_string_property.comments_alpha_not_equal": 7274,
Oct 02 03:13:55 server record_context_hot_cue_getter_status_matrix.sh[2329241]:     "playlist.smart_string_property.comments_alpha_contains": 7275,
Oct 02 03:13:55 server record_context_hot_cue_getter_status_matrix.sh[2329241]:     "playlist.smart_string_property.comments_alpha_not_contains": 7276,
Oct 02 03:13:55 server record_context_hot_cue_getter_status_matrix.sh[2329241]:     "playlist.smart_string_property.comments_alpha_starts": 7277,
Oct 02 03:13:55 server record_context_hot_cue_getter_status_matrix.sh[2329241]:     "playlist.smart_string_property.comments_alpha_ends": 7278,
Oct 02 03:13:55 server record_context_hot_cue_getter_status_matrix.sh[2329241]:     "playlist.smart_string_property.comments_empty_equal": 7279,
Oct 02 03:13:55 server record_context_hot_cue_getter_status_matrix.sh[2329241]:     "playlist.smart_string_property.comments_empty_not_equal": 7280,
Oct 02 03:13:55 server record_context_hot_cue_getter_status_matrix.sh[2329241]:     "playlist.smart_string_property.file_name_alpha_equal": 7281,
Oct 02 03:13:55 server record_context_hot_cue_getter_status_matrix.sh[2329241]:     "playlist.smart_string_property.file_name_alpha_not_equal": 7282,
Oct 02 03:13:55 server record_context_hot_cue_getter_status_matrix.sh[2329241]:     "playlist.smart_string_property.file_name_alpha_contains": 7283,
Oct 02 03:13:55 server record_context_hot_cue_getter_status_matrix.sh[2329241]:     "playlist.smart_string_property.file_name_alpha_not_contains": 7284,
Oct 02 03:13:55 server record_context_hot_cue_getter_status_matrix.sh[2329241]:     "playlist.smart_string_property.file_name_alpha_starts": 7285,
Oct 02 03:13:55 server record_context_hot_cue_getter_status_matrix.sh[2329241]:     "playlist.smart_string_property.file_name_alpha_ends": 7286,
Oct 02 03:13:55 server record_context_hot_cue_getter_status_matrix.sh[2329241]:     "playlist.smart_string_property.file_name_empty_equal": 7287,
Oct 02 03:13:55 server record_context_hot_cue_getter_status_matrix.sh[2329241]:     "playlist.smart_string_property.file_name_empty_not_equal": 7288,
Oct 02 03:13:55 server record_context_hot_cue_getter_status_matrix.sh[2329241]:     "playlist.smart_string_property.mix_name_alpha_equal": 7289,
Oct 02 03:13:55 server record_context_hot_cue_getter_status_matrix.sh[2329241]:     "playlist.smart_string_property.mix_name_alpha_not_equal": 7290,
Oct 02 03:13:55 server record_context_hot_cue_getter_status_matrix.sh[2329241]:     "playlist.smart_string_property.mix_name_alpha_contains": 7291,
Oct 02 03:13:55 server record_context_hot_cue_getter_status_matrix.sh[2329241]:     "playlist.smart_string_property.mix_name_alpha_not_contains": 7292,
Oct 02 03:13:55 server record_context_hot_cue_getter_status_matrix.sh[2329241]:     "playlist.smart_string_property.mix_name_alpha_starts": 7293,
Oct 02 03:13:55 server record_context_hot_cue_getter_status_matrix.sh[2329241]:     "playlist.smart_string_property.mix_name_alpha_ends": 7294,
Oct 02 03:13:55 server record_context_hot_cue_getter_status_matrix.sh[2329241]:     "playlist.smart_string_property.mix_name_empty_equal": 7295,
Oct 02 03:13:55 server record_context_hot_cue_getter_status_matrix.sh[2329241]:     "playlist.smart_string_property.mix_name_empty_not_equal": 7296,
Oct 02 03:13:55 server record_context_hot_cue_getter_status_matrix.sh[2329241]:     "playlist.smart_string_property.name_alpha_equal": 7297,
Oct 02 03:13:55 server record_context_hot_cue_getter_status_matrix.sh[2329241]:     "playlist.smart_string_property.name_alpha_not_equal": 7298,
Oct 02 03:13:55 server record_context_hot_cue_getter_status_matrix.sh[2329241]:     "playlist.smart_string_property.name_alpha_contains": 7299,
Oct 02 03:13:55 server record_context_hot_cue_getter_status_matrix.sh[2329241]:     "playlist.smart_string_property.name_alpha_not_contains": 7300,
Oct 02 03:13:55 server record_context_hot_cue_getter_status_matrix.sh[2329241]:     "playlist.smart_string_property.name_alpha_starts": 7301,
Oct 02 03:13:55 server record_context_hot_cue_getter_status_matrix.sh[2329241]:     "playlist.smart_string_property.name_alpha_ends": 7302,
Oct 02 03:13:55 server record_context_hot_cue_getter_status_matrix.sh[2329241]:     "playlist.smart_string_property.name_empty_equal": 7303,
Oct 02 03:13:55 server record_context_hot_cue_getter_status_matrix.sh[2329241]:     "playlist.smart_string_property.name_empty_not_equal": 7304,
Oct 02 03:13:55 server record_context_hot_cue_getter_status_matrix.sh[2329241]:     "track.smart_mytag.tag_one": 19001,
Oct 02 03:13:55 server record_context_hot_cue_getter_status_matrix.sh[2329241]:     "track.smart_mytag.tag_int32_max": 19002,
Oct 02 03:13:55 server record_context_hot_cue_getter_status_matrix.sh[2329241]:     "track.smart_mytag.tag_high_bit": 19003,
Oct 02 03:13:55 server record_context_hot_cue_getter_status_matrix.sh[2329241]:     "track.smart_mytag.tag_uint32_max": 19004,
Oct 02 03:13:55 server record_context_hot_cue_getter_status_matrix.sh[2329241]:     "track.smart_mytag.tag_zero": 19005,
Oct 02 03:13:55 server record_context_hot_cue_getter_status_matrix.sh[2329241]:     "track.smart_mytag.tag_one_high_bit": 19006,
Oct 02 03:13:55 server record_context_hot_cue_getter_status_matrix.sh[2329241]:     "track.smart_mytag.tag_high_bit_uint32_max": 19007,
Oct 02 03:13:55 server record_context_hot_cue_getter_status_matrix.sh[2329241]:     "track.smart_mytag.untagged": 19008,
Oct 02 03:13:55 server record_context_hot_cue_getter_status_matrix.sh[2329241]:     "playlist.smart_mytag.operator_01": 7401,
Oct 02 03:13:55 server record_context_hot_cue_getter_status_matrix.sh[2329241]:     "playlist.smart_mytag.operator_02": 7402,
Oct 02 03:13:55 server record_context_hot_cue_getter_status_matrix.sh[2329241]:     "playlist.smart_mytag.operator_03": 7403,
Oct 02 03:13:55 server record_context_hot_cue_getter_status_matrix.sh[2329241]:     "playlist.smart_mytag.operator_04": 7404,
Oct 02 03:13:55 server record_context_hot_cue_getter_status_matrix.sh[2329241]:     "playlist.smart_mytag.operator_05": 7405,
Oct 02 03:13:55 server record_context_hot_cue_getter_status_matrix.sh[2329241]:     "playlist.smart_mytag.operator_06": 7406,
Oct 02 03:13:55 server record_context_hot_cue_getter_status_matrix.sh[2329241]:     "playlist.smart_mytag.operator_07": 7407,
Oct 02 03:13:55 server record_context_hot_cue_getter_status_matrix.sh[2329241]:     "playlist.smart_mytag.operator_08": 7408,
Oct 02 03:13:55 server record_context_hot_cue_getter_status_matrix.sh[2329241]:     "playlist.smart_mytag.operator_09": 7409,
Oct 02 03:13:55 server record_context_hot_cue_getter_status_matrix.sh[2329241]:     "playlist.smart_mytag.operator_10": 7410,
Oct 02 03:13:55 server record_context_hot_cue_getter_status_matrix.sh[2329241]:     "playlist.smart_mytag.operator_11": 7411,
Oct 02 03:13:55 server record_context_hot_cue_getter_status_matrix.sh[2329241]:     "playlist.smart_mytag.zero_operator_08": 7412,
Oct 02 03:13:55 server record_context_hot_cue_getter_status_matrix.sh[2329241]:     "playlist.smart_mytag.zero_operator_09": 7413,
Oct 02 03:13:55 server record_context_hot_cue_getter_status_matrix.sh[2329241]:     "playlist.smart_mytag.int32_max_operator_08": 7414,
Oct 02 03:13:55 server record_context_hot_cue_getter_status_matrix.sh[2329241]:     "playlist.smart_mytag.int32_max_operator_09": 7415,
Oct 02 03:13:55 server record_context_hot_cue_getter_status_matrix.sh[2329241]:     "playlist.smart_mytag.high_bit_raw_operator_08": 7416,
Oct 02 03:13:55 server record_context_hot_cue_getter_status_matrix.sh[2329241]:     "playlist.smart_mytag.high_bit_raw_operator_09": 7417,
Oct 02 03:13:55 server record_context_hot_cue_getter_status_matrix.sh[2329241]:     "playlist.smart_mytag.uint32_max_operator_08": 7418,
Oct 02 03:13:55 server record_context_hot_cue_getter_status_matrix.sh[2329241]:     "playlist.smart_mytag.uint32_max_operator_09": 7419,
Oct 02 03:13:55 server record_context_hot_cue_getter_status_matrix.sh[2329241]:     "playlist.smart_mytag.minus_one_operator_08": 7420,
Oct 02 03:13:55 server record_context_hot_cue_getter_status_matrix.sh[2329241]:     "playlist.smart_mytag.minus_one_operator_09": 7421,
Oct 02 03:13:55 server record_context_hot_cue_getter_status_matrix.sh[2329241]:     "playlist.smart_mytag.int32_min_operator_08": 7422,
Oct 02 03:13:55 server record_context_hot_cue_getter_status_matrix.sh[2329241]:     "playlist.smart_mytag.int32_min_operator_09": 7423,
Oct 02 03:13:55 server record_context_hot_cue_getter_status_matrix.sh[2329241]:     "playlist.smart_mytag.uint32_overflow_operator_08": 7424,
Oct 02 03:13:55 server record_context_hot_cue_getter_status_matrix.sh[2329241]:     "playlist.smart_mytag.uint32_overflow_operator_09": 7425,
Oct 02 03:13:55 server record_context_hot_cue_getter_status_matrix.sh[2329241]:     "playlist.smart_mytag.negative_overflow_operator_08": 7426,
Oct 02 03:13:55 server record_context_hot_cue_getter_status_matrix.sh[2329241]:     "playlist.smart_mytag.negative_overflow_operator_09": 7427,
Oct 02 03:13:55 server record_context_hot_cue_getter_status_matrix.sh[2329241]:     "playlist.smart_mytag.blank_operator_08": 7428,
Oct 02 03:13:55 server record_context_hot_cue_getter_status_matrix.sh[2329241]:     "playlist.smart_mytag.blank_operator_09": 7429,
Oct 02 03:13:55 server record_context_hot_cue_getter_status_matrix.sh[2329241]:     "playlist.smart_mytag.invalid_operator_08": 7430,
Oct 02 03:13:55 server record_context_hot_cue_getter_status_matrix.sh[2329241]:     "playlist.smart_mytag.invalid_operator_09": 7431,
Oct 02 03:13:55 server record_context_hot_cue_getter_status_matrix.sh[2329241]:     "playlist.smart_mytag.leading_zero_one_operator_08": 7432,
Oct 02 03:13:55 server record_context_hot_cue_getter_status_matrix.sh[2329241]:     "playlist.smart_mytag.leading_zero_one_operator_09": 7433,
Oct 02 03:13:55 server record_context_hot_cue_getter_status_matrix.sh[2329241]:     "playlist.smart_mytag.plus_one_operator_08": 7434,
Oct 02 03:13:55 server record_context_hot_cue_getter_status_matrix.sh[2329241]:     "playlist.smart_mytag.plus_one_operator_09": 7435,
Oct 02 03:13:55 server record_context_hot_cue_getter_status_matrix.sh[2329241]:     "playlist.smart_mytag.spaced_one_operator_08": 7436,
Oct 02 03:13:55 server record_context_hot_cue_getter_status_matrix.sh[2329241]:     "playlist.smart_mytag.spaced_one_operator_09": 7437,
Oct 02 03:13:55 server record_context_hot_cue_getter_status_matrix.sh[2329241]:     "playlist.smart_mytag.hex_one_operator_08": 7438,
Oct 02 03:13:55 server record_context_hot_cue_getter_status_matrix.sh[2329241]:     "playlist.smart_mytag.hex_one_operator_09": 7439,
Oct 02 03:13:55 server record_context_hot_cue_getter_status_matrix.sh[2329241]:     "playlist.smart_mytag.comma_pair_operator_08": 7440,
Oct 02 03:13:55 server record_context_hot_cue_getter_status_matrix.sh[2329241]:     "playlist.smart_mytag.comma_pair_operator_09": 7441,
Oct 02 03:13:55 server record_context_hot_cue_getter_status_matrix.sh[2329241]:     "playlist.smart_mytag.value_right_ignored": 7442,
Oct 02 03:13:55 server record_context_hot_cue_getter_status_matrix.sh[2329241]:     "playlist.smart_mytag.value_unit_ignored": 7443,
Oct 02 03:13:55 server record_context_hot_cue_getter_status_matrix.sh[2329241]:     "playlist.smart_mytag.all_contains_one_high_bit": 7444,
Oct 02 03:13:55 server record_context_hot_cue_getter_status_matrix.sh[2329241]:     "playlist.smart_mytag.any_contains_one_high_bit": 7445,
Oct 02 03:13:55 server record_context_hot_cue_getter_status_matrix.sh[2329241]:     "playlist.smart_mytag.all_not_contains_one_high_bit": 7446,
Oct 02 03:13:55 server record_context_hot_cue_getter_status_matrix.sh[2329241]:     "playlist.smart_mytag.any_not_contains_one_high_bit": 7447,
Oct 02 03:13:55 server record_context_hot_cue_getter_status_matrix.sh[2329241]:     "playlist.smart_mytag.all_contains_one_not_high_bit": 7448,
Oct 02 03:13:55 server record_context_hot_cue_getter_status_matrix.sh[2329241]:     "playlist.smart_mytag.any_contains_one_not_high_bit": 7449,
Oct 02 03:13:55 server record_context_hot_cue_getter_status_matrix.sh[2329241]:     "playlist.smart_xml.canonical_house": 7501,
Oct 02 03:13:55 server record_context_hot_cue_getter_status_matrix.sh[2329241]:     "playlist.smart_xml.lowercase_elements": 7502,
Oct 02 03:13:55 server record_context_hot_cue_getter_status_matrix.sh[2329241]:     "playlist.smart_xml.mixedcase_elements": 7503,
Oct 02 03:13:55 server record_context_hot_cue_getter_status_matrix.sh[2329241]:     "playlist.smart_xml.xml_declaration": 7504,
Oct 02 03:13:55 server record_context_hot_cue_getter_status_matrix.sh[2329241]:     "playlist.smart_xml.xml_declaration_encoding": 7505,
Oct 02 03:13:55 server record_context_hot_cue_getter_status_matrix.sh[2329241]:     "playlist.smart_xml.leading_bom": 7506,
Oct 02 03:13:55 server record_context_hot_cue_getter_status_matrix.sh[2329241]:     "playlist.smart_xml.leading_comment": 7507,
Oct 02 03:13:55 server record_context_hot_cue_getter_status_matrix.sh[2329241]:     "playlist.smart_xml.leading_processing_instruction": 7508,
Oct 02 03:13:55 server record_context_hot_cue_getter_status_matrix.sh[2329241]:     "playlist.smart_xml.trailing_comment": 7509,
Oct 02 03:13:55 server record_context_hot_cue_getter_status_matrix.sh[2329241]:     "playlist.smart_xml.surrounding_whitespace": 7510,
Oct 02 03:13:55 server record_context_hot_cue_getter_status_matrix.sh[2329241]:     "playlist.smart_xml.reordered_attributes": 7511,
Oct 02 03:13:55 server record_context_hot_cue_getter_status_matrix.sh[2329241]:     "playlist.smart_xml.single_quoted_attributes": 7512,
Oct 02 03:13:55 server record_context_hot_cue_getter_status_matrix.sh[2329241]:     "playlist.smart_xml.decimal_character_reference": 7513,
Oct 02 03:13:55 server record_context_hot_cue_getter_status_matrix.sh[2329241]:     "playlist.smart_xml.hex_character_reference": 7514,
Oct 02 03:13:55 server record_context_hot_cue_getter_status_matrix.sh[2329241]:     "playlist.smart_xml.empty_string": 7515,
Oct 02 03:13:55 server record_context_hot_cue_getter_status_matrix.sh[2329241]:     "playlist.smart_xml.whitespace_only": 7516,
Oct 02 03:13:55 server record_context_hot_cue_getter_status_matrix.sh[2329241]:     "playlist.smart_xml.text_only": 7517,
Oct 02 03:13:55 server record_context_hot_cue_getter_status_matrix.sh[2329241]:     "playlist.smart_xml.malformed_open": 7518,
Oct 02 03:13:55 server record_context_hot_cue_getter_status_matrix.sh[2329241]:     "playlist.smart_xml.unclosed_root": 7519,
Oct 02 03:13:55 server record_context_hot_cue_getter_status_matrix.sh[2329241]:     "playlist.smart_xml.mismatched_close": 7520,
Oct 02 03:13:55 server record_context_hot_cue_getter_status_matrix.sh[2329241]:     "playlist.smart_xml.unclosed_condition": 7521,
Oct 02 03:13:55 server record_context_hot_cue_getter_status_matrix.sh[2329241]:     "playlist.smart_xml.missing_attribute_quote": 7522,
Oct 02 03:13:55 server record_context_hot_cue_getter_status_matrix.sh[2329241]:     "playlist.smart_xml.unescaped_ampersand": 7523,
Oct 02 03:13:55 server record_context_hot_cue_getter_status_matrix.sh[2329241]:     "playlist.smart_xml.unknown_entity": 7524,
Oct 02 03:13:55 server record_context_hot_cue_getter_status_matrix.sh[2329241]:     "playlist.smart_xml.invalid_numeric_entity": 7525,
Oct 02 03:13:55 server record_context_hot_cue_getter_status_matrix.sh[2329241]:     "playlist.smart_xml.wrapper_root": 7526,
Oct 02 03:13:55 server record_context_hot_cue_getter_status_matrix.sh[2329241]:     "playlist.smart_xml.namespaced_root": 7527,
Oct 02 03:13:55 server record_context_hot_cue_getter_status_matrix.sh[2329241]:     "playlist.smart_xml.condition_as_root": 7528,
Oct 02 03:13:55 server record_context_hot_cue_getter_status_matrix.sh[2329241]:     "playlist.smart_xml.self_closing_node": 7529,
Oct 02 03:13:55 server record_context_hot_cue_getter_status_matrix.sh[2329241]:     "playlist.smart_xml.text_child_only": 7530,
Oct 02 03:13:55 server record_context_hot_cue_getter_status_matrix.sh[2329241]:     "playlist.smart_xml.comment_child_only": 7531,
Oct 02 03:13:55 server record_context_hot_cue_getter_status_matrix.sh[2329241]:     "playlist.smart_xml.cdata_child_only": 7532,
Oct 02 03:13:55 server record_context_hot_cue_getter_status_matrix.sh[2329241]:     "playlist.smart_xml.unknown_child": 7533,
Oct 02 03:13:55 server record_context_hot_cue_getter_status_matrix.sh[2329241]:     "playlist.smart_xml.unknown_wrapper_condition": 7534,
Oct 02 03:13:55 server record_context_hot_cue_getter_status_matrix.sh[2329241]:     "playlist.smart_xml.nested_node_only": 7535,
Oct 02 03:13:55 server record_context_hot_cue_getter_status_matrix.sh[2329241]:     "playlist.smart_xml.nested_then_direct_house": 7536,
Oct 02 03:13:55 server record_context_hot_cue_getter_status_matrix.sh[2329241]:     "playlist.smart_xml.direct_house_then_nested_techno": 7537,
Oct 02 03:13:55 server record_context_hot_cue_getter_status_matrix.sh[2329241]:     "playlist.smart_xml.two_direct_all": 7538,
Oct 02 03:13:55 server record_context_hot_cue_getter_status_matrix.sh[2329241]:     "playlist.smart_xml.two_direct_any": 7539,
Oct 02 03:13:55 server record_context_hot_cue_getter_status_matrix.sh[2329241]:     "playlist.smart_xml.condition_before_node": 7540,
Oct 02 03:13:55 server record_context_hot_cue_getter_status_matrix.sh[2329241]:     "playlist.smart_xml.two_roots_house_then_techno": 7541,
Oct 02 03:13:55 server record_context_hot_cue_getter_status_matrix.sh[2329241]:     "playlist.smart_xml.valid_root_trailing_text": 7542,
Oct 02 03:13:55 server record_context_hot_cue_getter_status_matrix.sh[2329241]:     "playlist.smart_xml.leading_text_valid_root": 7543,
Oct 02 03:13:55 server record_context_hot_cue_getter_status_matrix.sh[2329241]:     "playlist.smart_xml.missing_logical_operator": 7544,
Oct 02 03:13:55 server record_context_hot_cue_getter_status_matrix.sh[2329241]:     "playlist.smart_xml.blank_logical_operator": 7545,
Oct 02 03:13:55 server record_context_hot_cue_getter_status_matrix.sh[2329241]:     "playlist.smart_xml.invalid_logical_operator": 7546,
Oct 02 03:13:55 server record_context_hot_cue_getter_status_matrix.sh[2329241]:     "playlist.smart_xml.plus_two_logical_operator": 7547,
Oct 02 03:13:55 server record_context_hot_cue_getter_status_matrix.sh[2329241]:     "playlist.smart_xml.spaced_two_logical_operator": 7548,
Oct 02 03:13:55 server record_context_hot_cue_getter_status_matrix.sh[2329241]:     "playlist.smart_xml.duplicate_logical_one_then_two": 7549,
Oct 02 03:13:55 server record_context_hot_cue_getter_status_matrix.sh[2329241]:     "playlist.smart_xml.duplicate_logical_two_then_one": 7550,
Oct 02 03:13:55 server record_context_hot_cue_getter_status_matrix.sh[2329241]:     "playlist.smart_xml.lowercase_root_attributes": 7551,
Oct 02 03:13:55 server record_context_hot_cue_getter_status_matrix.sh[2329241]:     "playlist.smart_xml.uppercase_root_attributes": 7552,
Oct 02 03:13:55 server record_context_hot_cue_getter_status_matrix.sh[2329241]:     "playlist.smart_xml.missing_property": 7553,
Oct 02 03:13:55 server record_context_hot_cue_getter_status_matrix.sh[2329241]:     "playlist.smart_xml.blank_property": 7554,
Oct 02 03:13:55 server record_context_hot_cue_getter_status_matrix.sh[2329241]:     "playlist.smart_xml.whitespace_property": 7555,
Oct 02 03:13:55 server record_context_hot_cue_getter_status_matrix.sh[2329241]:     "playlist.smart_xml.uppercase_property_value": 7556,
Oct 02 03:13:55 server record_context_hot_cue_getter_status_matrix.sh[2329241]:     "playlist.smart_xml.property_leading_space": 7557,
Oct 02 03:13:55 server record_context_hot_cue_getter_status_matrix.sh[2329241]:     "playlist.smart_xml.missing_operator": 7558,
Oct 02 03:13:55 server record_context_hot_cue_getter_status_matrix.sh[2329241]:     "playlist.smart_xml.blank_operator": 7559,
Oct 02 03:13:55 server record_context_hot_cue_getter_status_matrix.sh[2329241]:     "playlist.smart_xml.invalid_operator_text": 7560,
Oct 02 03:13:55 server record_context_hot_cue_getter_status_matrix.sh[2329241]:     "playlist.smart_xml.plus_one_operator": 7561,
Oct 02 03:13:55 server record_context_hot_cue_getter_status_matrix.sh[2329241]:     "playlist.smart_xml.spaced_one_operator": 7562,
Oct 02 03:13:55 server record_context_hot_cue_getter_status_matrix.sh[2329241]:     "playlist.smart_xml.leading_zero_operator": 7563,
Oct 02 03:13:55 server record_context_hot_cue_getter_status_matrix.sh[2329241]:     "playlist.smart_xml.duplicate_operator_one_then_two": 7564,
Oct 02 03:13:55 server record_context_hot_cue_getter_status_matrix.sh[2329241]:     "playlist.smart_xml.duplicate_operator_two_then_one": 7565,
Oct 02 03:13:55 server record_context_hot_cue_getter_status_matrix.sh[2329241]:     "playlist.smart_xml.missing_value_left": 7566,
Oct 02 03:13:55 server record_context_hot_cue_getter_status_matrix.sh[2329241]:     "playlist.smart_xml.duplicate_value_house_then_techno": 7567,
Oct 02 03:13:55 server record_context_hot_cue_getter_status_matrix.sh[2329241]:     "playlist.smart_xml.duplicate_value_techno_then_house": 7568,
Oct 02 03:13:55 server record_context_hot_cue_getter_status_matrix.sh[2329241]:     "playlist.smart_xml.extra_condition_attributes": 7569,
Oct 02 03:13:55 server record_context_hot_cue_getter_status_matrix.sh[2329241]:     "playlist.smart_xml.condition_with_text_content": 7570,
Oct 02 03:13:55 server record_context_hot_cue_getter_status_matrix.sh[2329241]:     "playlist.smart_xml.namespaced_condition": 7571,
Oct 02 03:13:55 server record_context_hot_cue_getter_status_matrix.sh[2329241]:     "playlist.smart_xml.valid_root_then_nul_junk": 7572,
Oct 02 03:13:55 server record_context_hot_cue_getter_status_matrix.sh[2329241]:     "playlist.smart_xml.nul_before_root": 7573,
Oct 02 03:13:55 server record_context_hot_cue_getter_status_matrix.sh[2329241]:     "playlist.smart_text.alpha_operator_01": 7101,
Oct 02 03:13:55 server record_context_hot_cue_getter_status_matrix.sh[2329241]:     "playlist.smart_text.alpha_operator_02": 7102,
Oct 02 03:13:55 server record_context_hot_cue_getter_status_matrix.sh[2329241]:     "playlist.smart_text.alpha_operator_08": 7103,
Oct 02 03:13:55 server record_context_hot_cue_getter_status_matrix.sh[2329241]:     "playlist.smart_text.alpha_operator_09": 7104,
Oct 02 03:13:55 server record_context_hot_cue_getter_status_matrix.sh[2329241]:     "playlist.smart_text.alpha_operator_10": 7105,
Oct 02 03:13:55 server record_context_hot_cue_getter_status_matrix.sh[2329241]:     "playlist.smart_text.alpha_operator_11": 7106,
Oct 02 03:13:55 server record_context_hot_cue_getter_status_matrix.sh[2329241]:     "playlist.smart_text.alpha_lower_equal": 7107,
Oct 02 03:13:55 server record_context_hot_cue_getter_status_matrix.sh[2329241]:     "playlist.smart_text.alpha_acute_precomposed_equal": 7108,
Oct 02 03:13:55 server record_context_hot_cue_getter_status_matrix.sh[2329241]:     "playlist.smart_text.alpha_acute_decomposed_equal": 7109,
Oct 02 03:13:55 server record_context_hot_cue_getter_status_matrix.sh[2329241]:     "playlist.smart_text.alpha_diaeresis_equal": 7110,
Oct 02 03:13:55 server record_context_hot_cue_getter_status_matrix.sh[2329241]:     "playlist.smart_text.alpha_trailing_combining_equal": 7111,
Oct 02 03:13:55 server record_context_hot_cue_getter_status_matrix.sh[2329241]:     "playlist.smart_text.alpha_angstrom_equal": 7112,
Oct 02 03:13:55 server record_context_hot_cue_getter_status_matrix.sh[2329241]:     "playlist.smart_text.alpha_a_ring_equal": 7113,
Oct 02 03:13:55 server record_context_hot_cue_getter_status_matrix.sh[2329241]:     "playlist.smart_text.beta_contains": 7114,
Oct 02 03:13:55 server record_context_hot_cue_getter_status_matrix.sh[2329241]:     "playlist.smart_text.beta_not_contains": 7115,
Oct 02 03:13:55 server record_context_hot_cue_getter_status_matrix.sh[2329241]:     "playlist.smart_text.beta_starts": 7116,
Oct 02 03:13:55 server record_context_hot_cue_getter_status_matrix.sh[2329241]:     "playlist.smart_text.beta_ends": 7117,
Oct 02 03:13:55 server record_context_hot_cue_getter_status_matrix.sh[2329241]:     "playlist.smart_text.empty_operator_01": 7118,
Oct 02 03:13:55 server record_context_hot_cue_getter_status_matrix.sh[2329241]:     "playlist.smart_text.empty_operator_02": 7119,
Oct 02 03:13:55 server record_context_hot_cue_getter_status_matrix.sh[2329241]:     "playlist.smart_text.empty_operator_08": 7120,
Oct 02 03:13:55 server record_context_hot_cue_getter_status_matrix.sh[2329241]:     "playlist.smart_text.empty_operator_09": 7121,
Oct 02 03:13:55 server record_context_hot_cue_getter_status_matrix.sh[2329241]:     "playlist.smart_text.empty_operator_10": 7122,
Oct 02 03:13:55 server record_context_hot_cue_getter_status_matrix.sh[2329241]:     "playlist.smart_text.empty_operator_11": 7123,
Oct 02 03:13:55 server record_context_hot_cue_getter_status_matrix.sh[2329241]:     "playlist.smart_text.emoji_equal": 7124,
Oct 02 03:13:55 server record_context_hot_cue_getter_status_matrix.sh[2329241]:     "playlist.smart_text.emoji_contains": 7125,
Oct 02 03:13:55 server record_context_hot_cue_getter_status_matrix.sh[2329241]:     "playlist.smart_text.emoji_starts": 7126,
Oct 02 03:13:55 server record_context_hot_cue_getter_status_matrix.sh[2329241]:     "playlist.smart_text.emoji_ends": 7127,
Oct 02 03:13:55 server record_context_hot_cue_getter_status_matrix.sh[2329241]:     "playlist.smart_text.sharp_s_equal": 7128,
Oct 02 03:13:55 server record_context_hot_cue_getter_status_matrix.sh[2329241]:     "playlist.smart_text.sharp_s_expanded_equal": 7129,
Oct 02 03:13:55 server record_context_hot_cue_getter_status_matrix.sh[2329241]:     "playlist.smart_text.sharp_s_contains_ss": 7130,
Oct 02 03:13:55 server record_context_hot_cue_getter_status_matrix.sh[2329241]:     "playlist.smart_text.ligature_equal": 7131,
Oct 02 03:13:55 server record_context_hot_cue_getter_status_matrix.sh[2329241]:     "playlist.smart_text.ligature_expanded_equal": 7132,
Oct 02 03:13:55 server record_context_hot_cue_getter_status_matrix.sh[2329241]:     "playlist.smart_text.fullwidth_equal": 7133,
Oct 02 03:13:55 server record_context_hot_cue_getter_status_matrix.sh[2329241]:     "playlist.smart_text.turkish_ascii_equal": 7134,
Oct 02 03:13:55 server record_context_hot_cue_getter_status_matrix.sh[2329241]:     "playlist.smart_text.turkish_dotted_equal": 7135,
Oct 02 03:13:55 server record_context_hot_cue_getter_status_matrix.sh[2329241]:     "playlist.smart_text.turkish_dotless_equal": 7136,
Oct 02 03:13:55 server record_context_hot_cue_getter_status_matrix.sh[2329241]:     "playlist.smart_text.greek_upper_equal": 7137,
Oct 02 03:13:55 server record_context_hot_cue_getter_status_matrix.sh[2329241]:     "playlist.smart_text.greek_sigma_equal": 7138,
Oct 02 03:13:55 server record_context_hot_cue_getter_status_matrix.sh[2329241]:     "playlist.smart_text.greek_final_sigma_equal": 7139,
Oct 02 03:13:55 server record_context_hot_cue_getter_status_matrix.sh[2329241]:     "playlist.smart_text.katakana_equal": 7140,
Oct 02 03:13:55 server record_context_hot_cue_getter_status_matrix.sh[2329241]:     "playlist.smart_text.hiragana_equal": 7141,
Oct 02 03:13:55 server record_context_hot_cue_getter_status_matrix.sh[2329241]:     "playlist.smart_text.combining_dot_acute_equal": 7142,
Oct 02 03:13:55 server record_context_hot_cue_getter_status_matrix.sh[2329241]:     "playlist.smart_text.combining_acute_dot_equal": 7143,
Oct 02 03:13:55 server record_context_hot_cue_getter_status_matrix.sh[2329241]:     "playlist.smart_text.punctuation_none_equal": 7144,
Oct 02 03:13:55 server record_context_hot_cue_getter_status_matrix.sh[2329241]:     "playlist.smart_text.punctuation_none_contains": 7145,
Oct 02 03:13:55 server record_context_hot_cue_getter_status_matrix.sh[2329241]:     "playlist.smart_text.punctuation_hyphen_equal": 7146,
Oct 02 03:13:55 server record_context_hot_cue_getter_status_matrix.sh[2329241]:     "playlist.smart_text.punctuation_space_equal": 7147,
Oct 02 03:13:55 server record_context_hot_cue_getter_status_matrix.sh[2329241]:     "playlist.smart_text.tab_equal": 7148,
Oct 02 03:13:55 server record_context_hot_cue_getter_status_matrix.sh[2329241]:     "playlist.smart_text.newline_equal": 7149,
Oct 02 03:13:55 server record_context_hot_cue_getter_status_matrix.sh[2329241]:     "playlist.smart_text.cyrillic_alpha_equal": 7150,
Oct 02 03:13:55 server record_context_hot_cue_getter_status_matrix.sh[2329241]:     "playlist.smart_text.greek_alpha_equal": 7151,
Oct 02 03:13:55 server record_context_hot_cue_getter_status_matrix.sh[2329241]:     "playlist.smart_text.ampersand_equal": 7152,
Oct 02 03:13:55 server record_context_hot_cue_getter_status_matrix.sh[2329241]:     "playlist.smart_text.ampersand_contains": 7153,
Oct 02 03:13:55 server record_context_hot_cue_getter_status_matrix.sh[2329241]:     "playlist.smart_text.double_quote_equal": 7154,
Oct 02 03:13:55 server record_context_hot_cue_getter_status_matrix.sh[2329241]:     "playlist.smart_text.apostrophe_equal": 7155,
Oct 02 03:13:55 server record_context_hot_cue_getter_status_matrix.sh[2329241]:     "hotcue.folder.alpha": 9001,
Oct 02 03:13:55 server record_context_hot_cue_getter_status_matrix.sh[2329241]:     "hotcue.folder.beta": 9002,
Oct 02 03:13:55 server record_context_hot_cue_getter_status_matrix.sh[2329241]:     "hotcue.bank.root": 9003,
Oct 02 03:13:55 server record_context_hot_cue_getter_status_matrix.sh[2329241]:     "hotcue.folder.deep": 9011,
Oct 02 03:13:55 server record_context_hot_cue_getter_status_matrix.sh[2329241]:     "hotcue.bank.alpha": 9012,
Oct 02 03:13:55 server record_context_hot_cue_getter_status_matrix.sh[2329241]:     "hotcue.bank.empty": 9013,
Oct 02 03:13:55 server record_context_hot_cue_getter_status_matrix.sh[2329241]:     "hotcue.bank.deep": 9021,
Oct 02 03:13:55 server record_context_hot_cue_getter_status_matrix.sh[2329241]:     "hotcue.bank.beta_deleted": 9031,
Oct 02 03:13:55 server record_context_hot_cue_getter_status_matrix.sh[2329241]:     "hotcue.bank.beta": 9032
Oct 02 03:13:55 server record_context_hot_cue_getter_status_matrix.sh[2329241]:   }
Oct 02 03:13:55 server record_context_hot_cue_getter_status_matrix.sh[2329241]: }
Oct 02 03:13:55 server record_context_hot_cue_getter_status_matrix.sh[2329241]: Fixture installed. Start rekordbox manually after reviewing the manifest above.
Oct 02 03:13:56 server record_context_hot_cue_getter_status_matrix.sh[2329315]: ** WARNING: connection is not using a post-quantum key exchange algorithm.
Oct 02 03:13:56 server record_context_hot_cue_getter_status_matrix.sh[2329315]: ** This session may be vulnerable to "store now, decrypt later" attacks.
Oct 02 03:13:56 server record_context_hot_cue_getter_status_matrix.sh[2329315]: ** The server may need to be upgraded. See https://openssh.com/pq.html
Oct 02 03:13:57 server record_context_hot_cue_getter_status_matrix.sh[2329332]: ** WARNING: connection is not using a post-quantum key exchange algorithm.
Oct 02 03:13:57 server record_context_hot_cue_getter_status_matrix.sh[2329332]: ** This session may be vulnerable to "store now, decrypt later" attacks.
Oct 02 03:13:57 server record_context_hot_cue_getter_status_matrix.sh[2329332]: ** The server may need to be upgraded. See https://openssh.com/pq.html
Oct 02 03:13:57 server record_context_hot_cue_getter_status_matrix.sh[2329380]: ** WARNING: connection is not using a post-quantum key exchange algorithm.
Oct 02 03:13:57 server record_context_hot_cue_getter_status_matrix.sh[2329380]: ** This session may be vulnerable to "store now, decrypt later" attacks.
Oct 02 03:13:57 server record_context_hot_cue_getter_status_matrix.sh[2329380]: ** The server may need to be upgraded. See https://openssh.com/pq.html
Oct 02 03:13:58 server record_context_hot_cue_getter_status_matrix.sh[2329387]: ** WARNING: connection is not using a post-quantum key exchange algorithm.
Oct 02 03:13:58 server record_context_hot_cue_getter_status_matrix.sh[2329387]: ** This session may be vulnerable to "store now, decrypt later" attacks.
Oct 02 03:13:58 server record_context_hot_cue_getter_status_matrix.sh[2329387]: ** The server may need to be upgraded. See https://openssh.com/pq.html
Oct 02 03:14:39 server record_context_hot_cue_getter_status_matrix.sh[2329387]: {
Oct 02 03:14:39 server record_context_hot_cue_getter_status_matrix.sh[2329387]:     "success":  true,
Oct 02 03:14:39 server record_context_hot_cue_getter_status_matrix.sh[2329387]:     "process_id":  788,
Oct 02 03:14:39 server record_context_hot_cue_getter_status_matrix.sh[2329387]:     "main_window_handle":  328234,
Oct 02 03:14:39 server record_context_hot_cue_getter_status_matrix.sh[2329387]:     "ready_at":  1790925278
Oct 02 03:14:39 server record_context_hot_cue_getter_status_matrix.sh[2329387]: }
Oct 02 03:14:42 server systemd-run[2330434]: Running as unit: rekordbox-identity-1790925280.service; invocation ID: f0bb4872110d47f796463afdaa29e4dd
Oct 02 03:15:08 server record_context_hot_cue_getter_status_matrix.sh[2330996]:     Finished `release` profile [optimized] target(s) in 0.11s
Oct 02 03:15:08 server record_context_hot_cue_getter_status_matrix.sh[2330996]:      Running `conformance/target/release/link-export-conformance record --host 172.31.96.96 --suite /home/evan/workspace/rx3-research/rekordbox-link-export-research/conformance/suites/context-hot-cue-getter-status-player-11-extended.json --manifest /home/evan/workspace/rx3-research/rekordbox-link-export-research/conformance/fixtures/generated/hot-cue-banks/manifest.json --identity /home/evan/workspace/rx3-research/rekordbox-link-export-research/conformance/runs/xdj-rx3-player-11-status.json --backend rekordbox --backend-version 7.2.19 --golden /home/evan/workspace/rx3-research/rekordbox-link-export-research/conformance/goldens/rekordbox-7.2.19/xdj-rx3-status/context-hot-cue-getter-status-extended.json.next`
Oct 02 03:15:08 server record_context_hot_cue_getter_status_matrix.sh[2330996]: running case type-00--legacy-populated
Oct 02 03:15:08 server record_context_hot_cue_getter_status_matrix.sh[2330996]: running case type-00--legacy-empty
Oct 02 03:15:08 server record_context_hot_cue_getter_status_matrix.sh[2330996]: running case type-00--extended-populated
Oct 02 03:15:08 server record_context_hot_cue_getter_status_matrix.sh[2330996]: running case type-00--extended-empty
Oct 02 03:15:08 server record_context_hot_cue_getter_status_matrix.sh[2330996]: running case type-01--legacy-populated
Oct 02 03:15:08 server record_context_hot_cue_getter_status_matrix.sh[2330996]: running case type-01--legacy-empty
Oct 02 03:15:08 server record_context_hot_cue_getter_status_matrix.sh[2330996]: running case type-01--extended-populated
Oct 02 03:15:08 server record_context_hot_cue_getter_status_matrix.sh[2330996]: running case type-01--extended-empty
Oct 02 03:15:08 server record_context_hot_cue_getter_status_matrix.sh[2330996]: running case type-02--legacy-populated
Oct 02 03:15:08 server record_context_hot_cue_getter_status_matrix.sh[2330996]: running case type-02--legacy-empty
Oct 02 03:15:08 server record_context_hot_cue_getter_status_matrix.sh[2330996]: running case type-02--extended-populated
Oct 02 03:15:08 server record_context_hot_cue_getter_status_matrix.sh[2330996]: running case type-02--extended-empty
Oct 02 03:15:08 server record_context_hot_cue_getter_status_matrix.sh[2330996]: running case type-03--legacy-populated
Oct 02 03:15:08 server record_context_hot_cue_getter_status_matrix.sh[2330996]: running case type-03--legacy-empty
Oct 02 03:15:08 server record_context_hot_cue_getter_status_matrix.sh[2330996]: running case type-03--extended-populated
Oct 02 03:15:08 server record_context_hot_cue_getter_status_matrix.sh[2330996]: running case type-03--extended-empty
Oct 02 03:15:08 server record_context_hot_cue_getter_status_matrix.sh[2330996]: running case type-04--legacy-populated
Oct 02 03:15:08 server record_context_hot_cue_getter_status_matrix.sh[2330996]: running case type-04--legacy-empty
Oct 02 03:15:08 server record_context_hot_cue_getter_status_matrix.sh[2330996]: running case type-04--extended-populated
Oct 02 03:15:08 server record_context_hot_cue_getter_status_matrix.sh[2330996]: running case type-04--extended-empty
Oct 02 03:15:08 server record_context_hot_cue_getter_status_matrix.sh[2330996]: running case type-05--legacy-populated
Oct 02 03:15:08 server record_context_hot_cue_getter_status_matrix.sh[2330996]: running case type-05--legacy-empty
Oct 02 03:15:08 server record_context_hot_cue_getter_status_matrix.sh[2330996]: running case type-05--extended-populated
Oct 02 03:15:08 server record_context_hot_cue_getter_status_matrix.sh[2330996]: running case type-05--extended-empty
Oct 02 03:15:08 server record_context_hot_cue_getter_status_matrix.sh[2330996]: running case type-06--legacy-populated
Oct 02 03:15:09 server record_context_hot_cue_getter_status_matrix.sh[2330996]: running case type-06--legacy-empty
Oct 02 03:15:09 server record_context_hot_cue_getter_status_matrix.sh[2330996]: running case type-06--extended-populated
Oct 02 03:15:09 server record_context_hot_cue_getter_status_matrix.sh[2330996]: running case type-06--extended-empty
Oct 02 03:15:09 server record_context_hot_cue_getter_status_matrix.sh[2330996]: recorded 28 cases to /home/evan/workspace/rx3-research/rekordbox-link-export-research/conformance/goldens/rekordbox-7.2.19/xdj-rx3-status/context-hot-cue-getter-status-extended.json.next
Oct 02 03:15:09 server record_context_hot_cue_getter_status_matrix.sh[2331018]:     Finished `release` profile [optimized] target(s) in 0.10s
Oct 02 03:15:09 server record_context_hot_cue_getter_status_matrix.sh[2331018]:      Running `conformance/target/release/link-export-conformance verify --host 172.31.96.96 --suite /home/evan/workspace/rx3-research/rekordbox-link-export-research/conformance/suites/context-hot-cue-getter-status-player-11-extended.json --manifest /home/evan/workspace/rx3-research/rekordbox-link-export-research/conformance/fixtures/generated/hot-cue-banks/manifest.json --identity /home/evan/workspace/rx3-research/rekordbox-link-export-research/conformance/runs/xdj-rx3-player-11-status.json --backend rekordbox-repeat --backend-version 7.2.19 --golden /home/evan/workspace/rx3-research/rekordbox-link-export-research/conformance/goldens/rekordbox-7.2.19/xdj-rx3-status/context-hot-cue-getter-status-extended.json.next`
Oct 02 03:15:09 server record_context_hot_cue_getter_status_matrix.sh[2331018]: running case type-00--legacy-populated
Oct 02 03:15:09 server record_context_hot_cue_getter_status_matrix.sh[2331018]: running case type-00--legacy-empty
Oct 02 03:15:09 server record_context_hot_cue_getter_status_matrix.sh[2331018]: running case type-00--extended-populated
Oct 02 03:15:09 server record_context_hot_cue_getter_status_matrix.sh[2331018]: running case type-00--extended-empty
Oct 02 03:15:09 server record_context_hot_cue_getter_status_matrix.sh[2331018]: running case type-01--legacy-populated
Oct 02 03:15:09 server record_context_hot_cue_getter_status_matrix.sh[2331018]: running case type-01--legacy-empty
Oct 02 03:15:09 server record_context_hot_cue_getter_status_matrix.sh[2331018]: running case type-01--extended-populated
Oct 02 03:15:09 server record_context_hot_cue_getter_status_matrix.sh[2331018]: running case type-01--extended-empty
Oct 02 03:15:09 server record_context_hot_cue_getter_status_matrix.sh[2331018]: running case type-02--legacy-populated
Oct 02 03:15:09 server record_context_hot_cue_getter_status_matrix.sh[2331018]: running case type-02--legacy-empty
Oct 02 03:15:09 server record_context_hot_cue_getter_status_matrix.sh[2331018]: running case type-02--extended-populated
Oct 02 03:15:09 server record_context_hot_cue_getter_status_matrix.sh[2331018]: running case type-02--extended-empty
Oct 02 03:15:09 server record_context_hot_cue_getter_status_matrix.sh[2331018]: running case type-03--legacy-populated
Oct 02 03:15:09 server record_context_hot_cue_getter_status_matrix.sh[2331018]: running case type-03--legacy-empty
Oct 02 03:15:09 server record_context_hot_cue_getter_status_matrix.sh[2331018]: running case type-03--extended-populated
Oct 02 03:15:09 server record_context_hot_cue_getter_status_matrix.sh[2331018]: running case type-03--extended-empty
Oct 02 03:15:09 server record_context_hot_cue_getter_status_matrix.sh[2331018]: running case type-04--legacy-populated
Oct 02 03:15:09 server record_context_hot_cue_getter_status_matrix.sh[2331018]: running case type-04--legacy-empty
Oct 02 03:15:09 server record_context_hot_cue_getter_status_matrix.sh[2331018]: running case type-04--extended-populated
Oct 02 03:15:09 server record_context_hot_cue_getter_status_matrix.sh[2331018]: running case type-04--extended-empty
Oct 02 03:15:09 server record_context_hot_cue_getter_status_matrix.sh[2331018]: running case type-05--legacy-populated
Oct 02 03:15:09 server record_context_hot_cue_getter_status_matrix.sh[2331018]: running case type-05--legacy-empty
Oct 02 03:15:09 server record_context_hot_cue_getter_status_matrix.sh[2331018]: running case type-05--extended-populated
Oct 02 03:15:09 server record_context_hot_cue_getter_status_matrix.sh[2331018]: running case type-05--extended-empty
Oct 02 03:15:09 server record_context_hot_cue_getter_status_matrix.sh[2331018]: running case type-06--legacy-populated
Oct 02 03:15:09 server record_context_hot_cue_getter_status_matrix.sh[2331018]: running case type-06--legacy-empty
Oct 02 03:15:09 server record_context_hot_cue_getter_status_matrix.sh[2331018]: running case type-06--extended-populated
Oct 02 03:15:09 server record_context_hot_cue_getter_status_matrix.sh[2331018]: running case type-06--extended-empty
Oct 02 03:15:09 server record_context_hot_cue_getter_status_matrix.sh[2331018]: verified 28 cases against /home/evan/workspace/rx3-research/rekordbox-link-export-research/conformance/goldens/rekordbox-7.2.19/xdj-rx3-status/context-hot-cue-getter-status-extended.json.next
Oct 02 03:15:09 server record_context_hot_cue_getter_status_matrix.sh[2329097]: === xdj-rx3-status / context-hot-cue-getter-status-player-11-extended: promoted ===
Oct 02 03:15:09 server record_context_hot_cue_getter_status_matrix.sh[2329097]: === xdj-rx3-status / context-hot-cue-getter-status-player-11-legacy: attempt 1 ===
Oct 02 03:15:10 server record_context_hot_cue_getter_status_matrix.sh[2331096]: ** WARNING: connection is not using a post-quantum key exchange algorithm.
Oct 02 03:15:10 server record_context_hot_cue_getter_status_matrix.sh[2331096]: ** This session may be vulnerable to "store now, decrypt later" attacks.
Oct 02 03:15:10 server record_context_hot_cue_getter_status_matrix.sh[2331096]: ** The server may need to be upgraded. See https://openssh.com/pq.html
Oct 02 03:15:11 server record_context_hot_cue_getter_status_matrix.sh[2331096]: Guest staging directory is ready.
Oct 02 03:15:12 server record_context_hot_cue_getter_status_matrix.sh[2331143]: ** WARNING: connection is not using a post-quantum key exchange algorithm.
Oct 02 03:15:12 server record_context_hot_cue_getter_status_matrix.sh[2331143]: ** This session may be vulnerable to "store now, decrypt later" attacks.
Oct 02 03:15:12 server record_context_hot_cue_getter_status_matrix.sh[2331143]: ** The server may need to be upgraded. See https://openssh.com/pq.html
Oct 02 03:15:14 server record_context_hot_cue_getter_status_matrix.sh[2331160]: ** WARNING: connection is not using a post-quantum key exchange algorithm.
Oct 02 03:15:14 server record_context_hot_cue_getter_status_matrix.sh[2331160]: ** This session may be vulnerable to "store now, decrypt later" attacks.
Oct 02 03:15:14 server record_context_hot_cue_getter_status_matrix.sh[2331160]: ** The server may need to be upgraded. See https://openssh.com/pq.html
Oct 02 03:15:14 server record_context_hot_cue_getter_status_matrix.sh[2331205]: ** WARNING: connection is not using a post-quantum key exchange algorithm.
Oct 02 03:15:14 server record_context_hot_cue_getter_status_matrix.sh[2331205]: ** This session may be vulnerable to "store now, decrypt later" attacks.
Oct 02 03:15:14 server record_context_hot_cue_getter_status_matrix.sh[2331205]: ** The server may need to be upgraded. See https://openssh.com/pq.html
Oct 02 03:15:16 server record_context_hot_cue_getter_status_matrix.sh[2331214]: ** WARNING: connection is not using a post-quantum key exchange algorithm.
Oct 02 03:15:16 server record_context_hot_cue_getter_status_matrix.sh[2331214]: ** This session may be vulnerable to "store now, decrypt later" attacks.
Oct 02 03:15:16 server record_context_hot_cue_getter_status_matrix.sh[2331214]: ** The server may need to be upgraded. See https://openssh.com/pq.html
Oct 02 03:15:24 server record_context_hot_cue_getter_status_matrix.sh[2331214]: Rekordbox is stopped.
Oct 02 03:15:24 server record_context_hot_cue_getter_status_matrix.sh[2331395]: Research@172.31.96.96 is ready
Oct 02 03:15:25 server record_context_hot_cue_getter_status_matrix.sh[2331405]: ** WARNING: connection is not using a post-quantum key exchange algorithm.
Oct 02 03:15:25 server record_context_hot_cue_getter_status_matrix.sh[2331405]: ** This session may be vulnerable to "store now, decrypt later" attacks.
Oct 02 03:15:25 server record_context_hot_cue_getter_status_matrix.sh[2331405]: ** The server may need to be upgraded. See https://openssh.com/pq.html
Oct 02 03:15:26 server record_context_hot_cue_getter_status_matrix.sh[2331405]: {
Oct 02 03:15:26 server record_context_hot_cue_getter_status_matrix.sh[2331405]:   "fixture_version": 1,
Oct 02 03:15:26 server record_context_hot_cue_getter_status_matrix.sh[2331405]:   "profile": "hot-cue-banks",
Oct 02 03:15:26 server record_context_hot_cue_getter_status_matrix.sh[2331405]:   "database_sha256": "066cfa954e435346f80e5abac35dac7631ac4e3023e662d12e0080382f6041dc",
Oct 02 03:15:26 server record_context_hot_cue_getter_status_matrix.sh[2331405]:   "fixture_fingerprint": "718db45aea9624ec7f8c6cd70140ec6ba4b99d0cae4739aa3830ca4d0528b9b7",
Oct 02 03:15:26 server record_context_hot_cue_getter_status_matrix.sh[2331405]:   "integrity": "ok",
Oct 02 03:15:26 server record_context_hot_cue_getter_status_matrix.sh[2331405]:   "track_count": 8,
Oct 02 03:15:26 server record_context_hot_cue_getter_status_matrix.sh[2331405]:   "ids": {
Oct 02 03:15:26 server record_context_hot_cue_getter_status_matrix.sh[2331405]:     "artist.alpha": 1001,
Oct 02 03:15:26 server record_context_hot_cue_getter_status_matrix.sh[2331405]:     "artist.beta": 1002,
Oct 02 03:15:26 server record_context_hot_cue_getter_status_matrix.sh[2331405]:     "artist.remixer": 1003,
Oct 02 03:15:26 server record_context_hot_cue_getter_status_matrix.sh[2331405]:     "artist.original": 1004,
Oct 02 03:15:26 server record_context_hot_cue_getter_status_matrix.sh[2331405]:     "album.one": 2001,
Oct 02 03:15:26 server record_context_hot_cue_getter_status_matrix.sh[2331405]:     "album.two": 2002,
Oct 02 03:15:26 server record_context_hot_cue_getter_status_matrix.sh[2331405]:     "album.three": 2003,
Oct 02 03:15:26 server record_context_hot_cue_getter_status_matrix.sh[2331405]:     "genre.house": 3001,
Oct 02 03:15:26 server record_context_hot_cue_getter_status_matrix.sh[2331405]:     "genre.techno": 3002,
Oct 02 03:15:26 server record_context_hot_cue_getter_status_matrix.sh[2331405]:     "label.one": 4001,
Oct 02 03:15:26 server record_context_hot_cue_getter_status_matrix.sh[2331405]:     "label.two": 4002,
Oct 02 03:15:26 server record_context_hot_cue_getter_status_matrix.sh[2331405]:     "key.am": 5001,
Oct 02 03:15:26 server record_context_hot_cue_getter_status_matrix.sh[2331405]:     "key.c": 5002,
Oct 02 03:15:26 server record_context_hot_cue_getter_status_matrix.sh[2331405]:     "playlist.cue_analysis": 200000,
Oct 02 03:15:26 server record_context_hot_cue_getter_status_matrix.sh[2331405]:     "playlist.folder": 6001,
Oct 02 03:15:26 server record_context_hot_cue_getter_status_matrix.sh[2331405]:     "playlist.primary": 6002,
Oct 02 03:15:26 server record_context_hot_cue_getter_status_matrix.sh[2331405]:     "playlist.empty": 6003,
Oct 02 03:15:26 server record_context_hot_cue_getter_status_matrix.sh[2331405]:     "playlist.smart_rule_only": 6010,
Oct 02 03:15:26 server record_context_hot_cue_getter_status_matrix.sh[2331405]:     "playlist.smart_contradiction": 6011,
Oct 02 03:15:26 server record_context_hot_cue_getter_status_matrix.sh[2331405]:     "playlist.smart_malformed": 6012,
Oct 02 03:15:26 server record_context_hot_cue_getter_status_matrix.sh[2331405]:     "playlist.ordinary_with_rule": 6013,
Oct 02 03:15:26 server record_context_hot_cue_getter_status_matrix.sh[2331405]:     "playlist.smart_without_rule": 6014,
Oct 02 03:15:26 server record_context_hot_cue_getter_status_matrix.sh[2331405]:     "playlist.visibility_smart": 6015,
Oct 02 03:15:26 server record_context_hot_cue_getter_status_matrix.sh[2331405]:     "history.one": 7001,
Oct 02 03:15:26 server record_context_hot_cue_getter_status_matrix.sh[2331405]:     "hotcue.folder": 8001,
Oct 02 03:15:26 server record_context_hot_cue_getter_status_matrix.sh[2331405]:     "hotcue.bank": 8002,
Oct 02 03:15:26 server record_context_hot_cue_getter_status_matrix.sh[2331405]:     "mytag.group.genre": 8501,
Oct 02 03:15:26 server record_context_hot_cue_getter_status_matrix.sh[2331405]:     "mytag.warmup": 8502,
Oct 02 03:15:26 server record_context_hot_cue_getter_status_matrix.sh[2331405]:     "mytag.group.components": 8503,
Oct 02 03:15:26 server record_context_hot_cue_getter_status_matrix.sh[2331405]:     "mytag.vocal": 8504,
Oct 02 03:15:26 server record_context_hot_cue_getter_status_matrix.sh[2331405]:     "mytag.empty": 8505,
Oct 02 03:15:26 server record_context_hot_cue_getter_status_matrix.sh[2331405]:     "mytag.default.group.genre": 1,
Oct 02 03:15:26 server record_context_hot_cue_getter_status_matrix.sh[2331405]:     "mytag.default.group.components": 2,
Oct 02 03:15:26 server record_context_hot_cue_getter_status_matrix.sh[2331405]:     "mytag.default.group.situation": 3,
Oct 02 03:15:26 server record_context_hot_cue_getter_status_matrix.sh[2331405]:     "mytag.default.group.untitled": 4,
Oct 02 03:15:26 server record_context_hot_cue_getter_status_matrix.sh[2331405]:     "mytag.default.sub_bass": 79324672,
Oct 02 03:15:26 server record_context_hot_cue_getter_status_matrix.sh[2331405]:     "mytag.default.percussion": 154495003,
Oct 02 03:15:26 server record_context_hot_cue_getter_status_matrix.sh[2331405]:     "mytag.default.dark": 158455786,
Oct 02 03:15:26 server record_context_hot_cue_getter_status_matrix.sh[2331405]:     "mytag.default.nu_disco": 463364308,
Oct 02 03:15:26 server record_context_hot_cue_getter_status_matrix.sh[2331405]:     "mytag.default.acid_house": 539841621,
Oct 02 03:15:26 server record_context_hot_cue_getter_status_matrix.sh[2331405]:     "mytag.default.build_up": 832445659,
Oct 02 03:15:26 server record_context_hot_cue_getter_status_matrix.sh[2331405]:     "mytag.default.my_comment": 857457019,
Oct 02 03:15:26 server record_context_hot_cue_getter_status_matrix.sh[2331405]:     "mytag.default.second_floor": 917243188,
Oct 02 03:15:26 server record_context_hot_cue_getter_status_matrix.sh[2331405]:     "mytag.default.deep_house": 999625328,
Oct 02 03:15:26 server record_context_hot_cue_getter_status_matrix.sh[2331405]:     "mytag.default.peak_time": 1156949736,
Oct 02 03:15:26 server record_context_hot_cue_getter_status_matrix.sh[2331405]:     "mytag.default.trap": 1308912924,
Oct 02 03:15:26 server record_context_hot_cue_getter_status_matrix.sh[2331405]:     "mytag.default.vocal": 1387538896,
Oct 02 03:15:26 server record_context_hot_cue_getter_status_matrix.sh[2331405]:     "mytag.default.lounge": 1493684869,
Oct 02 03:15:26 server record_context_hot_cue_getter_status_matrix.sh[2331405]:     "mytag.default.techno": 1628431659,
Oct 02 03:15:26 server record_context_hot_cue_getter_status_matrix.sh[2331405]:     "mytag.default.electro_house": 1971960657,
Oct 02 03:15:26 server record_context_hot_cue_getter_status_matrix.sh[2331405]:     "mytag.default.synth": 2005851049,
Oct 02 03:15:26 server record_context_hot_cue_getter_status_matrix.sh[2331405]:     "mytag.default.morning": 2045957214,
Oct 02 03:15:26 server record_context_hot_cue_getter_status_matrix.sh[2331405]:     "mytag.default.upper": 2169337181,
Oct 02 03:15:26 server record_context_hot_cue_getter_status_matrix.sh[2331405]:     "mytag.default.build_down": 2320977753,
Oct 02 03:15:26 server record_context_hot_cue_getter_status_matrix.sh[2331405]:     "mytag.default.beat": 2487691792,
Oct 02 03:15:26 server record_context_hot_cue_getter_status_matrix.sh[2331405]:     "mytag.default.bass_music": 2502627224,
Oct 02 03:15:26 server record_context_hot_cue_getter_status_matrix.sh[2331405]:     "mytag.default.main_floor": 2538315910,
Oct 02 03:15:26 server record_context_hot_cue_getter_status_matrix.sh[2331405]:     "mytag.default.mid_night": 3354707172,
Oct 02 03:15:26 server record_context_hot_cue_getter_status_matrix.sh[2331405]:     "mytag.default.piano": 3596715289,
Oct 02 03:15:26 server record_context_hot_cue_getter_status_matrix.sh[2331405]:     "track.first": 10001,
Oct 02 03:15:26 server record_context_hot_cue_getter_status_matrix.sh[2331405]:     "track.second": 10002,
Oct 02 03:15:26 server record_context_hot_cue_getter_status_matrix.sh[2331405]:     "track.third": 10003,
Oct 02 03:15:26 server record_context_hot_cue_getter_status_matrix.sh[2331405]:     "track.fourth": 10004,
Oct 02 03:15:26 server record_context_hot_cue_getter_status_matrix.sh[2331405]:     "track.fifth": 10005,
Oct 02 03:15:26 server record_context_hot_cue_getter_status_matrix.sh[2331405]:     "track.sixth": 10006,
Oct 02 03:15:26 server record_context_hot_cue_getter_status_matrix.sh[2331405]:     "track.seventh": 10007,
Oct 02 03:15:26 server record_context_hot_cue_getter_status_matrix.sh[2331405]:     "track.eighth": 10008,
Oct 02 03:15:26 server record_context_hot_cue_getter_status_matrix.sh[2331405]:     "track.ninth": 10009,
Oct 02 03:15:26 server record_context_hot_cue_getter_status_matrix.sh[2331405]:     "track.tenth": 10010,
Oct 02 03:15:26 server record_context_hot_cue_getter_status_matrix.sh[2331405]:     "track.eleventh": 10011,
Oct 02 03:15:26 server record_context_hot_cue_getter_status_matrix.sh[2331405]:     "track.twelfth": 10012,
Oct 02 03:15:26 server record_context_hot_cue_getter_status_matrix.sh[2331405]:     "track.thirteenth": 10013,
Oct 02 03:15:26 server record_context_hot_cue_getter_status_matrix.sh[2331405]:     "track.fourteenth": 10014,
Oct 02 03:15:26 server record_context_hot_cue_getter_status_matrix.sh[2331405]:     "track.deleted": 10999,
Oct 02 03:15:26 server record_context_hot_cue_getter_status_matrix.sh[2331405]:     "playlist.smart_matrix.genre_operator_01": 6301,
Oct 02 03:15:26 server record_context_hot_cue_getter_status_matrix.sh[2331405]:     "playlist.smart_matrix.genre_operator_02": 6302,
Oct 02 03:15:26 server record_context_hot_cue_getter_status_matrix.sh[2331405]:     "playlist.smart_matrix.genre_operator_03": 6303,
Oct 02 03:15:26 server record_context_hot_cue_getter_status_matrix.sh[2331405]:     "playlist.smart_matrix.genre_operator_04": 6304,
Oct 02 03:15:26 server record_context_hot_cue_getter_status_matrix.sh[2331405]:     "playlist.smart_matrix.genre_operator_05": 6305,
Oct 02 03:15:26 server record_context_hot_cue_getter_status_matrix.sh[2331405]:     "playlist.smart_matrix.genre_operator_06": 6306,
Oct 02 03:15:26 server record_context_hot_cue_getter_status_matrix.sh[2331405]:     "playlist.smart_matrix.genre_operator_07": 6307,
Oct 02 03:15:26 server record_context_hot_cue_getter_status_matrix.sh[2331405]:     "playlist.smart_matrix.genre_operator_08": 6308,
Oct 02 03:15:26 server record_context_hot_cue_getter_status_matrix.sh[2331405]:     "playlist.smart_matrix.genre_operator_09": 6309,
Oct 02 03:15:26 server record_context_hot_cue_getter_status_matrix.sh[2331405]:     "playlist.smart_matrix.genre_operator_10": 6310,
Oct 02 03:15:26 server record_context_hot_cue_getter_status_matrix.sh[2331405]:     "playlist.smart_matrix.genre_operator_11": 6311,
Oct 02 03:15:26 server record_context_hot_cue_getter_status_matrix.sh[2331405]:     "playlist.smart_matrix.bpm_operator_01": 6312,
Oct 02 03:15:26 server record_context_hot_cue_getter_status_matrix.sh[2331405]:     "playlist.smart_matrix.bpm_operator_02": 6313,
Oct 02 03:15:26 server record_context_hot_cue_getter_status_matrix.sh[2331405]:     "playlist.smart_matrix.bpm_operator_03": 6314,
Oct 02 03:15:26 server record_context_hot_cue_getter_status_matrix.sh[2331405]:     "playlist.smart_matrix.bpm_operator_04": 6315,
Oct 02 03:15:26 server record_context_hot_cue_getter_status_matrix.sh[2331405]:     "playlist.smart_matrix.bpm_operator_05": 6316,
Oct 02 03:15:26 server record_context_hot_cue_getter_status_matrix.sh[2331405]:     "playlist.smart_matrix.bpm_operator_06": 6317,
Oct 02 03:15:26 server record_context_hot_cue_getter_status_matrix.sh[2331405]:     "playlist.smart_matrix.bpm_operator_07": 6318,
Oct 02 03:15:26 server record_context_hot_cue_getter_status_matrix.sh[2331405]:     "playlist.smart_matrix.bpm_operator_08": 6319,
Oct 02 03:15:26 server record_context_hot_cue_getter_status_matrix.sh[2331405]:     "playlist.smart_matrix.bpm_operator_09": 6320,
Oct 02 03:15:26 server record_context_hot_cue_getter_status_matrix.sh[2331405]:     "playlist.smart_matrix.bpm_operator_10": 6321,
Oct 02 03:15:26 server record_context_hot_cue_getter_status_matrix.sh[2331405]:     "playlist.smart_matrix.bpm_operator_11": 6322,
Oct 02 03:15:26 server record_context_hot_cue_getter_status_matrix.sh[2331405]:     "playlist.smart_matrix.logic_all": 6323,
Oct 02 03:15:26 server record_context_hot_cue_getter_status_matrix.sh[2331405]:     "playlist.smart_matrix.logic_any": 6324,
Oct 02 03:15:26 server record_context_hot_cue_getter_status_matrix.sh[2331405]:     "playlist.smart_matrix.nested_all": 6325,
Oct 02 03:15:26 server record_context_hot_cue_getter_status_matrix.sh[2331405]:     "playlist.smart_matrix.nested_any": 6326,
Oct 02 03:15:26 server record_context_hot_cue_getter_status_matrix.sh[2331405]:     "playlist.smart_matrix.empty_all": 6327,
Oct 02 03:15:26 server record_context_hot_cue_getter_status_matrix.sh[2331405]:     "playlist.smart_matrix.empty_any": 6328,
Oct 02 03:15:26 server record_context_hot_cue_getter_status_matrix.sh[2331405]:     "playlist.smart_matrix.unknown_operator": 6329,
Oct 02 03:15:26 server record_context_hot_cue_getter_status_matrix.sh[2331405]:     "playlist.smart_matrix.unknown_property": 6330,
Oct 02 03:15:26 server record_context_hot_cue_getter_status_matrix.sh[2331405]:     "playlist.smart_matrix.condition_outside_node": 6331,
Oct 02 03:15:26 server record_context_hot_cue_getter_status_matrix.sh[2331405]:     "playlist.smart_matrix.two_roots": 6332,
Oct 02 03:15:26 server record_context_hot_cue_getter_status_matrix.sh[2331405]:     "playlist.smart_matrix.missing_logical_operator": 6333,
Oct 02 03:15:26 server record_context_hot_cue_getter_status_matrix.sh[2331405]:     "playlist.smart_matrix.logical_operator_zero": 6334,
Oct 02 03:15:26 server record_context_hot_cue_getter_status_matrix.sh[2331405]:     "playlist.smart_matrix.logical_operator_three": 6335,
Oct 02 03:15:26 server record_context_hot_cue_getter_status_matrix.sh[2331405]:     "playlist.smart_matrix.automatic_update_zero": 6336,
Oct 02 03:15:26 server record_context_hot_cue_getter_status_matrix.sh[2331405]:     "playlist.smart_matrix.missing_automatic_update": 6337,
Oct 02 03:15:26 server record_context_hot_cue_getter_status_matrix.sh[2331405]:     "playlist.smart_matrix.mismatched_id": 6338,
Oct 02 03:15:26 server record_context_hot_cue_getter_status_matrix.sh[2331405]:     "playlist.smart_matrix.missing_id": 6339,
Oct 02 03:15:26 server record_context_hot_cue_getter_status_matrix.sh[2331405]:     "playlist.smart_numeric.bpm_operator_01": 6401,
Oct 02 03:15:26 server record_context_hot_cue_getter_status_matrix.sh[2331405]:     "playlist.smart_numeric.bpm_operator_02": 6402,
Oct 02 03:15:26 server record_context_hot_cue_getter_status_matrix.sh[2331405]:     "playlist.smart_numeric.bpm_operator_03": 6403,
Oct 02 03:15:26 server record_context_hot_cue_getter_status_matrix.sh[2331405]:     "playlist.smart_numeric.bpm_operator_04": 6404,
Oct 02 03:15:26 server record_context_hot_cue_getter_status_matrix.sh[2331405]:     "playlist.smart_numeric.bpm_operator_05": 6405,
Oct 02 03:15:26 server record_context_hot_cue_getter_status_matrix.sh[2331405]:     "playlist.smart_numeric.rating_operator_01": 6406,
Oct 02 03:15:26 server record_context_hot_cue_getter_status_matrix.sh[2331405]:     "playlist.smart_numeric.rating_operator_02": 6407,
Oct 02 03:15:26 server record_context_hot_cue_getter_status_matrix.sh[2331405]:     "playlist.smart_numeric.rating_operator_03": 6408,
Oct 02 03:15:26 server record_context_hot_cue_getter_status_matrix.sh[2331405]:     "playlist.smart_numeric.rating_operator_04": 6409,
Oct 02 03:15:26 server record_context_hot_cue_getter_status_matrix.sh[2331405]:     "playlist.smart_numeric.rating_operator_05": 6410,
Oct 02 03:15:26 server record_context_hot_cue_getter_status_matrix.sh[2331405]:     "playlist.smart_numeric.play_count_operator_01": 6411,
Oct 02 03:15:26 server record_context_hot_cue_getter_status_matrix.sh[2331405]:     "playlist.smart_numeric.play_count_operator_02": 6412,
Oct 02 03:15:26 server record_context_hot_cue_getter_status_matrix.sh[2331405]:     "playlist.smart_numeric.play_count_operator_03": 6413,
Oct 02 03:15:26 server record_context_hot_cue_getter_status_matrix.sh[2331405]:     "playlist.smart_numeric.play_count_operator_04": 6414,
Oct 02 03:15:26 server record_context_hot_cue_getter_status_matrix.sh[2331405]:     "playlist.smart_numeric.play_count_operator_05": 6415,
Oct 02 03:15:26 server record_context_hot_cue_getter_status_matrix.sh[2331405]:     "playlist.smart_numeric.duration_operator_01": 6416,
Oct 02 03:15:26 server record_context_hot_cue_getter_status_matrix.sh[2331405]:     "playlist.smart_numeric.duration_operator_02": 6417,
Oct 02 03:15:26 server record_context_hot_cue_getter_status_matrix.sh[2331405]:     "playlist.smart_numeric.duration_operator_03": 6418,
Oct 02 03:15:26 server record_context_hot_cue_getter_status_matrix.sh[2331405]:     "playlist.smart_numeric.duration_operator_04": 6419,
Oct 02 03:15:26 server record_context_hot_cue_getter_status_matrix.sh[2331405]:     "playlist.smart_numeric.duration_operator_05": 6420,
Oct 02 03:15:26 server record_context_hot_cue_getter_status_matrix.sh[2331405]:     "playlist.smart_numeric.year_operator_01": 6421,
Oct 02 03:15:26 server record_context_hot_cue_getter_status_matrix.sh[2331405]:     "playlist.smart_numeric.year_operator_02": 6422,
Oct 02 03:15:26 server record_context_hot_cue_getter_status_matrix.sh[2331405]:     "playlist.smart_numeric.year_operator_03": 6423,
Oct 02 03:15:26 server record_context_hot_cue_getter_status_matrix.sh[2331405]:     "playlist.smart_numeric.year_operator_04": 6424,
Oct 02 03:15:26 server record_context_hot_cue_getter_status_matrix.sh[2331405]:     "playlist.smart_numeric.year_operator_05": 6425,
Oct 02 03:15:26 server record_context_hot_cue_getter_status_matrix.sh[2331405]:     "playlist.smart_numeric.bpm_reversed_range": 6426,
Oct 02 03:15:26 server record_context_hot_cue_getter_status_matrix.sh[2331405]:     "playlist.smart_numeric.rating_reversed_range": 6427,
Oct 02 03:15:26 server record_context_hot_cue_getter_status_matrix.sh[2331405]:     "playlist.smart_numeric.play_count_reversed_range": 6428,
Oct 02 03:15:26 server record_context_hot_cue_getter_status_matrix.sh[2331405]:     "playlist.smart_numeric.duration_reversed_range": 6429,
Oct 02 03:15:26 server record_context_hot_cue_getter_status_matrix.sh[2331405]:     "playlist.smart_numeric.year_reversed_range": 6430,
Oct 02 03:15:26 server record_context_hot_cue_getter_status_matrix.sh[2331405]:     "playlist.smart_numeric.bpm_empty_equal": 6431,
Oct 02 03:15:26 server record_context_hot_cue_getter_status_matrix.sh[2331405]:     "playlist.smart_numeric.bpm_empty_not_equal": 6432,
Oct 02 03:15:26 server record_context_hot_cue_getter_status_matrix.sh[2331405]:     "playlist.smart_numeric.rating_empty_equal": 6433,
Oct 02 03:15:26 server record_context_hot_cue_getter_status_matrix.sh[2331405]:     "playlist.smart_numeric.rating_empty_not_equal": 6434,
Oct 02 03:15:26 server record_context_hot_cue_getter_status_matrix.sh[2331405]:     "playlist.smart_numeric.play_count_empty_equal": 6435,
Oct 02 03:15:26 server record_context_hot_cue_getter_status_matrix.sh[2331405]:     "playlist.smart_numeric.play_count_empty_not_equal": 6436,
Oct 02 03:15:26 server record_context_hot_cue_getter_status_matrix.sh[2331405]:     "playlist.smart_numeric.duration_empty_equal": 6437,
Oct 02 03:15:26 server record_context_hot_cue_getter_status_matrix.sh[2331405]:     "playlist.smart_numeric.duration_empty_not_equal": 6438,
Oct 02 03:15:26 server record_context_hot_cue_getter_status_matrix.sh[2331405]:     "playlist.smart_numeric.year_empty_equal": 6439,
Oct 02 03:15:26 server record_context_hot_cue_getter_status_matrix.sh[2331405]:     "playlist.smart_numeric.year_empty_not_equal": 6440,
Oct 02 03:15:26 server record_context_hot_cue_getter_status_matrix.sh[2331405]:     "playlist.smart_numeric.bpm_invalid_equal": 6441,
Oct 02 03:15:26 server record_context_hot_cue_getter_status_matrix.sh[2331405]:     "playlist.smart_numeric.bpm_invalid_not_equal": 6442,
Oct 02 03:15:26 server record_context_hot_cue_getter_status_matrix.sh[2331405]:     "playlist.smart_numeric.rating_invalid_equal": 6443,
Oct 02 03:15:26 server record_context_hot_cue_getter_status_matrix.sh[2331405]:     "playlist.smart_numeric.rating_invalid_not_equal": 6444,
Oct 02 03:15:26 server record_context_hot_cue_getter_status_matrix.sh[2331405]:     "playlist.smart_numeric.play_count_invalid_equal": 6445,
Oct 02 03:15:26 server record_context_hot_cue_getter_status_matrix.sh[2331405]:     "playlist.smart_numeric.play_count_invalid_not_equal": 6446,
Oct 02 03:15:26 server record_context_hot_cue_getter_status_matrix.sh[2331405]:     "playlist.smart_numeric.duration_invalid_equal": 6447,
Oct 02 03:15:26 server record_context_hot_cue_getter_status_matrix.sh[2331405]:     "playlist.smart_numeric.duration_invalid_not_equal": 6448,
Oct 02 03:15:26 server record_context_hot_cue_getter_status_matrix.sh[2331405]:     "playlist.smart_numeric.year_invalid_equal": 6449,
Oct 02 03:15:26 server record_context_hot_cue_getter_status_matrix.sh[2331405]:     "playlist.smart_numeric.year_invalid_not_equal": 6450,
Oct 02 03:15:26 server record_context_hot_cue_getter_status_matrix.sh[2331405]:     "playlist.smart_numeric.bpm_negative_equal": 6451,
Oct 02 03:15:26 server record_context_hot_cue_getter_status_matrix.sh[2331405]:     "playlist.smart_numeric.bpm_negative_not_equal": 6452,
Oct 02 03:15:26 server record_context_hot_cue_getter_status_matrix.sh[2331405]:     "playlist.smart_numeric.bpm_negative_greater": 6453,
Oct 02 03:15:26 server record_context_hot_cue_getter_status_matrix.sh[2331405]:     "playlist.smart_numeric.bpm_negative_less": 6454,
Oct 02 03:15:26 server record_context_hot_cue_getter_status_matrix.sh[2331405]:     "playlist.smart_numeric.bpm_negative_range": 6455,
Oct 02 03:15:26 server record_context_hot_cue_getter_status_matrix.sh[2331405]:     "playlist.smart_numeric.bpm_overflow_equal": 6456,
Oct 02 03:15:26 server record_context_hot_cue_getter_status_matrix.sh[2331405]:     "playlist.smart_numeric.bpm_overflow_not_equal": 6457,
Oct 02 03:15:26 server record_context_hot_cue_getter_status_matrix.sh[2331405]:     "playlist.smart_numeric.bpm_overflow_greater": 6458,
Oct 02 03:15:26 server record_context_hot_cue_getter_status_matrix.sh[2331405]:     "playlist.smart_numeric.bpm_overflow_less": 6459,
Oct 02 03:15:26 server record_context_hot_cue_getter_status_matrix.sh[2331405]:     "playlist.smart_numeric.bpm_overflow_range": 6460,
Oct 02 03:15:26 server record_context_hot_cue_getter_status_matrix.sh[2331405]:     "track.smart_numeric_boundary.null": 35001,
Oct 02 03:15:26 server record_context_hot_cue_getter_status_matrix.sh[2331405]:     "track.smart_numeric_boundary.zero": 35002,
Oct 02 03:15:26 server record_context_hot_cue_getter_status_matrix.sh[2331405]:     "track.smart_numeric_boundary.half": 35003,
Oct 02 03:15:26 server record_context_hot_cue_getter_status_matrix.sh[2331405]:     "track.smart_numeric_boundary.one_half": 35004,
Oct 02 03:15:26 server record_context_hot_cue_getter_status_matrix.sh[2331405]:     "track.smart_numeric_boundary.minus_half": 35005,
Oct 02 03:15:26 server record_context_hot_cue_getter_status_matrix.sh[2331405]:     "track.smart_numeric_boundary.minus_one": 35006,
Oct 02 03:15:26 server record_context_hot_cue_getter_status_matrix.sh[2331405]:     "track.smart_numeric_boundary.int32_max": 35007,
Oct 02 03:15:26 server record_context_hot_cue_getter_status_matrix.sh[2331405]:     "track.smart_numeric_boundary.int32_plus_one": 35008,
Oct 02 03:15:26 server record_context_hot_cue_getter_status_matrix.sh[2331405]:     "track.smart_numeric_boundary.uint32_max": 35009,
Oct 02 03:15:26 server record_context_hot_cue_getter_status_matrix.sh[2331405]:     "track.smart_numeric_boundary.uint32_plus_one": 35010,
Oct 02 03:15:26 server record_context_hot_cue_getter_status_matrix.sh[2331405]:     "playlist.smart_numeric_boundary.bpm_equal_zero": 7601,
Oct 02 03:15:26 server record_context_hot_cue_getter_status_matrix.sh[2331405]:     "playlist.smart_numeric_boundary.bpm_not_equal_zero": 7602,
Oct 02 03:15:26 server record_context_hot_cue_getter_status_matrix.sh[2331405]:     "playlist.smart_numeric_boundary.bpm_greater_zero": 7603,
Oct 02 03:15:26 server record_context_hot_cue_getter_status_matrix.sh[2331405]:     "playlist.smart_numeric_boundary.bpm_less_zero": 7604,
Oct 02 03:15:26 server record_context_hot_cue_getter_status_matrix.sh[2331405]:     "playlist.smart_numeric_boundary.bpm_range_minus_one_to_one": 7605,
Oct 02 03:15:26 server record_context_hot_cue_getter_status_matrix.sh[2331405]:     "playlist.smart_numeric_boundary.bpm_equal_half": 7606,
Oct 02 03:15:26 server record_context_hot_cue_getter_status_matrix.sh[2331405]:     "playlist.smart_numeric_boundary.bpm_not_equal_half": 7607,
Oct 02 03:15:26 server record_context_hot_cue_getter_status_matrix.sh[2331405]:     "playlist.smart_numeric_boundary.bpm_greater_half": 7608,
Oct 02 03:15:26 server record_context_hot_cue_getter_status_matrix.sh[2331405]:     "playlist.smart_numeric_boundary.bpm_less_half": 7609,
Oct 02 03:15:26 server record_context_hot_cue_getter_status_matrix.sh[2331405]:     "playlist.smart_numeric_boundary.bpm_range_half_to_one_half": 7610,
Oct 02 03:15:26 server record_context_hot_cue_getter_status_matrix.sh[2331405]:     "playlist.smart_numeric_boundary.bpm_equal_int32_max": 7611,
Oct 02 03:15:26 server record_context_hot_cue_getter_status_matrix.sh[2331405]:     "playlist.smart_numeric_boundary.bpm_greater_int32_max": 7612,
Oct 02 03:15:26 server record_context_hot_cue_getter_status_matrix.sh[2331405]:     "playlist.smart_numeric_boundary.bpm_equal_int32_plus_one": 7613,
Oct 02 03:15:26 server record_context_hot_cue_getter_status_matrix.sh[2331405]:     "playlist.smart_numeric_boundary.bpm_equal_uint32_max": 7614,
Oct 02 03:15:26 server record_context_hot_cue_getter_status_matrix.sh[2331405]:     "playlist.smart_numeric_boundary.bpm_equal_uint32_plus_one": 7615,
Oct 02 03:15:26 server record_context_hot_cue_getter_status_matrix.sh[2331405]:     "playlist.smart_numeric_boundary.bpm_missing_left_equal": 7616,
Oct 02 03:15:26 server record_context_hot_cue_getter_status_matrix.sh[2331405]:     "playlist.smart_numeric_boundary.bpm_missing_left_not_equal": 7617,
Oct 02 03:15:26 server record_context_hot_cue_getter_status_matrix.sh[2331405]:     "playlist.smart_numeric_boundary.bpm_range_missing_left": 7618,
Oct 02 03:15:26 server record_context_hot_cue_getter_status_matrix.sh[2331405]:     "playlist.smart_numeric_boundary.bpm_range_missing_right": 7619,
Oct 02 03:15:26 server record_context_hot_cue_getter_status_matrix.sh[2331405]:     "playlist.smart_numeric_boundary.bpm_range_both_missing": 7620,
Oct 02 03:15:26 server record_context_hot_cue_getter_status_matrix.sh[2331405]:     "playlist.smart_numeric_boundary.rating_equal_zero": 7621,
Oct 02 03:15:26 server record_context_hot_cue_getter_status_matrix.sh[2331405]:     "playlist.smart_numeric_boundary.rating_not_equal_zero": 7622,
Oct 02 03:15:26 server record_context_hot_cue_getter_status_matrix.sh[2331405]:     "playlist.smart_numeric_boundary.rating_greater_zero": 7623,
Oct 02 03:15:26 server record_context_hot_cue_getter_status_matrix.sh[2331405]:     "playlist.smart_numeric_boundary.rating_less_zero": 7624,
Oct 02 03:15:26 server record_context_hot_cue_getter_status_matrix.sh[2331405]:     "playlist.smart_numeric_boundary.rating_range_minus_one_to_one": 7625,
Oct 02 03:15:26 server record_context_hot_cue_getter_status_matrix.sh[2331405]:     "playlist.smart_numeric_boundary.rating_equal_half": 7626,
Oct 02 03:15:26 server record_context_hot_cue_getter_status_matrix.sh[2331405]:     "playlist.smart_numeric_boundary.rating_not_equal_half": 7627,
Oct 02 03:15:26 server record_context_hot_cue_getter_status_matrix.sh[2331405]:     "playlist.smart_numeric_boundary.rating_greater_half": 7628,
Oct 02 03:15:26 server record_context_hot_cue_getter_status_matrix.sh[2331405]:     "playlist.smart_numeric_boundary.rating_less_half": 7629,
Oct 02 03:15:26 server record_context_hot_cue_getter_status_matrix.sh[2331405]:     "playlist.smart_numeric_boundary.rating_range_half_to_one_half": 7630,
Oct 02 03:15:26 server record_context_hot_cue_getter_status_matrix.sh[2331405]:     "playlist.smart_numeric_boundary.rating_equal_int32_max": 7631,
Oct 02 03:15:26 server record_context_hot_cue_getter_status_matrix.sh[2331405]:     "playlist.smart_numeric_boundary.rating_greater_int32_max": 7632,
Oct 02 03:15:26 server record_context_hot_cue_getter_status_matrix.sh[2331405]:     "playlist.smart_numeric_boundary.rating_equal_int32_plus_one": 7633,
Oct 02 03:15:26 server record_context_hot_cue_getter_status_matrix.sh[2331405]:     "playlist.smart_numeric_boundary.rating_equal_uint32_max": 7634,
Oct 02 03:15:26 server record_context_hot_cue_getter_status_matrix.sh[2331405]:     "playlist.smart_numeric_boundary.rating_equal_uint32_plus_one": 7635,
Oct 02 03:15:26 server record_context_hot_cue_getter_status_matrix.sh[2331405]:     "playlist.smart_numeric_boundary.rating_missing_left_equal": 7636,
Oct 02 03:15:26 server record_context_hot_cue_getter_status_matrix.sh[2331405]:     "playlist.smart_numeric_boundary.rating_missing_left_not_equal": 7637,
Oct 02 03:15:26 server record_context_hot_cue_getter_status_matrix.sh[2331405]:     "playlist.smart_numeric_boundary.rating_range_missing_left": 7638,
Oct 02 03:15:26 server record_context_hot_cue_getter_status_matrix.sh[2331405]:     "playlist.smart_numeric_boundary.rating_range_missing_right": 7639,
Oct 02 03:15:26 server record_context_hot_cue_getter_status_matrix.sh[2331405]:     "playlist.smart_numeric_boundary.rating_range_both_missing": 7640,
Oct 02 03:15:26 server record_context_hot_cue_getter_status_matrix.sh[2331405]:     "playlist.smart_numeric_boundary.play_count_equal_zero": 7641,
Oct 02 03:15:26 server record_context_hot_cue_getter_status_matrix.sh[2331405]:     "playlist.smart_numeric_boundary.play_count_not_equal_zero": 7642,
Oct 02 03:15:26 server record_context_hot_cue_getter_status_matrix.sh[2331405]:     "playlist.smart_numeric_boundary.play_count_greater_zero": 7643,
Oct 02 03:15:26 server record_context_hot_cue_getter_status_matrix.sh[2331405]:     "playlist.smart_numeric_boundary.play_count_less_zero": 7644,
Oct 02 03:15:26 server record_context_hot_cue_getter_status_matrix.sh[2331405]:     "playlist.smart_numeric_boundary.play_count_range_minus_one_to_one": 7645,
Oct 02 03:15:26 server record_context_hot_cue_getter_status_matrix.sh[2331405]:     "playlist.smart_numeric_boundary.play_count_equal_half": 7646,
Oct 02 03:15:26 server record_context_hot_cue_getter_status_matrix.sh[2331405]:     "playlist.smart_numeric_boundary.play_count_not_equal_half": 7647,
Oct 02 03:15:26 server record_context_hot_cue_getter_status_matrix.sh[2331405]:     "playlist.smart_numeric_boundary.play_count_greater_half": 7648,
Oct 02 03:15:26 server record_context_hot_cue_getter_status_matrix.sh[2331405]:     "playlist.smart_numeric_boundary.play_count_less_half": 7649,
Oct 02 03:15:26 server record_context_hot_cue_getter_status_matrix.sh[2331405]:     "playlist.smart_numeric_boundary.play_count_range_half_to_one_half": 7650,
Oct 02 03:15:26 server record_context_hot_cue_getter_status_matrix.sh[2331405]:     "playlist.smart_numeric_boundary.play_count_equal_int32_max": 7651,
Oct 02 03:15:26 server record_context_hot_cue_getter_status_matrix.sh[2331405]:     "playlist.smart_numeric_boundary.play_count_greater_int32_max": 7652,
Oct 02 03:15:26 server record_context_hot_cue_getter_status_matrix.sh[2331405]:     "playlist.smart_numeric_boundary.play_count_equal_int32_plus_one": 7653,
Oct 02 03:15:26 server record_context_hot_cue_getter_status_matrix.sh[2331405]:     "playlist.smart_numeric_boundary.play_count_equal_uint32_max": 7654,
Oct 02 03:15:26 server record_context_hot_cue_getter_status_matrix.sh[2331405]:     "playlist.smart_numeric_boundary.play_count_equal_uint32_plus_one": 7655,
Oct 02 03:15:26 server record_context_hot_cue_getter_status_matrix.sh[2331405]:     "playlist.smart_numeric_boundary.play_count_missing_left_equal": 7656,
Oct 02 03:15:26 server record_context_hot_cue_getter_status_matrix.sh[2331405]:     "playlist.smart_numeric_boundary.play_count_missing_left_not_equal": 7657,
Oct 02 03:15:26 server record_context_hot_cue_getter_status_matrix.sh[2331405]:     "playlist.smart_numeric_boundary.play_count_range_missing_left": 7658,
Oct 02 03:15:26 server record_context_hot_cue_getter_status_matrix.sh[2331405]:     "playlist.smart_numeric_boundary.play_count_range_missing_right": 7659,
Oct 02 03:15:26 server record_context_hot_cue_getter_status_matrix.sh[2331405]:     "playlist.smart_numeric_boundary.play_count_range_both_missing": 7660,
Oct 02 03:15:26 server record_context_hot_cue_getter_status_matrix.sh[2331405]:     "playlist.smart_numeric_boundary.duration_equal_zero": 7661,
Oct 02 03:15:26 server record_context_hot_cue_getter_status_matrix.sh[2331405]:     "playlist.smart_numeric_boundary.duration_not_equal_zero": 7662,
Oct 02 03:15:26 server record_context_hot_cue_getter_status_matrix.sh[2331405]:     "playlist.smart_numeric_boundary.duration_greater_zero": 7663,
Oct 02 03:15:26 server record_context_hot_cue_getter_status_matrix.sh[2331405]:     "playlist.smart_numeric_boundary.duration_less_zero": 7664,
Oct 02 03:15:26 server record_context_hot_cue_getter_status_matrix.sh[2331405]:     "playlist.smart_numeric_boundary.duration_range_minus_one_to_one": 7665,
Oct 02 03:15:26 server record_context_hot_cue_getter_status_matrix.sh[2331405]:     "playlist.smart_numeric_boundary.duration_equal_half": 7666,
Oct 02 03:15:26 server record_context_hot_cue_getter_status_matrix.sh[2331405]:     "playlist.smart_numeric_boundary.duration_not_equal_half": 7667,
Oct 02 03:15:26 server record_context_hot_cue_getter_status_matrix.sh[2331405]:     "playlist.smart_numeric_boundary.duration_greater_half": 7668,
Oct 02 03:15:26 server record_context_hot_cue_getter_status_matrix.sh[2331405]:     "playlist.smart_numeric_boundary.duration_less_half": 7669,
Oct 02 03:15:26 server record_context_hot_cue_getter_status_matrix.sh[2331405]:     "playlist.smart_numeric_boundary.duration_range_half_to_one_half": 7670,
Oct 02 03:15:26 server record_context_hot_cue_getter_status_matrix.sh[2331405]:     "playlist.smart_numeric_boundary.duration_equal_int32_max": 7671,
Oct 02 03:15:26 server record_context_hot_cue_getter_status_matrix.sh[2331405]:     "playlist.smart_numeric_boundary.duration_greater_int32_max": 7672,
Oct 02 03:15:26 server record_context_hot_cue_getter_status_matrix.sh[2331405]:     "playlist.smart_numeric_boundary.duration_equal_int32_plus_one": 7673,
Oct 02 03:15:26 server record_context_hot_cue_getter_status_matrix.sh[2331405]:     "playlist.smart_numeric_boundary.duration_equal_uint32_max": 7674,
Oct 02 03:15:26 server record_context_hot_cue_getter_status_matrix.sh[2331405]:     "playlist.smart_numeric_boundary.duration_equal_uint32_plus_one": 7675,
Oct 02 03:15:26 server record_context_hot_cue_getter_status_matrix.sh[2331405]:     "playlist.smart_numeric_boundary.duration_missing_left_equal": 7676,
Oct 02 03:15:26 server record_context_hot_cue_getter_status_matrix.sh[2331405]:     "playlist.smart_numeric_boundary.duration_missing_left_not_equal": 7677,
Oct 02 03:15:26 server record_context_hot_cue_getter_status_matrix.sh[2331405]:     "playlist.smart_numeric_boundary.duration_range_missing_left": 7678,
Oct 02 03:15:26 server record_context_hot_cue_getter_status_matrix.sh[2331405]:     "playlist.smart_numeric_boundary.duration_range_missing_right": 7679,
Oct 02 03:15:26 server record_context_hot_cue_getter_status_matrix.sh[2331405]:     "playlist.smart_numeric_boundary.duration_range_both_missing": 7680,
Oct 02 03:15:26 server record_context_hot_cue_getter_status_matrix.sh[2331405]:     "playlist.smart_numeric_boundary.year_equal_zero": 7681,
Oct 02 03:15:26 server record_context_hot_cue_getter_status_matrix.sh[2331405]:     "playlist.smart_numeric_boundary.year_not_equal_zero": 7682,
Oct 02 03:15:26 server record_context_hot_cue_getter_status_matrix.sh[2331405]:     "playlist.smart_numeric_boundary.year_greater_zero": 7683,
Oct 02 03:15:26 server record_context_hot_cue_getter_status_matrix.sh[2331405]:     "playlist.smart_numeric_boundary.year_less_zero": 7684,
Oct 02 03:15:26 server record_context_hot_cue_getter_status_matrix.sh[2331405]:     "playlist.smart_numeric_boundary.year_range_minus_one_to_one": 7685,
Oct 02 03:15:26 server record_context_hot_cue_getter_status_matrix.sh[2331405]:     "playlist.smart_numeric_boundary.year_equal_half": 7686,
Oct 02 03:15:26 server record_context_hot_cue_getter_status_matrix.sh[2331405]:     "playlist.smart_numeric_boundary.year_not_equal_half": 7687,
Oct 02 03:15:26 server record_context_hot_cue_getter_status_matrix.sh[2331405]:     "playlist.smart_numeric_boundary.year_greater_half": 7688,
Oct 02 03:15:26 server record_context_hot_cue_getter_status_matrix.sh[2331405]:     "playlist.smart_numeric_boundary.year_less_half": 7689,
Oct 02 03:15:26 server record_context_hot_cue_getter_status_matrix.sh[2331405]:     "playlist.smart_numeric_boundary.year_range_half_to_one_half": 7690,
Oct 02 03:15:26 server record_context_hot_cue_getter_status_matrix.sh[2331405]:     "playlist.smart_numeric_boundary.year_equal_int32_max": 7691,
Oct 02 03:15:26 server record_context_hot_cue_getter_status_matrix.sh[2331405]:     "playlist.smart_numeric_boundary.year_greater_int32_max": 7692,
Oct 02 03:15:26 server record_context_hot_cue_getter_status_matrix.sh[2331405]:     "playlist.smart_numeric_boundary.year_equal_int32_plus_one": 7693,
Oct 02 03:15:26 server record_context_hot_cue_getter_status_matrix.sh[2331405]:     "playlist.smart_numeric_boundary.year_equal_uint32_max": 7694,
Oct 02 03:15:26 server record_context_hot_cue_getter_status_matrix.sh[2331405]:     "playlist.smart_numeric_boundary.year_equal_uint32_plus_one": 7695,
Oct 02 03:15:26 server record_context_hot_cue_getter_status_matrix.sh[2331405]:     "playlist.smart_numeric_boundary.year_missing_left_equal": 7696,
Oct 02 03:15:26 server record_context_hot_cue_getter_status_matrix.sh[2331405]:     "playlist.smart_numeric_boundary.year_missing_left_not_equal": 7697,
Oct 02 03:15:26 server record_context_hot_cue_getter_status_matrix.sh[2331405]:     "playlist.smart_numeric_boundary.year_range_missing_left": 7698,
Oct 02 03:15:26 server record_context_hot_cue_getter_status_matrix.sh[2331405]:     "playlist.smart_numeric_boundary.year_range_missing_right": 7699,
Oct 02 03:15:26 server record_context_hot_cue_getter_status_matrix.sh[2331405]:     "playlist.smart_numeric_boundary.year_range_both_missing": 7700,
Oct 02 03:15:26 server record_context_hot_cue_getter_status_matrix.sh[2331405]:     "playlist.smart_property.artist": 6501,
Oct 02 03:15:26 server record_context_hot_cue_getter_status_matrix.sh[2331405]:     "playlist.smart_property.album": 6502,
Oct 02 03:15:26 server record_context_hot_cue_getter_status_matrix.sh[2331405]:     "playlist.smart_property.album_artist": 6503,
Oct 02 03:15:26 server record_context_hot_cue_getter_status_matrix.sh[2331405]:     "playlist.smart_property.original_artist": 6504,
Oct 02 03:15:26 server record_context_hot_cue_getter_status_matrix.sh[2331405]:     "playlist.smart_property.bpm": 6505,
Oct 02 03:15:26 server record_context_hot_cue_getter_status_matrix.sh[2331405]:     "playlist.smart_property.grouping": 6506,
Oct 02 03:15:26 server record_context_hot_cue_getter_status_matrix.sh[2331405]:     "playlist.smart_property.comments": 6507,
Oct 02 03:15:26 server record_context_hot_cue_getter_status_matrix.sh[2331405]:     "playlist.smart_property.producer": 6508,
Oct 02 03:15:26 server record_context_hot_cue_getter_status_matrix.sh[2331405]:     "playlist.smart_property.stock_date": 6509,
Oct 02 03:15:26 server record_context_hot_cue_getter_status_matrix.sh[2331405]:     "playlist.smart_property.date_created_field": 6510,
Oct 02 03:15:26 server record_context_hot_cue_getter_status_matrix.sh[2331405]:     "playlist.smart_property.date_created_audit": 6511,
Oct 02 03:15:26 server record_context_hot_cue_getter_status_matrix.sh[2331405]:     "playlist.smart_property.counter": 6512,
Oct 02 03:15:26 server record_context_hot_cue_getter_status_matrix.sh[2331405]:     "playlist.smart_property.file_name": 6513,
Oct 02 03:15:26 server record_context_hot_cue_getter_status_matrix.sh[2331405]:     "playlist.smart_property.genre": 6514,
Oct 02 03:15:26 server record_context_hot_cue_getter_status_matrix.sh[2331405]:     "playlist.smart_property.key": 6515,
Oct 02 03:15:26 server record_context_hot_cue_getter_status_matrix.sh[2331405]:     "playlist.smart_property.label": 6516,
Oct 02 03:15:26 server record_context_hot_cue_getter_status_matrix.sh[2331405]:     "playlist.smart_property.mix_name": 6517,
Oct 02 03:15:26 server record_context_hot_cue_getter_status_matrix.sh[2331405]:     "playlist.smart_property.my_tag_warmup_raw": 6518,
Oct 02 03:15:26 server record_context_hot_cue_getter_status_matrix.sh[2331405]:     "playlist.smart_property.my_tag_warmup_signed": 6519,
Oct 02 03:15:26 server record_context_hot_cue_getter_status_matrix.sh[2331405]:     "playlist.smart_property.my_tag_vocal_raw": 6520,
Oct 02 03:15:26 server record_context_hot_cue_getter_status_matrix.sh[2331405]:     "playlist.smart_property.my_tag_vocal_signed": 6521,
Oct 02 03:15:26 server record_context_hot_cue_getter_status_matrix.sh[2331405]:     "playlist.smart_property.rating": 6522,
Oct 02 03:15:26 server record_context_hot_cue_getter_status_matrix.sh[2331405]:     "playlist.smart_property.date_released": 6523,
Oct 02 03:15:26 server record_context_hot_cue_getter_status_matrix.sh[2331405]:     "playlist.smart_property.remixed_by": 6524,
Oct 02 03:15:26 server record_context_hot_cue_getter_status_matrix.sh[2331405]:     "playlist.smart_property.duration": 6525,
Oct 02 03:15:26 server record_context_hot_cue_getter_status_matrix.sh[2331405]:     "playlist.smart_property.name": 6526,
Oct 02 03:15:26 server record_context_hot_cue_getter_status_matrix.sh[2331405]:     "playlist.smart_property.year": 6527,
Oct 02 03:15:26 server record_context_hot_cue_getter_status_matrix.sh[2331405]:     "playlist.smart_property.alias_title": 6528,
Oct 02 03:15:26 server record_context_hot_cue_getter_status_matrix.sh[2331405]:     "playlist.smart_property.alias_color": 6529,
Oct 02 03:15:26 server record_context_hot_cue_getter_status_matrix.sh[2331405]:     "playlist.smart_property.alias_play_count": 6530,
Oct 02 03:15:26 server record_context_hot_cue_getter_status_matrix.sh[2331405]:     "playlist.smart_property.alias_remixer": 6531,
Oct 02 03:15:26 server record_context_hot_cue_getter_status_matrix.sh[2331405]:     "playlist.smart_property.alias_composer": 6532,
Oct 02 03:15:26 server record_context_hot_cue_getter_status_matrix.sh[2331405]:     "playlist.smart_property.alias_filename_lowercase": 6533,
Oct 02 03:15:26 server record_context_hot_cue_getter_status_matrix.sh[2331405]:     "playlist.smart_date.stock_date_operator_01": 6701,
Oct 02 03:15:26 server record_context_hot_cue_getter_status_matrix.sh[2331405]:     "playlist.smart_date.stock_date_operator_02": 6702,
Oct 02 03:15:26 server record_context_hot_cue_getter_status_matrix.sh[2331405]:     "playlist.smart_date.stock_date_operator_03": 6703,
Oct 02 03:15:26 server record_context_hot_cue_getter_status_matrix.sh[2331405]:     "playlist.smart_date.stock_date_operator_04": 6704,
Oct 02 03:15:26 server record_context_hot_cue_getter_status_matrix.sh[2331405]:     "playlist.smart_date.stock_date_operator_05": 6705,
Oct 02 03:15:26 server record_context_hot_cue_getter_status_matrix.sh[2331405]:     "playlist.smart_date.stock_date_reversed_range": 6706,
Oct 02 03:15:26 server record_context_hot_cue_getter_status_matrix.sh[2331405]:     "playlist.smart_date.stock_date_blank_equal": 6707,
Oct 02 03:15:26 server record_context_hot_cue_getter_status_matrix.sh[2331405]:     "playlist.smart_date.stock_date_blank_not_equal": 6708,
Oct 02 03:15:26 server record_context_hot_cue_getter_status_matrix.sh[2331405]:     "playlist.smart_date.stock_date_invalid_equal": 6709,
Oct 02 03:15:26 server record_context_hot_cue_getter_status_matrix.sh[2331405]:     "playlist.smart_date.stock_date_invalid_not_equal": 6710,
Oct 02 03:15:26 server record_context_hot_cue_getter_status_matrix.sh[2331405]:     "playlist.smart_date.date_created_operator_01": 6711,
Oct 02 03:15:26 server record_context_hot_cue_getter_status_matrix.sh[2331405]:     "playlist.smart_date.date_created_operator_02": 6712,
Oct 02 03:15:26 server record_context_hot_cue_getter_status_matrix.sh[2331405]:     "playlist.smart_date.date_created_operator_03": 6713,
Oct 02 03:15:26 server record_context_hot_cue_getter_status_matrix.sh[2331405]:     "playlist.smart_date.date_created_operator_04": 6714,
Oct 02 03:15:26 server record_context_hot_cue_getter_status_matrix.sh[2331405]:     "playlist.smart_date.date_created_operator_05": 6715,
Oct 02 03:15:26 server record_context_hot_cue_getter_status_matrix.sh[2331405]:     "playlist.smart_date.date_created_reversed_range": 6716,
Oct 02 03:15:26 server record_context_hot_cue_getter_status_matrix.sh[2331405]:     "playlist.smart_date.date_created_blank_equal": 6717,
Oct 02 03:15:26 server record_context_hot_cue_getter_status_matrix.sh[2331405]:     "playlist.smart_date.date_created_blank_not_equal": 6718,
Oct 02 03:15:26 server record_context_hot_cue_getter_status_matrix.sh[2331405]:     "playlist.smart_date.date_created_invalid_equal": 6719,
Oct 02 03:15:26 server record_context_hot_cue_getter_status_matrix.sh[2331405]:     "playlist.smart_date.date_created_invalid_not_equal": 6720,
Oct 02 03:15:26 server record_context_hot_cue_getter_status_matrix.sh[2331405]:     "playlist.smart_date.date_released_operator_01": 6721,
Oct 02 03:15:26 server record_context_hot_cue_getter_status_matrix.sh[2331405]:     "playlist.smart_date.date_released_operator_02": 6722,
Oct 02 03:15:26 server record_context_hot_cue_getter_status_matrix.sh[2331405]:     "playlist.smart_date.date_released_operator_03": 6723,
Oct 02 03:15:26 server record_context_hot_cue_getter_status_matrix.sh[2331405]:     "playlist.smart_date.date_released_operator_04": 6724,
Oct 02 03:15:26 server record_context_hot_cue_getter_status_matrix.sh[2331405]:     "playlist.smart_date.date_released_operator_05": 6725,
Oct 02 03:15:26 server record_context_hot_cue_getter_status_matrix.sh[2331405]:     "playlist.smart_date.date_released_reversed_range": 6726,
Oct 02 03:15:26 server record_context_hot_cue_getter_status_matrix.sh[2331405]:     "playlist.smart_date.date_released_blank_equal": 6727,
Oct 02 03:15:26 server record_context_hot_cue_getter_status_matrix.sh[2331405]:     "playlist.smart_date.date_released_blank_not_equal": 6728,
Oct 02 03:15:26 server record_context_hot_cue_getter_status_matrix.sh[2331405]:     "playlist.smart_date.date_released_invalid_equal": 6729,
Oct 02 03:15:26 server record_context_hot_cue_getter_status_matrix.sh[2331405]:     "playlist.smart_date.date_released_invalid_not_equal": 6730,
Oct 02 03:15:26 server record_context_hot_cue_getter_status_matrix.sh[2331405]:     "playlist.smart_relative_date.stock_date_day_operator_06": 6801,
Oct 02 03:15:26 server record_context_hot_cue_getter_status_matrix.sh[2331405]:     "playlist.smart_relative_date.stock_date_day_operator_07": 6802,
Oct 02 03:15:26 server record_context_hot_cue_getter_status_matrix.sh[2331405]:     "playlist.smart_relative_date.stock_date_week_operator_06": 6803,
Oct 02 03:15:26 server record_context_hot_cue_getter_status_matrix.sh[2331405]:     "playlist.smart_relative_date.stock_date_week_operator_07": 6804,
Oct 02 03:15:26 server record_context_hot_cue_getter_status_matrix.sh[2331405]:     "playlist.smart_relative_date.stock_date_month_operator_06": 6805,
Oct 02 03:15:26 server record_context_hot_cue_getter_status_matrix.sh[2331405]:     "playlist.smart_relative_date.stock_date_month_operator_07": 6806,
Oct 02 03:15:26 server record_context_hot_cue_getter_status_matrix.sh[2331405]:     "playlist.smart_relative_date.stock_date_year_operator_06": 6807,
Oct 02 03:15:26 server record_context_hot_cue_getter_status_matrix.sh[2331405]:     "playlist.smart_relative_date.stock_date_year_operator_07": 6808,
Oct 02 03:15:26 server record_context_hot_cue_getter_status_matrix.sh[2331405]:     "playlist.smart_relative_date.date_created_day_operator_06": 6809,
Oct 02 03:15:26 server record_context_hot_cue_getter_status_matrix.sh[2331405]:     "playlist.smart_relative_date.date_created_day_operator_07": 6810,
Oct 02 03:15:26 server record_context_hot_cue_getter_status_matrix.sh[2331405]:     "playlist.smart_relative_date.date_created_week_operator_06": 6811,
Oct 02 03:15:26 server record_context_hot_cue_getter_status_matrix.sh[2331405]:     "playlist.smart_relative_date.date_created_week_operator_07": 6812,
Oct 02 03:15:26 server record_context_hot_cue_getter_status_matrix.sh[2331405]:     "playlist.smart_relative_date.date_created_month_operator_06": 6813,
Oct 02 03:15:26 server record_context_hot_cue_getter_status_matrix.sh[2331405]:     "playlist.smart_relative_date.date_created_month_operator_07": 6814,
Oct 02 03:15:26 server record_context_hot_cue_getter_status_matrix.sh[2331405]:     "playlist.smart_relative_date.date_created_year_operator_06": 6815,
Oct 02 03:15:26 server record_context_hot_cue_getter_status_matrix.sh[2331405]:     "playlist.smart_relative_date.date_created_year_operator_07": 6816,
Oct 02 03:15:26 server record_context_hot_cue_getter_status_matrix.sh[2331405]:     "playlist.smart_relative_date.date_released_day_operator_06": 6817,
Oct 02 03:15:26 server record_context_hot_cue_getter_status_matrix.sh[2331405]:     "playlist.smart_relative_date.date_released_day_operator_07": 6818,
Oct 02 03:15:26 server record_context_hot_cue_getter_status_matrix.sh[2331405]:     "playlist.smart_relative_date.date_released_week_operator_06": 6819,
Oct 02 03:15:26 server record_context_hot_cue_getter_status_matrix.sh[2331405]:     "playlist.smart_relative_date.date_released_week_operator_07": 6820,
Oct 02 03:15:26 server record_context_hot_cue_getter_status_matrix.sh[2331405]:     "playlist.smart_relative_date.date_released_month_operator_06": 6821,
Oct 02 03:15:26 server record_context_hot_cue_getter_status_matrix.sh[2331405]:     "playlist.smart_relative_date.date_released_month_operator_07": 6822,
Oct 02 03:15:26 server record_context_hot_cue_getter_status_matrix.sh[2331405]:     "playlist.smart_relative_date.date_released_year_operator_06": 6823,
Oct 02 03:15:26 server record_context_hot_cue_getter_status_matrix.sh[2331405]:     "playlist.smart_relative_date.date_released_year_operator_07": 6824,
Oct 02 03:15:26 server record_context_hot_cue_getter_status_matrix.sh[2331405]:     "playlist.smart_relative_date.stock_date_unit_days_operator_06": 6825,
Oct 02 03:15:26 server record_context_hot_cue_getter_status_matrix.sh[2331405]:     "playlist.smart_relative_date.stock_date_unit_days_operator_07": 6826,
Oct 02 03:15:26 server record_context_hot_cue_getter_status_matrix.sh[2331405]:     "playlist.smart_relative_date.stock_date_unit_weeks_operator_06": 6827,
Oct 02 03:15:26 server record_context_hot_cue_getter_status_matrix.sh[2331405]:     "playlist.smart_relative_date.stock_date_unit_weeks_operator_07": 6828,
Oct 02 03:15:26 server record_context_hot_cue_getter_status_matrix.sh[2331405]:     "playlist.smart_relative_date.stock_date_unit_months_operator_06": 6829,
Oct 02 03:15:26 server record_context_hot_cue_getter_status_matrix.sh[2331405]:     "playlist.smart_relative_date.stock_date_unit_months_operator_07": 6830,
Oct 02 03:15:26 server record_context_hot_cue_getter_status_matrix.sh[2331405]:     "playlist.smart_relative_date.stock_date_unit_years_operator_06": 6831,
Oct 02 03:15:26 server record_context_hot_cue_getter_status_matrix.sh[2331405]:     "playlist.smart_relative_date.stock_date_unit_years_operator_07": 6832,
Oct 02 03:15:26 server record_context_hot_cue_getter_status_matrix.sh[2331405]:     "playlist.smart_relative_date.stock_date_unit_uppercase_month_operator_06": 6833,
Oct 02 03:15:26 server record_context_hot_cue_getter_status_matrix.sh[2331405]:     "playlist.smart_relative_date.stock_date_unit_uppercase_month_operator_07": 6834,
Oct 02 03:15:26 server record_context_hot_cue_getter_status_matrix.sh[2331405]:     "playlist.smart_relative_date.stock_date_unit_empty_operator_06": 6835,
Oct 02 03:15:26 server record_context_hot_cue_getter_status_matrix.sh[2331405]:     "playlist.smart_relative_date.stock_date_unit_empty_operator_07": 6836,
Oct 02 03:15:26 server record_context_hot_cue_getter_status_matrix.sh[2331405]:     "playlist.smart_relative_date.stock_date_unit_unknown_operator_06": 6837,
Oct 02 03:15:26 server record_context_hot_cue_getter_status_matrix.sh[2331405]:     "playlist.smart_relative_date.stock_date_unit_unknown_operator_07": 6838,
Oct 02 03:15:26 server record_context_hot_cue_getter_status_matrix.sh[2331405]:     "playlist.smart_relative_date.stock_date_count_zero_operator_06": 6839,
Oct 02 03:15:26 server record_context_hot_cue_getter_status_matrix.sh[2331405]:     "playlist.smart_relative_date.stock_date_count_zero_operator_07": 6840,
Oct 02 03:15:26 server record_context_hot_cue_getter_status_matrix.sh[2331405]:     "playlist.smart_relative_date.stock_date_count_negative_operator_06": 6841,
Oct 02 03:15:26 server record_context_hot_cue_getter_status_matrix.sh[2331405]:     "playlist.smart_relative_date.stock_date_count_negative_operator_07": 6842,
Oct 02 03:15:26 server record_context_hot_cue_getter_status_matrix.sh[2331405]:     "playlist.smart_relative_date.stock_date_count_blank_operator_06": 6843,
Oct 02 03:15:26 server record_context_hot_cue_getter_status_matrix.sh[2331405]:     "playlist.smart_relative_date.stock_date_count_blank_operator_07": 6844,
Oct 02 03:15:26 server record_context_hot_cue_getter_status_matrix.sh[2331405]:     "playlist.smart_relative_date.stock_date_count_invalid_operator_06": 6845,
Oct 02 03:15:26 server record_context_hot_cue_getter_status_matrix.sh[2331405]:     "playlist.smart_relative_date.stock_date_count_invalid_operator_07": 6846,
Oct 02 03:15:26 server record_context_hot_cue_getter_status_matrix.sh[2331405]:     "playlist.smart_relative_date.stock_date_count_fractional_operator_06": 6847,
Oct 02 03:15:26 server record_context_hot_cue_getter_status_matrix.sh[2331405]:     "playlist.smart_relative_date.stock_date_count_fractional_operator_07": 6848,
Oct 02 03:15:26 server record_context_hot_cue_getter_status_matrix.sh[2331405]:     "playlist.smart_relative_date.stock_date_count_two_operator_06": 6849,
Oct 02 03:15:26 server record_context_hot_cue_getter_status_matrix.sh[2331405]:     "playlist.smart_relative_date.stock_date_count_two_operator_07": 6850,
Oct 02 03:15:26 server record_context_hot_cue_getter_status_matrix.sh[2331405]:     "playlist.smart_relative_date.stock_date_count_thirty_one_operator_06": 6851,
Oct 02 03:15:26 server record_context_hot_cue_getter_status_matrix.sh[2331405]:     "playlist.smart_relative_date.stock_date_count_thirty_one_operator_07": 6852,
Oct 02 03:15:26 server record_context_hot_cue_getter_status_matrix.sh[2331405]:     "playlist.smart_relative_date.stock_date_month_count_two_operator_06": 6853,
Oct 02 03:15:26 server record_context_hot_cue_getter_status_matrix.sh[2331405]:     "playlist.smart_relative_date.stock_date_month_count_two_operator_07": 6854,
Oct 02 03:15:26 server record_context_hot_cue_getter_status_matrix.sh[2331405]:     "playlist.smart_relative_date.stock_date_right_31_operator_06": 6855,
Oct 02 03:15:26 server record_context_hot_cue_getter_status_matrix.sh[2331405]:     "playlist.smart_relative_date.stock_date_right_31_operator_07": 6856,
Oct 02 03:15:26 server record_context_hot_cue_getter_status_matrix.sh[2331405]:     "track.date_format.canonical_jan_31": 11001,
Oct 02 03:15:26 server record_context_hot_cue_getter_status_matrix.sh[2331405]:     "track.date_format.canonical_leap_day": 11002,
Oct 02 03:15:26 server record_context_hot_cue_getter_status_matrix.sh[2331405]:     "track.date_format.canonical_epoch": 11003,
Oct 02 03:15:26 server record_context_hot_cue_getter_status_matrix.sh[2331405]:     "track.date_format.pre_epoch": 11004,
Oct 02 03:15:26 server record_context_hot_cue_getter_status_matrix.sh[2331405]:     "track.date_format.year_zero": 11005,
Oct 02 03:15:26 server record_context_hot_cue_getter_status_matrix.sh[2331405]:     "track.date_format.year_9999": 11006,
Oct 02 03:15:26 server record_context_hot_cue_getter_status_matrix.sh[2331405]:     "track.date_format.separator_slash": 11007,
Oct 02 03:15:26 server record_context_hot_cue_getter_status_matrix.sh[2331405]:     "track.date_format.separator_dot": 11008,
Oct 02 03:15:26 server record_context_hot_cue_getter_status_matrix.sh[2331405]:     "track.date_format.separator_space": 11009,
Oct 02 03:15:26 server record_context_hot_cue_getter_status_matrix.sh[2331405]:     "track.date_format.separator_letters": 11010,
Oct 02 03:15:26 server record_context_hot_cue_getter_status_matrix.sh[2331405]:     "track.date_format.separator_unicode": 11011,
Oct 02 03:15:26 server record_context_hot_cue_getter_status_matrix.sh[2331405]:     "track.date_format.separator_newline": 11012,
Oct 02 03:15:26 server record_context_hot_cue_getter_status_matrix.sh[2331405]:     "track.date_format.nonleap_feb_29": 11013,
Oct 02 03:15:26 server record_context_hot_cue_getter_status_matrix.sh[2331405]:     "track.date_format.leap_feb_30": 11014,
Oct 02 03:15:26 server record_context_hot_cue_getter_status_matrix.sh[2331405]:     "track.date_format.nonleap_feb_30": 11015,
Oct 02 03:15:26 server record_context_hot_cue_getter_status_matrix.sh[2331405]:     "track.date_format.nonleap_feb_31": 11016,
Oct 02 03:15:26 server record_context_hot_cue_getter_status_matrix.sh[2331405]:     "track.date_format.april_31": 11017,
Oct 02 03:15:26 server record_context_hot_cue_getter_status_matrix.sh[2331405]:     "track.date_format.month_zero": 11018,
Oct 02 03:15:26 server record_context_hot_cue_getter_status_matrix.sh[2331405]:     "track.date_format.month_13": 11019,
Oct 02 03:15:26 server record_context_hot_cue_getter_status_matrix.sh[2331405]:     "track.date_format.day_zero": 11020,
Oct 02 03:15:26 server record_context_hot_cue_getter_status_matrix.sh[2331405]:     "track.date_format.day_32": 11021,
Oct 02 03:15:26 server record_context_hot_cue_getter_status_matrix.sh[2331405]:     "track.date_format.month_99": 11022,
Oct 02 03:15:26 server record_context_hot_cue_getter_status_matrix.sh[2331405]:     "track.date_format.day_99": 11023,
Oct 02 03:15:26 server record_context_hot_cue_getter_status_matrix.sh[2331405]:     "track.date_format.single_digit_month": 11024,
Oct 02 03:15:26 server record_context_hot_cue_getter_status_matrix.sh[2331405]:     "track.date_format.single_digit_day": 11025,
Oct 02 03:15:26 server record_context_hot_cue_getter_status_matrix.sh[2331405]:     "track.date_format.five_digit_year": 11026,
Oct 02 03:15:26 server record_context_hot_cue_getter_status_matrix.sh[2331405]:     "track.date_format.timestamp_t": 11027,
Oct 02 03:15:26 server record_context_hot_cue_getter_status_matrix.sh[2331405]:     "track.date_format.timestamp_space": 11028,
Oct 02 03:15:26 server record_context_hot_cue_getter_status_matrix.sh[2331405]:     "track.date_format.leading_space": 11029,
Oct 02 03:15:26 server record_context_hot_cue_getter_status_matrix.sh[2331405]:     "track.date_format.trailing_space": 11030,
Oct 02 03:15:26 server record_context_hot_cue_getter_status_matrix.sh[2331405]:     "track.date_format.not_a_date": 11031,
Oct 02 03:15:26 server record_context_hot_cue_getter_status_matrix.sh[2331405]:     "track.date_format.ascii_letters": 11032,
Oct 02 03:15:26 server record_context_hot_cue_getter_status_matrix.sh[2331405]:     "track.date_format.zero_digits": 11033,
Oct 02 03:15:26 server record_context_hot_cue_getter_status_matrix.sh[2331405]:     "track.date_format.letter_in_year": 11034,
Oct 02 03:15:26 server record_context_hot_cue_getter_status_matrix.sh[2331405]:     "track.date_format.plus_year": 11035,
Oct 02 03:15:26 server record_context_hot_cue_getter_status_matrix.sh[2331405]:     "track.date_format.minus_year": 11036,
Oct 02 03:15:26 server record_context_hot_cue_getter_status_matrix.sh[2331405]:     "track.date_format.fullwidth_digits": 11037,
Oct 02 03:15:26 server record_context_hot_cue_getter_status_matrix.sh[2331405]:     "track.date_format.empty": 11038,
Oct 02 03:15:26 server record_context_hot_cue_getter_status_matrix.sh[2331405]:     "track.date_format.embedded_nul": 11039,
Oct 02 03:15:26 server record_context_hot_cue_getter_status_matrix.sh[2331405]:     "track.date_format.null": 11040,
Oct 02 03:15:26 server record_context_hot_cue_getter_status_matrix.sh[2331405]:     "playlist.smart_date_format.stock_date_canonical_jan_31_equal": 6901,
Oct 02 03:15:26 server record_context_hot_cue_getter_status_matrix.sh[2331405]:     "playlist.smart_date_format.stock_date_canonical_leap_day_equal": 6902,
Oct 02 03:15:26 server record_context_hot_cue_getter_status_matrix.sh[2331405]:     "playlist.smart_date_format.stock_date_canonical_epoch_equal": 6903,
Oct 02 03:15:26 server record_context_hot_cue_getter_status_matrix.sh[2331405]:     "playlist.smart_date_format.stock_date_pre_epoch_equal": 6904,
Oct 02 03:15:26 server record_context_hot_cue_getter_status_matrix.sh[2331405]:     "playlist.smart_date_format.stock_date_year_zero_equal": 6905,
Oct 02 03:15:26 server record_context_hot_cue_getter_status_matrix.sh[2331405]:     "playlist.smart_date_format.stock_date_year_9999_equal": 6906,
Oct 02 03:15:26 server record_context_hot_cue_getter_status_matrix.sh[2331405]:     "playlist.smart_date_format.stock_date_separator_slash_equal": 6907,
Oct 02 03:15:26 server record_context_hot_cue_getter_status_matrix.sh[2331405]:     "playlist.smart_date_format.stock_date_separator_dot_equal": 6908,
Oct 02 03:15:26 server record_context_hot_cue_getter_status_matrix.sh[2331405]:     "playlist.smart_date_format.stock_date_separator_space_equal": 6909,
Oct 02 03:15:26 server record_context_hot_cue_getter_status_matrix.sh[2331405]:     "playlist.smart_date_format.stock_date_separator_letters_equal": 6910,
Oct 02 03:15:26 server record_context_hot_cue_getter_status_matrix.sh[2331405]:     "playlist.smart_date_format.stock_date_separator_unicode_equal": 6911,
Oct 02 03:15:26 server record_context_hot_cue_getter_status_matrix.sh[2331405]:     "playlist.smart_date_format.stock_date_separator_newline_equal": 6912,
Oct 02 03:15:26 server record_context_hot_cue_getter_status_matrix.sh[2331405]:     "playlist.smart_date_format.stock_date_nonleap_feb_29_equal": 6913,
Oct 02 03:15:26 server record_context_hot_cue_getter_status_matrix.sh[2331405]:     "playlist.smart_date_format.stock_date_leap_feb_30_equal": 6914,
Oct 02 03:15:26 server record_context_hot_cue_getter_status_matrix.sh[2331405]:     "playlist.smart_date_format.stock_date_nonleap_feb_30_equal": 6915,
Oct 02 03:15:26 server record_context_hot_cue_getter_status_matrix.sh[2331405]:     "playlist.smart_date_format.stock_date_nonleap_feb_31_equal": 6916,
Oct 02 03:15:26 server record_context_hot_cue_getter_status_matrix.sh[2331405]:     "playlist.smart_date_format.stock_date_april_31_equal": 6917,
Oct 02 03:15:26 server record_context_hot_cue_getter_status_matrix.sh[2331405]:     "playlist.smart_date_format.stock_date_month_zero_equal": 6918,
Oct 02 03:15:26 server record_context_hot_cue_getter_status_matrix.sh[2331405]:     "playlist.smart_date_format.stock_date_month_13_equal": 6919,
Oct 02 03:15:26 server record_context_hot_cue_getter_status_matrix.sh[2331405]:     "playlist.smart_date_format.stock_date_day_zero_equal": 6920,
Oct 02 03:15:26 server record_context_hot_cue_getter_status_matrix.sh[2331405]:     "playlist.smart_date_format.stock_date_day_32_equal": 6921,
Oct 02 03:15:26 server record_context_hot_cue_getter_status_matrix.sh[2331405]:     "playlist.smart_date_format.stock_date_month_99_equal": 6922,
Oct 02 03:15:26 server record_context_hot_cue_getter_status_matrix.sh[2331405]:     "playlist.smart_date_format.stock_date_day_99_equal": 6923,
Oct 02 03:15:26 server record_context_hot_cue_getter_status_matrix.sh[2331405]:     "playlist.smart_date_format.stock_date_single_digit_month_equal": 6924,
Oct 02 03:15:26 server record_context_hot_cue_getter_status_matrix.sh[2331405]:     "playlist.smart_date_format.stock_date_single_digit_day_equal": 6925,
Oct 02 03:15:26 server record_context_hot_cue_getter_status_matrix.sh[2331405]:     "playlist.smart_date_format.stock_date_five_digit_year_equal": 6926,
Oct 02 03:15:26 server record_context_hot_cue_getter_status_matrix.sh[2331405]:     "playlist.smart_date_format.stock_date_timestamp_t_equal": 6927,
Oct 02 03:15:26 server record_context_hot_cue_getter_status_matrix.sh[2331405]:     "playlist.smart_date_format.stock_date_timestamp_space_equal": 6928,
Oct 02 03:15:26 server record_context_hot_cue_getter_status_matrix.sh[2331405]:     "playlist.smart_date_format.stock_date_leading_space_equal": 6929,
Oct 02 03:15:26 server record_context_hot_cue_getter_status_matrix.sh[2331405]:     "playlist.smart_date_format.stock_date_trailing_space_equal": 6930,
Oct 02 03:15:26 server record_context_hot_cue_getter_status_matrix.sh[2331405]:     "playlist.smart_date_format.stock_date_not_a_date_equal": 6931,
Oct 02 03:15:26 server record_context_hot_cue_getter_status_matrix.sh[2331405]:     "playlist.smart_date_format.stock_date_ascii_letters_equal": 6932,
Oct 02 03:15:26 server record_context_hot_cue_getter_status_matrix.sh[2331405]:     "playlist.smart_date_format.stock_date_zero_digits_equal": 6933,
Oct 02 03:15:26 server record_context_hot_cue_getter_status_matrix.sh[2331405]:     "playlist.smart_date_format.stock_date_letter_in_year_equal": 6934,
Oct 02 03:15:26 server record_context_hot_cue_getter_status_matrix.sh[2331405]:     "playlist.smart_date_format.stock_date_plus_year_equal": 6935,
Oct 02 03:15:26 server record_context_hot_cue_getter_status_matrix.sh[2331405]:     "playlist.smart_date_format.stock_date_minus_year_equal": 6936,
Oct 02 03:15:26 server record_context_hot_cue_getter_status_matrix.sh[2331405]:     "playlist.smart_date_format.stock_date_fullwidth_digits_equal": 6937,
Oct 02 03:15:26 server record_context_hot_cue_getter_status_matrix.sh[2331405]:     "playlist.smart_date_format.stock_date_empty_equal": 6938,
Oct 02 03:15:26 server record_context_hot_cue_getter_status_matrix.sh[2331405]:     "playlist.smart_date_format.stock_date_canonical_not_equal": 6939,
Oct 02 03:15:26 server record_context_hot_cue_getter_status_matrix.sh[2331405]:     "playlist.smart_date_format.date_created_canonical_jan_31_equal": 6940,
Oct 02 03:15:26 server record_context_hot_cue_getter_status_matrix.sh[2331405]:     "playlist.smart_date_format.date_created_canonical_leap_day_equal": 6941,
Oct 02 03:15:26 server record_context_hot_cue_getter_status_matrix.sh[2331405]:     "playlist.smart_date_format.date_created_canonical_epoch_equal": 6942,
Oct 02 03:15:26 server record_context_hot_cue_getter_status_matrix.sh[2331405]:     "playlist.smart_date_format.date_created_pre_epoch_equal": 6943,
Oct 02 03:15:26 server record_context_hot_cue_getter_status_matrix.sh[2331405]:     "playlist.smart_date_format.date_created_year_zero_equal": 6944,
Oct 02 03:15:26 server record_context_hot_cue_getter_status_matrix.sh[2331405]:     "playlist.smart_date_format.date_created_year_9999_equal": 6945,
Oct 02 03:15:26 server record_context_hot_cue_getter_status_matrix.sh[2331405]:     "playlist.smart_date_format.date_created_separator_slash_equal": 6946,
Oct 02 03:15:26 server record_context_hot_cue_getter_status_matrix.sh[2331405]:     "playlist.smart_date_format.date_created_separator_dot_equal": 6947,
Oct 02 03:15:26 server record_context_hot_cue_getter_status_matrix.sh[2331405]:     "playlist.smart_date_format.date_created_separator_space_equal": 6948,
Oct 02 03:15:26 server record_context_hot_cue_getter_status_matrix.sh[2331405]:     "playlist.smart_date_format.date_created_separator_letters_equal": 6949,
Oct 02 03:15:26 server record_context_hot_cue_getter_status_matrix.sh[2331405]:     "playlist.smart_date_format.date_created_separator_unicode_equal": 6950,
Oct 02 03:15:26 server record_context_hot_cue_getter_status_matrix.sh[2331405]:     "playlist.smart_date_format.date_created_separator_newline_equal": 6951,
Oct 02 03:15:26 server record_context_hot_cue_getter_status_matrix.sh[2331405]:     "playlist.smart_date_format.date_created_nonleap_feb_29_equal": 6952,
Oct 02 03:15:26 server record_context_hot_cue_getter_status_matrix.sh[2331405]:     "playlist.smart_date_format.date_created_leap_feb_30_equal": 6953,
Oct 02 03:15:26 server record_context_hot_cue_getter_status_matrix.sh[2331405]:     "playlist.smart_date_format.date_created_nonleap_feb_30_equal": 6954,
Oct 02 03:15:26 server record_context_hot_cue_getter_status_matrix.sh[2331405]:     "playlist.smart_date_format.date_created_nonleap_feb_31_equal": 6955,
Oct 02 03:15:26 server record_context_hot_cue_getter_status_matrix.sh[2331405]:     "playlist.smart_date_format.date_created_april_31_equal": 6956,
Oct 02 03:15:26 server record_context_hot_cue_getter_status_matrix.sh[2331405]:     "playlist.smart_date_format.date_created_month_zero_equal": 6957,
Oct 02 03:15:26 server record_context_hot_cue_getter_status_matrix.sh[2331405]:     "playlist.smart_date_format.date_created_month_13_equal": 6958,
Oct 02 03:15:26 server record_context_hot_cue_getter_status_matrix.sh[2331405]:     "playlist.smart_date_format.date_created_day_zero_equal": 6959,
Oct 02 03:15:26 server record_context_hot_cue_getter_status_matrix.sh[2331405]:     "playlist.smart_date_format.date_created_day_32_equal": 6960,
Oct 02 03:15:26 server record_context_hot_cue_getter_status_matrix.sh[2331405]:     "playlist.smart_date_format.date_created_month_99_equal": 6961,
Oct 02 03:15:26 server record_context_hot_cue_getter_status_matrix.sh[2331405]:     "playlist.smart_date_format.date_created_day_99_equal": 6962,
Oct 02 03:15:26 server record_context_hot_cue_getter_status_matrix.sh[2331405]:     "playlist.smart_date_format.date_created_single_digit_month_equal": 6963,
Oct 02 03:15:26 server record_context_hot_cue_getter_status_matrix.sh[2331405]:     "playlist.smart_date_format.date_created_single_digit_day_equal": 6964,
Oct 02 03:15:26 server record_context_hot_cue_getter_status_matrix.sh[2331405]:     "playlist.smart_date_format.date_created_five_digit_year_equal": 6965,
Oct 02 03:15:26 server record_context_hot_cue_getter_status_matrix.sh[2331405]:     "playlist.smart_date_format.date_created_timestamp_t_equal": 6966,
Oct 02 03:15:26 server record_context_hot_cue_getter_status_matrix.sh[2331405]:     "playlist.smart_date_format.date_created_timestamp_space_equal": 6967,
Oct 02 03:15:26 server record_context_hot_cue_getter_status_matrix.sh[2331405]:     "playlist.smart_date_format.date_created_leading_space_equal": 6968,
Oct 02 03:15:26 server record_context_hot_cue_getter_status_matrix.sh[2331405]:     "playlist.smart_date_format.date_created_trailing_space_equal": 6969,
Oct 02 03:15:26 server record_context_hot_cue_getter_status_matrix.sh[2331405]:     "playlist.smart_date_format.date_created_not_a_date_equal": 6970,
Oct 02 03:15:26 server record_context_hot_cue_getter_status_matrix.sh[2331405]:     "playlist.smart_date_format.date_created_ascii_letters_equal": 6971,
Oct 02 03:15:26 server record_context_hot_cue_getter_status_matrix.sh[2331405]:     "playlist.smart_date_format.date_created_zero_digits_equal": 6972,
Oct 02 03:15:26 server record_context_hot_cue_getter_status_matrix.sh[2331405]:     "playlist.smart_date_format.date_created_letter_in_year_equal": 6973,
Oct 02 03:15:26 server record_context_hot_cue_getter_status_matrix.sh[2331405]:     "playlist.smart_date_format.date_created_plus_year_equal": 6974,
Oct 02 03:15:26 server record_context_hot_cue_getter_status_matrix.sh[2331405]:     "playlist.smart_date_format.date_created_minus_year_equal": 6975,
Oct 02 03:15:26 server record_context_hot_cue_getter_status_matrix.sh[2331405]:     "playlist.smart_date_format.date_created_fullwidth_digits_equal": 6976,
Oct 02 03:15:26 server record_context_hot_cue_getter_status_matrix.sh[2331405]:     "playlist.smart_date_format.date_created_empty_equal": 6977,
Oct 02 03:15:26 server record_context_hot_cue_getter_status_matrix.sh[2331405]:     "playlist.smart_date_format.date_created_canonical_not_equal": 6978,
Oct 02 03:15:26 server record_context_hot_cue_getter_status_matrix.sh[2331405]:     "playlist.smart_date_format.date_released_canonical_jan_31_equal": 6979,
Oct 02 03:15:26 server record_context_hot_cue_getter_status_matrix.sh[2331405]:     "playlist.smart_date_format.date_released_canonical_leap_day_equal": 6980,
Oct 02 03:15:26 server record_context_hot_cue_getter_status_matrix.sh[2331405]:     "playlist.smart_date_format.date_released_canonical_epoch_equal": 6981,
Oct 02 03:15:26 server record_context_hot_cue_getter_status_matrix.sh[2331405]:     "playlist.smart_date_format.date_released_pre_epoch_equal": 6982,
Oct 02 03:15:26 server record_context_hot_cue_getter_status_matrix.sh[2331405]:     "playlist.smart_date_format.date_released_year_zero_equal": 6983,
Oct 02 03:15:26 server record_context_hot_cue_getter_status_matrix.sh[2331405]:     "playlist.smart_date_format.date_released_year_9999_equal": 6984,
Oct 02 03:15:26 server record_context_hot_cue_getter_status_matrix.sh[2331405]:     "playlist.smart_date_format.date_released_separator_slash_equal": 6985,
Oct 02 03:15:26 server record_context_hot_cue_getter_status_matrix.sh[2331405]:     "playlist.smart_date_format.date_released_separator_dot_equal": 6986,
Oct 02 03:15:26 server record_context_hot_cue_getter_status_matrix.sh[2331405]:     "playlist.smart_date_format.date_released_separator_space_equal": 6987,
Oct 02 03:15:26 server record_context_hot_cue_getter_status_matrix.sh[2331405]:     "playlist.smart_date_format.date_released_separator_letters_equal": 6988,
Oct 02 03:15:26 server record_context_hot_cue_getter_status_matrix.sh[2331405]:     "playlist.smart_date_format.date_released_separator_unicode_equal": 6989,
Oct 02 03:15:26 server record_context_hot_cue_getter_status_matrix.sh[2331405]:     "playlist.smart_date_format.date_released_separator_newline_equal": 6990,
Oct 02 03:15:26 server record_context_hot_cue_getter_status_matrix.sh[2331405]:     "playlist.smart_date_format.date_released_nonleap_feb_29_equal": 6991,
Oct 02 03:15:26 server record_context_hot_cue_getter_status_matrix.sh[2331405]:     "playlist.smart_date_format.date_released_leap_feb_30_equal": 6992,
Oct 02 03:15:26 server record_context_hot_cue_getter_status_matrix.sh[2331405]:     "playlist.smart_date_format.date_released_nonleap_feb_30_equal": 6993,
Oct 02 03:15:26 server record_context_hot_cue_getter_status_matrix.sh[2331405]:     "playlist.smart_date_format.date_released_nonleap_feb_31_equal": 6994,
Oct 02 03:15:26 server record_context_hot_cue_getter_status_matrix.sh[2331405]:     "playlist.smart_date_format.date_released_april_31_equal": 6995,
Oct 02 03:15:26 server record_context_hot_cue_getter_status_matrix.sh[2331405]:     "playlist.smart_date_format.date_released_month_zero_equal": 6996,
Oct 02 03:15:26 server record_context_hot_cue_getter_status_matrix.sh[2331405]:     "playlist.smart_date_format.date_released_month_13_equal": 6997,
Oct 02 03:15:26 server record_context_hot_cue_getter_status_matrix.sh[2331405]:     "playlist.smart_date_format.date_released_day_zero_equal": 6998,
Oct 02 03:15:26 server record_context_hot_cue_getter_status_matrix.sh[2331405]:     "playlist.smart_date_format.date_released_day_32_equal": 6999,
Oct 02 03:15:26 server record_context_hot_cue_getter_status_matrix.sh[2331405]:     "playlist.smart_date_format.date_released_month_99_equal": 7000,
Oct 02 03:15:26 server record_context_hot_cue_getter_status_matrix.sh[2331405]:     "playlist.smart_date_format.date_released_day_99_equal": 7001,
Oct 02 03:15:26 server record_context_hot_cue_getter_status_matrix.sh[2331405]:     "playlist.smart_date_format.date_released_single_digit_month_equal": 7002,
Oct 02 03:15:26 server record_context_hot_cue_getter_status_matrix.sh[2331405]:     "playlist.smart_date_format.date_released_single_digit_day_equal": 7003,
Oct 02 03:15:26 server record_context_hot_cue_getter_status_matrix.sh[2331405]:     "playlist.smart_date_format.date_released_five_digit_year_equal": 7004,
Oct 02 03:15:26 server record_context_hot_cue_getter_status_matrix.sh[2331405]:     "playlist.smart_date_format.date_released_timestamp_t_equal": 7005,
Oct 02 03:15:26 server record_context_hot_cue_getter_status_matrix.sh[2331405]:     "playlist.smart_date_format.date_released_timestamp_space_equal": 7006,
Oct 02 03:15:26 server record_context_hot_cue_getter_status_matrix.sh[2331405]:     "playlist.smart_date_format.date_released_leading_space_equal": 7007,
Oct 02 03:15:26 server record_context_hot_cue_getter_status_matrix.sh[2331405]:     "playlist.smart_date_format.date_released_trailing_space_equal": 7008,
Oct 02 03:15:26 server record_context_hot_cue_getter_status_matrix.sh[2331405]:     "playlist.smart_date_format.date_released_not_a_date_equal": 7009,
Oct 02 03:15:26 server record_context_hot_cue_getter_status_matrix.sh[2331405]:     "playlist.smart_date_format.date_released_ascii_letters_equal": 7010,
Oct 02 03:15:26 server record_context_hot_cue_getter_status_matrix.sh[2331405]:     "playlist.smart_date_format.date_released_zero_digits_equal": 7011,
Oct 02 03:15:26 server record_context_hot_cue_getter_status_matrix.sh[2331405]:     "playlist.smart_date_format.date_released_letter_in_year_equal": 7012,
Oct 02 03:15:26 server record_context_hot_cue_getter_status_matrix.sh[2331405]:     "playlist.smart_date_format.date_released_plus_year_equal": 7013,
Oct 02 03:15:26 server record_context_hot_cue_getter_status_matrix.sh[2331405]:     "playlist.smart_date_format.date_released_minus_year_equal": 7014,
Oct 02 03:15:26 server record_context_hot_cue_getter_status_matrix.sh[2331405]:     "playlist.smart_date_format.date_released_fullwidth_digits_equal": 7015,
Oct 02 03:15:26 server record_context_hot_cue_getter_status_matrix.sh[2331405]:     "playlist.smart_date_format.date_released_empty_equal": 7016,
Oct 02 03:15:26 server record_context_hot_cue_getter_status_matrix.sh[2331405]:     "playlist.smart_date_format.date_released_canonical_not_equal": 7017,
Oct 02 03:15:26 server record_context_hot_cue_getter_status_matrix.sh[2331405]:     "track.smart_text.alpha_upper": 12001,
Oct 02 03:15:26 server record_context_hot_cue_getter_status_matrix.sh[2331405]:     "track.smart_text.alpha_lower": 12002,
Oct 02 03:15:26 server record_context_hot_cue_getter_status_matrix.sh[2331405]:     "track.smart_text.alpha_acute_precomposed": 12003,
Oct 02 03:15:26 server record_context_hot_cue_getter_status_matrix.sh[2331405]:     "track.smart_text.alpha_acute_decomposed": 12004,
Oct 02 03:15:26 server record_context_hot_cue_getter_status_matrix.sh[2331405]:     "track.smart_text.alpha_diaeresis_upper": 12005,
Oct 02 03:15:26 server record_context_hot_cue_getter_status_matrix.sh[2331405]:     "track.smart_text.alpha_prefix": 12006,
Oct 02 03:15:26 server record_context_hot_cue_getter_status_matrix.sh[2331405]:     "track.smart_text.alpha_suffix": 12007,
Oct 02 03:15:26 server record_context_hot_cue_getter_status_matrix.sh[2331405]:     "track.smart_text.alpha_middle": 12008,
Oct 02 03:15:26 server record_context_hot_cue_getter_status_matrix.sh[2331405]:     "track.smart_text.alpha_spaced": 12009,
Oct 02 03:15:26 server record_context_hot_cue_getter_status_matrix.sh[2331405]:     "track.smart_text.empty": 12010,
Oct 02 03:15:26 server record_context_hot_cue_getter_status_matrix.sh[2331405]:     "track.smart_text.null": 12011,
Oct 02 03:15:26 server record_context_hot_cue_getter_status_matrix.sh[2331405]:     "track.smart_text.embedded_nul_suffix": 12012,
Oct 02 03:15:26 server record_context_hot_cue_getter_status_matrix.sh[2331405]:     "track.smart_text.embedded_nul_prefix": 12013,
Oct 02 03:15:26 server record_context_hot_cue_getter_status_matrix.sh[2331405]:     "track.smart_text.emoji_prefix": 12014,
Oct 02 03:15:26 server record_context_hot_cue_getter_status_matrix.sh[2331405]:     "track.smart_text.emoji_suffix": 12015,
Oct 02 03:15:26 server record_context_hot_cue_getter_status_matrix.sh[2331405]:     "track.smart_text.emoji_only": 12016,
Oct 02 03:15:26 server record_context_hot_cue_getter_status_matrix.sh[2331405]:     "track.smart_text.sharp_s": 12017,
Oct 02 03:15:26 server record_context_hot_cue_getter_status_matrix.sh[2331405]:     "track.smart_text.sharp_s_expanded": 12018,
Oct 02 03:15:26 server record_context_hot_cue_getter_status_matrix.sh[2331405]:     "track.smart_text.ligature": 12019,
Oct 02 03:15:26 server record_context_hot_cue_getter_status_matrix.sh[2331405]:     "track.smart_text.ligature_expanded": 12020,
Oct 02 03:15:26 server record_context_hot_cue_getter_status_matrix.sh[2331405]:     "track.smart_text.fullwidth": 12021,
Oct 02 03:15:26 server record_context_hot_cue_getter_status_matrix.sh[2331405]:     "track.smart_text.turkish_ascii": 12022,
Oct 02 03:15:26 server record_context_hot_cue_getter_status_matrix.sh[2331405]:     "track.smart_text.turkish_dotted": 12023,
Oct 02 03:15:26 server record_context_hot_cue_getter_status_matrix.sh[2331405]:     "track.smart_text.turkish_dotless": 12024,
Oct 02 03:15:26 server record_context_hot_cue_getter_status_matrix.sh[2331405]:     "track.smart_text.greek_upper": 12025,
Oct 02 03:15:26 server record_context_hot_cue_getter_status_matrix.sh[2331405]:     "track.smart_text.greek_sigma": 12026,
Oct 02 03:15:26 server record_context_hot_cue_getter_status_matrix.sh[2331405]:     "track.smart_text.greek_final_sigma": 12027,
Oct 02 03:15:26 server record_context_hot_cue_getter_status_matrix.sh[2331405]:     "track.smart_text.katakana": 12028,
Oct 02 03:15:26 server record_context_hot_cue_getter_status_matrix.sh[2331405]:     "track.smart_text.hiragana": 12029,
Oct 02 03:15:26 server record_context_hot_cue_getter_status_matrix.sh[2331405]:     "track.smart_text.combining_dot_acute": 12030,
Oct 02 03:15:26 server record_context_hot_cue_getter_status_matrix.sh[2331405]:     "track.smart_text.combining_acute_dot": 12031,
Oct 02 03:15:26 server record_context_hot_cue_getter_status_matrix.sh[2331405]:     "track.smart_text.punctuation_hyphen": 12032,
Oct 02 03:15:26 server record_context_hot_cue_getter_status_matrix.sh[2331405]:     "track.smart_text.punctuation_none": 12033,
Oct 02 03:15:26 server record_context_hot_cue_getter_status_matrix.sh[2331405]:     "track.smart_text.tab": 12034,
Oct 02 03:15:26 server record_context_hot_cue_getter_status_matrix.sh[2331405]:     "track.smart_text.newline": 12035,
Oct 02 03:15:26 server record_context_hot_cue_getter_status_matrix.sh[2331405]:     "track.smart_text.cyrillic_alpha": 12036,
Oct 02 03:15:26 server record_context_hot_cue_getter_status_matrix.sh[2331405]:     "track.smart_text.greek_alpha": 12037,
Oct 02 03:15:26 server record_context_hot_cue_getter_status_matrix.sh[2331405]:     "track.smart_text.trailing_combining": 12038,
Oct 02 03:15:26 server record_context_hot_cue_getter_status_matrix.sh[2331405]:     "track.smart_text.angstrom_sign": 12039,
Oct 02 03:15:26 server record_context_hot_cue_getter_status_matrix.sh[2331405]:     "track.smart_text.a_ring": 12040,
Oct 02 03:15:26 server record_context_hot_cue_getter_status_matrix.sh[2331405]:     "track.smart_text.ampersand": 12041,
Oct 02 03:15:26 server record_context_hot_cue_getter_status_matrix.sh[2331405]:     "track.smart_text.double_quote": 12042,
Oct 02 03:15:26 server record_context_hot_cue_getter_status_matrix.sh[2331405]:     "track.smart_text.apostrophe": 12043,
Oct 02 03:15:26 server record_context_hot_cue_getter_status_matrix.sh[2331405]:     "track.smart_string_property.alpha_upper": 13001,
Oct 02 03:15:26 server record_context_hot_cue_getter_status_matrix.sh[2331405]:     "track.smart_string_property.alpha_lower": 13002,
Oct 02 03:15:26 server record_context_hot_cue_getter_status_matrix.sh[2331405]:     "track.smart_string_property.alpha_acute_precomposed": 13003,
Oct 02 03:15:26 server record_context_hot_cue_getter_status_matrix.sh[2331405]:     "track.smart_string_property.alpha_acute_decomposed": 13004,
Oct 02 03:15:26 server record_context_hot_cue_getter_status_matrix.sh[2331405]:     "track.smart_string_property.fullwidth": 13005,
Oct 02 03:15:26 server record_context_hot_cue_getter_status_matrix.sh[2331405]:     "track.smart_string_property.alpha_prefix": 13006,
Oct 02 03:15:26 server record_context_hot_cue_getter_status_matrix.sh[2331405]:     "track.smart_string_property.alpha_suffix": 13007,
Oct 02 03:15:26 server record_context_hot_cue_getter_status_matrix.sh[2331405]:     "track.smart_string_property.beta": 13008,
Oct 02 03:15:26 server record_context_hot_cue_getter_status_matrix.sh[2331405]:     "track.smart_string_property.empty": 13009,
Oct 02 03:15:26 server record_context_hot_cue_getter_status_matrix.sh[2331405]:     "track.smart_string_property.null": 13010,
Oct 02 03:15:26 server record_context_hot_cue_getter_status_matrix.sh[2331405]:     "playlist.smart_string_property.artist_alpha_equal": 7201,
Oct 02 03:15:26 server record_context_hot_cue_getter_status_matrix.sh[2331405]:     "playlist.smart_string_property.artist_alpha_not_equal": 7202,
Oct 02 03:15:26 server record_context_hot_cue_getter_status_matrix.sh[2331405]:     "playlist.smart_string_property.artist_alpha_contains": 7203,
Oct 02 03:15:26 server record_context_hot_cue_getter_status_matrix.sh[2331405]:     "playlist.smart_string_property.artist_alpha_not_contains": 7204,
Oct 02 03:15:26 server record_context_hot_cue_getter_status_matrix.sh[2331405]:     "playlist.smart_string_property.artist_alpha_starts": 7205,
Oct 02 03:15:26 server record_context_hot_cue_getter_status_matrix.sh[2331405]:     "playlist.smart_string_property.artist_alpha_ends": 7206,
Oct 02 03:15:26 server record_context_hot_cue_getter_status_matrix.sh[2331405]:     "playlist.smart_string_property.artist_empty_equal": 7207,
Oct 02 03:15:26 server record_context_hot_cue_getter_status_matrix.sh[2331405]:     "playlist.smart_string_property.artist_empty_not_equal": 7208,
Oct 02 03:15:26 server record_context_hot_cue_getter_status_matrix.sh[2331405]:     "playlist.smart_string_property.album_alpha_equal": 7209,
Oct 02 03:15:26 server record_context_hot_cue_getter_status_matrix.sh[2331405]:     "playlist.smart_string_property.album_alpha_not_equal": 7210,
Oct 02 03:15:26 server record_context_hot_cue_getter_status_matrix.sh[2331405]:     "playlist.smart_string_property.album_alpha_contains": 7211,
Oct 02 03:15:26 server record_context_hot_cue_getter_status_matrix.sh[2331405]:     "playlist.smart_string_property.album_alpha_not_contains": 7212,
Oct 02 03:15:26 server record_context_hot_cue_getter_status_matrix.sh[2331405]:     "playlist.smart_string_property.album_alpha_starts": 7213,
Oct 02 03:15:26 server record_context_hot_cue_getter_status_matrix.sh[2331405]:     "playlist.smart_string_property.album_alpha_ends": 7214,
Oct 02 03:15:26 server record_context_hot_cue_getter_status_matrix.sh[2331405]:     "playlist.smart_string_property.album_empty_equal": 7215,
Oct 02 03:15:26 server record_context_hot_cue_getter_status_matrix.sh[2331405]:     "playlist.smart_string_property.album_empty_not_equal": 7216,
Oct 02 03:15:26 server record_context_hot_cue_getter_status_matrix.sh[2331405]:     "playlist.smart_string_property.album_artist_alpha_equal": 7217,
Oct 02 03:15:26 server record_context_hot_cue_getter_status_matrix.sh[2331405]:     "playlist.smart_string_property.album_artist_alpha_not_equal": 7218,
Oct 02 03:15:26 server record_context_hot_cue_getter_status_matrix.sh[2331405]:     "playlist.smart_string_property.album_artist_alpha_contains": 7219,
Oct 02 03:15:26 server record_context_hot_cue_getter_status_matrix.sh[2331405]:     "playlist.smart_string_property.album_artist_alpha_not_contains": 7220,
Oct 02 03:15:26 server record_context_hot_cue_getter_status_matrix.sh[2331405]:     "playlist.smart_string_property.album_artist_alpha_starts": 7221,
Oct 02 03:15:26 server record_context_hot_cue_getter_status_matrix.sh[2331405]:     "playlist.smart_string_property.album_artist_alpha_ends": 7222,
Oct 02 03:15:26 server record_context_hot_cue_getter_status_matrix.sh[2331405]:     "playlist.smart_string_property.album_artist_empty_equal": 7223,
Oct 02 03:15:26 server record_context_hot_cue_getter_status_matrix.sh[2331405]:     "playlist.smart_string_property.album_artist_empty_not_equal": 7224,
Oct 02 03:15:26 server record_context_hot_cue_getter_status_matrix.sh[2331405]:     "playlist.smart_string_property.original_artist_alpha_equal": 7225,
Oct 02 03:15:26 server record_context_hot_cue_getter_status_matrix.sh[2331405]:     "playlist.smart_string_property.original_artist_alpha_not_equal": 7226,
Oct 02 03:15:26 server record_context_hot_cue_getter_status_matrix.sh[2331405]:     "playlist.smart_string_property.original_artist_alpha_contains": 7227,
Oct 02 03:15:26 server record_context_hot_cue_getter_status_matrix.sh[2331405]:     "playlist.smart_string_property.original_artist_alpha_not_contains": 7228,
Oct 02 03:15:26 server record_context_hot_cue_getter_status_matrix.sh[2331405]:     "playlist.smart_string_property.original_artist_alpha_starts": 7229,
Oct 02 03:15:26 server record_context_hot_cue_getter_status_matrix.sh[2331405]:     "playlist.smart_string_property.original_artist_alpha_ends": 7230,
Oct 02 03:15:26 server record_context_hot_cue_getter_status_matrix.sh[2331405]:     "playlist.smart_string_property.original_artist_empty_equal": 7231,
Oct 02 03:15:26 server record_context_hot_cue_getter_status_matrix.sh[2331405]:     "playlist.smart_string_property.original_artist_empty_not_equal": 7232,
Oct 02 03:15:26 server record_context_hot_cue_getter_status_matrix.sh[2331405]:     "playlist.smart_string_property.producer_alpha_equal": 7233,
Oct 02 03:15:26 server record_context_hot_cue_getter_status_matrix.sh[2331405]:     "playlist.smart_string_property.producer_alpha_not_equal": 7234,
Oct 02 03:15:26 server record_context_hot_cue_getter_status_matrix.sh[2331405]:     "playlist.smart_string_property.producer_alpha_contains": 7235,
Oct 02 03:15:26 server record_context_hot_cue_getter_status_matrix.sh[2331405]:     "playlist.smart_string_property.producer_alpha_not_contains": 7236,
Oct 02 03:15:26 server record_context_hot_cue_getter_status_matrix.sh[2331405]:     "playlist.smart_string_property.producer_alpha_starts": 7237,
Oct 02 03:15:26 server record_context_hot_cue_getter_status_matrix.sh[2331405]:     "playlist.smart_string_property.producer_alpha_ends": 7238,
Oct 02 03:15:26 server record_context_hot_cue_getter_status_matrix.sh[2331405]:     "playlist.smart_string_property.producer_empty_equal": 7239,
Oct 02 03:15:26 server record_context_hot_cue_getter_status_matrix.sh[2331405]:     "playlist.smart_string_property.producer_empty_not_equal": 7240,
Oct 02 03:15:26 server record_context_hot_cue_getter_status_matrix.sh[2331405]:     "playlist.smart_string_property.genre_alpha_equal": 7241,
Oct 02 03:15:26 server record_context_hot_cue_getter_status_matrix.sh[2331405]:     "playlist.smart_string_property.genre_alpha_not_equal": 7242,
Oct 02 03:15:26 server record_context_hot_cue_getter_status_matrix.sh[2331405]:     "playlist.smart_string_property.genre_alpha_contains": 7243,
Oct 02 03:15:26 server record_context_hot_cue_getter_status_matrix.sh[2331405]:     "playlist.smart_string_property.genre_alpha_not_contains": 7244,
Oct 02 03:15:26 server record_context_hot_cue_getter_status_matrix.sh[2331405]:     "playlist.smart_string_property.genre_alpha_starts": 7245,
Oct 02 03:15:26 server record_context_hot_cue_getter_status_matrix.sh[2331405]:     "playlist.smart_string_property.genre_alpha_ends": 7246,
Oct 02 03:15:26 server record_context_hot_cue_getter_status_matrix.sh[2331405]:     "playlist.smart_string_property.genre_empty_equal": 7247,
Oct 02 03:15:26 server record_context_hot_cue_getter_status_matrix.sh[2331405]:     "playlist.smart_string_property.genre_empty_not_equal": 7248,
Oct 02 03:15:26 server record_context_hot_cue_getter_status_matrix.sh[2331405]:     "playlist.smart_string_property.key_alpha_equal": 7249,
Oct 02 03:15:26 server record_context_hot_cue_getter_status_matrix.sh[2331405]:     "playlist.smart_string_property.key_alpha_not_equal": 7250,
Oct 02 03:15:26 server record_context_hot_cue_getter_status_matrix.sh[2331405]:     "playlist.smart_string_property.key_alpha_contains": 7251,
Oct 02 03:15:26 server record_context_hot_cue_getter_status_matrix.sh[2331405]:     "playlist.smart_string_property.key_alpha_not_contains": 7252,
Oct 02 03:15:26 server record_context_hot_cue_getter_status_matrix.sh[2331405]:     "playlist.smart_string_property.key_alpha_starts": 7253,
Oct 02 03:15:26 server record_context_hot_cue_getter_status_matrix.sh[2331405]:     "playlist.smart_string_property.key_alpha_ends": 7254,
Oct 02 03:15:26 server record_context_hot_cue_getter_status_matrix.sh[2331405]:     "playlist.smart_string_property.key_empty_equal": 7255,
Oct 02 03:15:26 server record_context_hot_cue_getter_status_matrix.sh[2331405]:     "playlist.smart_string_property.key_empty_not_equal": 7256,
Oct 02 03:15:26 server record_context_hot_cue_getter_status_matrix.sh[2331405]:     "playlist.smart_string_property.label_alpha_equal": 7257,
Oct 02 03:15:26 server record_context_hot_cue_getter_status_matrix.sh[2331405]:     "playlist.smart_string_property.label_alpha_not_equal": 7258,
Oct 02 03:15:26 server record_context_hot_cue_getter_status_matrix.sh[2331405]:     "playlist.smart_string_property.label_alpha_contains": 7259,
Oct 02 03:15:26 server record_context_hot_cue_getter_status_matrix.sh[2331405]:     "playlist.smart_string_property.label_alpha_not_contains": 7260,
Oct 02 03:15:26 server record_context_hot_cue_getter_status_matrix.sh[2331405]:     "playlist.smart_string_property.label_alpha_starts": 7261,
Oct 02 03:15:26 server record_context_hot_cue_getter_status_matrix.sh[2331405]:     "playlist.smart_string_property.label_alpha_ends": 7262,
Oct 02 03:15:26 server record_context_hot_cue_getter_status_matrix.sh[2331405]:     "playlist.smart_string_property.label_empty_equal": 7263,
Oct 02 03:15:26 server record_context_hot_cue_getter_status_matrix.sh[2331405]:     "playlist.smart_string_property.label_empty_not_equal": 7264,
Oct 02 03:15:26 server record_context_hot_cue_getter_status_matrix.sh[2331405]:     "playlist.smart_string_property.remixed_by_alpha_equal": 7265,
Oct 02 03:15:26 server record_context_hot_cue_getter_status_matrix.sh[2331405]:     "playlist.smart_string_property.remixed_by_alpha_not_equal": 7266,
Oct 02 03:15:26 server record_context_hot_cue_getter_status_matrix.sh[2331405]:     "playlist.smart_string_property.remixed_by_alpha_contains": 7267,
Oct 02 03:15:26 server record_context_hot_cue_getter_status_matrix.sh[2331405]:     "playlist.smart_string_property.remixed_by_alpha_not_contains": 7268,
Oct 02 03:15:26 server record_context_hot_cue_getter_status_matrix.sh[2331405]:     "playlist.smart_string_property.remixed_by_alpha_starts": 7269,
Oct 02 03:15:26 server record_context_hot_cue_getter_status_matrix.sh[2331405]:     "playlist.smart_string_property.remixed_by_alpha_ends": 7270,
Oct 02 03:15:26 server record_context_hot_cue_getter_status_matrix.sh[2331405]:     "playlist.smart_string_property.remixed_by_empty_equal": 7271,
Oct 02 03:15:26 server record_context_hot_cue_getter_status_matrix.sh[2331405]:     "playlist.smart_string_property.remixed_by_empty_not_equal": 7272,
Oct 02 03:15:26 server record_context_hot_cue_getter_status_matrix.sh[2331405]:     "playlist.smart_string_property.comments_alpha_equal": 7273,
Oct 02 03:15:26 server record_context_hot_cue_getter_status_matrix.sh[2331405]:     "playlist.smart_string_property.comments_alpha_not_equal": 7274,
Oct 02 03:15:26 server record_context_hot_cue_getter_status_matrix.sh[2331405]:     "playlist.smart_string_property.comments_alpha_contains": 7275,
Oct 02 03:15:26 server record_context_hot_cue_getter_status_matrix.sh[2331405]:     "playlist.smart_string_property.comments_alpha_not_contains": 7276,
Oct 02 03:15:26 server record_context_hot_cue_getter_status_matrix.sh[2331405]:     "playlist.smart_string_property.comments_alpha_starts": 7277,
Oct 02 03:15:26 server record_context_hot_cue_getter_status_matrix.sh[2331405]:     "playlist.smart_string_property.comments_alpha_ends": 7278,
Oct 02 03:15:26 server record_context_hot_cue_getter_status_matrix.sh[2331405]:     "playlist.smart_string_property.comments_empty_equal": 7279,
Oct 02 03:15:26 server record_context_hot_cue_getter_status_matrix.sh[2331405]:     "playlist.smart_string_property.comments_empty_not_equal": 7280,
Oct 02 03:15:26 server record_context_hot_cue_getter_status_matrix.sh[2331405]:     "playlist.smart_string_property.file_name_alpha_equal": 7281,
Oct 02 03:15:26 server record_context_hot_cue_getter_status_matrix.sh[2331405]:     "playlist.smart_string_property.file_name_alpha_not_equal": 7282,
Oct 02 03:15:26 server record_context_hot_cue_getter_status_matrix.sh[2331405]:     "playlist.smart_string_property.file_name_alpha_contains": 7283,
Oct 02 03:15:26 server record_context_hot_cue_getter_status_matrix.sh[2331405]:     "playlist.smart_string_property.file_name_alpha_not_contains": 7284,
Oct 02 03:15:26 server record_context_hot_cue_getter_status_matrix.sh[2331405]:     "playlist.smart_string_property.file_name_alpha_starts": 7285,
Oct 02 03:15:26 server record_context_hot_cue_getter_status_matrix.sh[2331405]:     "playlist.smart_string_property.file_name_alpha_ends": 7286,
Oct 02 03:15:26 server record_context_hot_cue_getter_status_matrix.sh[2331405]:     "playlist.smart_string_property.file_name_empty_equal": 7287,
Oct 02 03:15:26 server record_context_hot_cue_getter_status_matrix.sh[2331405]:     "playlist.smart_string_property.file_name_empty_not_equal": 7288,
Oct 02 03:15:26 server record_context_hot_cue_getter_status_matrix.sh[2331405]:     "playlist.smart_string_property.mix_name_alpha_equal": 7289,
Oct 02 03:15:26 server record_context_hot_cue_getter_status_matrix.sh[2331405]:     "playlist.smart_string_property.mix_name_alpha_not_equal": 7290,
Oct 02 03:15:26 server record_context_hot_cue_getter_status_matrix.sh[2331405]:     "playlist.smart_string_property.mix_name_alpha_contains": 7291,
Oct 02 03:15:26 server record_context_hot_cue_getter_status_matrix.sh[2331405]:     "playlist.smart_string_property.mix_name_alpha_not_contains": 7292,
Oct 02 03:15:26 server record_context_hot_cue_getter_status_matrix.sh[2331405]:     "playlist.smart_string_property.mix_name_alpha_starts": 7293,
Oct 02 03:15:26 server record_context_hot_cue_getter_status_matrix.sh[2331405]:     "playlist.smart_string_property.mix_name_alpha_ends": 7294,
Oct 02 03:15:26 server record_context_hot_cue_getter_status_matrix.sh[2331405]:     "playlist.smart_string_property.mix_name_empty_equal": 7295,
Oct 02 03:15:26 server record_context_hot_cue_getter_status_matrix.sh[2331405]:     "playlist.smart_string_property.mix_name_empty_not_equal": 7296,
Oct 02 03:15:26 server record_context_hot_cue_getter_status_matrix.sh[2331405]:     "playlist.smart_string_property.name_alpha_equal": 7297,
Oct 02 03:15:26 server record_context_hot_cue_getter_status_matrix.sh[2331405]:     "playlist.smart_string_property.name_alpha_not_equal": 7298,
Oct 02 03:15:26 server record_context_hot_cue_getter_status_matrix.sh[2331405]:     "playlist.smart_string_property.name_alpha_contains": 7299,
Oct 02 03:15:26 server record_context_hot_cue_getter_status_matrix.sh[2331405]:     "playlist.smart_string_property.name_alpha_not_contains": 7300,
Oct 02 03:15:26 server record_context_hot_cue_getter_status_matrix.sh[2331405]:     "playlist.smart_string_property.name_alpha_starts": 7301,
Oct 02 03:15:26 server record_context_hot_cue_getter_status_matrix.sh[2331405]:     "playlist.smart_string_property.name_alpha_ends": 7302,
Oct 02 03:15:26 server record_context_hot_cue_getter_status_matrix.sh[2331405]:     "playlist.smart_string_property.name_empty_equal": 7303,
Oct 02 03:15:26 server record_context_hot_cue_getter_status_matrix.sh[2331405]:     "playlist.smart_string_property.name_empty_not_equal": 7304,
Oct 02 03:15:26 server record_context_hot_cue_getter_status_matrix.sh[2331405]:     "track.smart_mytag.tag_one": 19001,
Oct 02 03:15:26 server record_context_hot_cue_getter_status_matrix.sh[2331405]:     "track.smart_mytag.tag_int32_max": 19002,
Oct 02 03:15:26 server record_context_hot_cue_getter_status_matrix.sh[2331405]:     "track.smart_mytag.tag_high_bit": 19003,
Oct 02 03:15:26 server record_context_hot_cue_getter_status_matrix.sh[2331405]:     "track.smart_mytag.tag_uint32_max": 19004,
Oct 02 03:15:26 server record_context_hot_cue_getter_status_matrix.sh[2331405]:     "track.smart_mytag.tag_zero": 19005,
Oct 02 03:15:26 server record_context_hot_cue_getter_status_matrix.sh[2331405]:     "track.smart_mytag.tag_one_high_bit": 19006,
Oct 02 03:15:26 server record_context_hot_cue_getter_status_matrix.sh[2331405]:     "track.smart_mytag.tag_high_bit_uint32_max": 19007,
Oct 02 03:15:26 server record_context_hot_cue_getter_status_matrix.sh[2331405]:     "track.smart_mytag.untagged": 19008,
Oct 02 03:15:26 server record_context_hot_cue_getter_status_matrix.sh[2331405]:     "playlist.smart_mytag.operator_01": 7401,
Oct 02 03:15:26 server record_context_hot_cue_getter_status_matrix.sh[2331405]:     "playlist.smart_mytag.operator_02": 7402,
Oct 02 03:15:26 server record_context_hot_cue_getter_status_matrix.sh[2331405]:     "playlist.smart_mytag.operator_03": 7403,
Oct 02 03:15:26 server record_context_hot_cue_getter_status_matrix.sh[2331405]:     "playlist.smart_mytag.operator_04": 7404,
Oct 02 03:15:26 server record_context_hot_cue_getter_status_matrix.sh[2331405]:     "playlist.smart_mytag.operator_05": 7405,
Oct 02 03:15:26 server record_context_hot_cue_getter_status_matrix.sh[2331405]:     "playlist.smart_mytag.operator_06": 7406,
Oct 02 03:15:26 server record_context_hot_cue_getter_status_matrix.sh[2331405]:     "playlist.smart_mytag.operator_07": 7407,
Oct 02 03:15:26 server record_context_hot_cue_getter_status_matrix.sh[2331405]:     "playlist.smart_mytag.operator_08": 7408,
Oct 02 03:15:26 server record_context_hot_cue_getter_status_matrix.sh[2331405]:     "playlist.smart_mytag.operator_09": 7409,
Oct 02 03:15:26 server record_context_hot_cue_getter_status_matrix.sh[2331405]:     "playlist.smart_mytag.operator_10": 7410,
Oct 02 03:15:26 server record_context_hot_cue_getter_status_matrix.sh[2331405]:     "playlist.smart_mytag.operator_11": 7411,
Oct 02 03:15:26 server record_context_hot_cue_getter_status_matrix.sh[2331405]:     "playlist.smart_mytag.zero_operator_08": 7412,
Oct 02 03:15:26 server record_context_hot_cue_getter_status_matrix.sh[2331405]:     "playlist.smart_mytag.zero_operator_09": 7413,
Oct 02 03:15:26 server record_context_hot_cue_getter_status_matrix.sh[2331405]:     "playlist.smart_mytag.int32_max_operator_08": 7414,
Oct 02 03:15:26 server record_context_hot_cue_getter_status_matrix.sh[2331405]:     "playlist.smart_mytag.int32_max_operator_09": 7415,
Oct 02 03:15:26 server record_context_hot_cue_getter_status_matrix.sh[2331405]:     "playlist.smart_mytag.high_bit_raw_operator_08": 7416,
Oct 02 03:15:26 server record_context_hot_cue_getter_status_matrix.sh[2331405]:     "playlist.smart_mytag.high_bit_raw_operator_09": 7417,
Oct 02 03:15:26 server record_context_hot_cue_getter_status_matrix.sh[2331405]:     "playlist.smart_mytag.uint32_max_operator_08": 7418,
Oct 02 03:15:26 server record_context_hot_cue_getter_status_matrix.sh[2331405]:     "playlist.smart_mytag.uint32_max_operator_09": 7419,
Oct 02 03:15:26 server record_context_hot_cue_getter_status_matrix.sh[2331405]:     "playlist.smart_mytag.minus_one_operator_08": 7420,
Oct 02 03:15:26 server record_context_hot_cue_getter_status_matrix.sh[2331405]:     "playlist.smart_mytag.minus_one_operator_09": 7421,
Oct 02 03:15:26 server record_context_hot_cue_getter_status_matrix.sh[2331405]:     "playlist.smart_mytag.int32_min_operator_08": 7422,
Oct 02 03:15:26 server record_context_hot_cue_getter_status_matrix.sh[2331405]:     "playlist.smart_mytag.int32_min_operator_09": 7423,
Oct 02 03:15:26 server record_context_hot_cue_getter_status_matrix.sh[2331405]:     "playlist.smart_mytag.uint32_overflow_operator_08": 7424,
Oct 02 03:15:26 server record_context_hot_cue_getter_status_matrix.sh[2331405]:     "playlist.smart_mytag.uint32_overflow_operator_09": 7425,
Oct 02 03:15:26 server record_context_hot_cue_getter_status_matrix.sh[2331405]:     "playlist.smart_mytag.negative_overflow_operator_08": 7426,
Oct 02 03:15:26 server record_context_hot_cue_getter_status_matrix.sh[2331405]:     "playlist.smart_mytag.negative_overflow_operator_09": 7427,
Oct 02 03:15:26 server record_context_hot_cue_getter_status_matrix.sh[2331405]:     "playlist.smart_mytag.blank_operator_08": 7428,
Oct 02 03:15:26 server record_context_hot_cue_getter_status_matrix.sh[2331405]:     "playlist.smart_mytag.blank_operator_09": 7429,
Oct 02 03:15:26 server record_context_hot_cue_getter_status_matrix.sh[2331405]:     "playlist.smart_mytag.invalid_operator_08": 7430,
Oct 02 03:15:26 server record_context_hot_cue_getter_status_matrix.sh[2331405]:     "playlist.smart_mytag.invalid_operator_09": 7431,
Oct 02 03:15:26 server record_context_hot_cue_getter_status_matrix.sh[2331405]:     "playlist.smart_mytag.leading_zero_one_operator_08": 7432,
Oct 02 03:15:26 server record_context_hot_cue_getter_status_matrix.sh[2331405]:     "playlist.smart_mytag.leading_zero_one_operator_09": 7433,
Oct 02 03:15:26 server record_context_hot_cue_getter_status_matrix.sh[2331405]:     "playlist.smart_mytag.plus_one_operator_08": 7434,
Oct 02 03:15:26 server record_context_hot_cue_getter_status_matrix.sh[2331405]:     "playlist.smart_mytag.plus_one_operator_09": 7435,
Oct 02 03:15:26 server record_context_hot_cue_getter_status_matrix.sh[2331405]:     "playlist.smart_mytag.spaced_one_operator_08": 7436,
Oct 02 03:15:26 server record_context_hot_cue_getter_status_matrix.sh[2331405]:     "playlist.smart_mytag.spaced_one_operator_09": 7437,
Oct 02 03:15:26 server record_context_hot_cue_getter_status_matrix.sh[2331405]:     "playlist.smart_mytag.hex_one_operator_08": 7438,
Oct 02 03:15:26 server record_context_hot_cue_getter_status_matrix.sh[2331405]:     "playlist.smart_mytag.hex_one_operator_09": 7439,
Oct 02 03:15:26 server record_context_hot_cue_getter_status_matrix.sh[2331405]:     "playlist.smart_mytag.comma_pair_operator_08": 7440,
Oct 02 03:15:26 server record_context_hot_cue_getter_status_matrix.sh[2331405]:     "playlist.smart_mytag.comma_pair_operator_09": 7441,
Oct 02 03:15:26 server record_context_hot_cue_getter_status_matrix.sh[2331405]:     "playlist.smart_mytag.value_right_ignored": 7442,
Oct 02 03:15:26 server record_context_hot_cue_getter_status_matrix.sh[2331405]:     "playlist.smart_mytag.value_unit_ignored": 7443,
Oct 02 03:15:26 server record_context_hot_cue_getter_status_matrix.sh[2331405]:     "playlist.smart_mytag.all_contains_one_high_bit": 7444,
Oct 02 03:15:26 server record_context_hot_cue_getter_status_matrix.sh[2331405]:     "playlist.smart_mytag.any_contains_one_high_bit": 7445,
Oct 02 03:15:26 server record_context_hot_cue_getter_status_matrix.sh[2331405]:     "playlist.smart_mytag.all_not_contains_one_high_bit": 7446,
Oct 02 03:15:26 server record_context_hot_cue_getter_status_matrix.sh[2331405]:     "playlist.smart_mytag.any_not_contains_one_high_bit": 7447,
Oct 02 03:15:26 server record_context_hot_cue_getter_status_matrix.sh[2331405]:     "playlist.smart_mytag.all_contains_one_not_high_bit": 7448,
Oct 02 03:15:26 server record_context_hot_cue_getter_status_matrix.sh[2331405]:     "playlist.smart_mytag.any_contains_one_not_high_bit": 7449,
Oct 02 03:15:26 server record_context_hot_cue_getter_status_matrix.sh[2331405]:     "playlist.smart_xml.canonical_house": 7501,
Oct 02 03:15:26 server record_context_hot_cue_getter_status_matrix.sh[2331405]:     "playlist.smart_xml.lowercase_elements": 7502,
Oct 02 03:15:26 server record_context_hot_cue_getter_status_matrix.sh[2331405]:     "playlist.smart_xml.mixedcase_elements": 7503,
Oct 02 03:15:26 server record_context_hot_cue_getter_status_matrix.sh[2331405]:     "playlist.smart_xml.xml_declaration": 7504,
Oct 02 03:15:26 server record_context_hot_cue_getter_status_matrix.sh[2331405]:     "playlist.smart_xml.xml_declaration_encoding": 7505,
Oct 02 03:15:26 server record_context_hot_cue_getter_status_matrix.sh[2331405]:     "playlist.smart_xml.leading_bom": 7506,
Oct 02 03:15:26 server record_context_hot_cue_getter_status_matrix.sh[2331405]:     "playlist.smart_xml.leading_comment": 7507,
Oct 02 03:15:26 server record_context_hot_cue_getter_status_matrix.sh[2331405]:     "playlist.smart_xml.leading_processing_instruction": 7508,
Oct 02 03:15:26 server record_context_hot_cue_getter_status_matrix.sh[2331405]:     "playlist.smart_xml.trailing_comment": 7509,
Oct 02 03:15:26 server record_context_hot_cue_getter_status_matrix.sh[2331405]:     "playlist.smart_xml.surrounding_whitespace": 7510,
Oct 02 03:15:26 server record_context_hot_cue_getter_status_matrix.sh[2331405]:     "playlist.smart_xml.reordered_attributes": 7511,
Oct 02 03:15:26 server record_context_hot_cue_getter_status_matrix.sh[2331405]:     "playlist.smart_xml.single_quoted_attributes": 7512,
Oct 02 03:15:26 server record_context_hot_cue_getter_status_matrix.sh[2331405]:     "playlist.smart_xml.decimal_character_reference": 7513,
Oct 02 03:15:26 server record_context_hot_cue_getter_status_matrix.sh[2331405]:     "playlist.smart_xml.hex_character_reference": 7514,
Oct 02 03:15:26 server record_context_hot_cue_getter_status_matrix.sh[2331405]:     "playlist.smart_xml.empty_string": 7515,
Oct 02 03:15:26 server record_context_hot_cue_getter_status_matrix.sh[2331405]:     "playlist.smart_xml.whitespace_only": 7516,
Oct 02 03:15:26 server record_context_hot_cue_getter_status_matrix.sh[2331405]:     "playlist.smart_xml.text_only": 7517,
Oct 02 03:15:26 server record_context_hot_cue_getter_status_matrix.sh[2331405]:     "playlist.smart_xml.malformed_open": 7518,
Oct 02 03:15:26 server record_context_hot_cue_getter_status_matrix.sh[2331405]:     "playlist.smart_xml.unclosed_root": 7519,
Oct 02 03:15:26 server record_context_hot_cue_getter_status_matrix.sh[2331405]:     "playlist.smart_xml.mismatched_close": 7520,
Oct 02 03:15:26 server record_context_hot_cue_getter_status_matrix.sh[2331405]:     "playlist.smart_xml.unclosed_condition": 7521,
Oct 02 03:15:26 server record_context_hot_cue_getter_status_matrix.sh[2331405]:     "playlist.smart_xml.missing_attribute_quote": 7522,
Oct 02 03:15:26 server record_context_hot_cue_getter_status_matrix.sh[2331405]:     "playlist.smart_xml.unescaped_ampersand": 7523,
Oct 02 03:15:26 server record_context_hot_cue_getter_status_matrix.sh[2331405]:     "playlist.smart_xml.unknown_entity": 7524,
Oct 02 03:15:26 server record_context_hot_cue_getter_status_matrix.sh[2331405]:     "playlist.smart_xml.invalid_numeric_entity": 7525,
Oct 02 03:15:26 server record_context_hot_cue_getter_status_matrix.sh[2331405]:     "playlist.smart_xml.wrapper_root": 7526,
Oct 02 03:15:26 server record_context_hot_cue_getter_status_matrix.sh[2331405]:     "playlist.smart_xml.namespaced_root": 7527,
Oct 02 03:15:26 server record_context_hot_cue_getter_status_matrix.sh[2331405]:     "playlist.smart_xml.condition_as_root": 7528,
Oct 02 03:15:26 server record_context_hot_cue_getter_status_matrix.sh[2331405]:     "playlist.smart_xml.self_closing_node": 7529,
Oct 02 03:15:26 server record_context_hot_cue_getter_status_matrix.sh[2331405]:     "playlist.smart_xml.text_child_only": 7530,
Oct 02 03:15:26 server record_context_hot_cue_getter_status_matrix.sh[2331405]:     "playlist.smart_xml.comment_child_only": 7531,
Oct 02 03:15:26 server record_context_hot_cue_getter_status_matrix.sh[2331405]:     "playlist.smart_xml.cdata_child_only": 7532,
Oct 02 03:15:26 server record_context_hot_cue_getter_status_matrix.sh[2331405]:     "playlist.smart_xml.unknown_child": 7533,
Oct 02 03:15:26 server record_context_hot_cue_getter_status_matrix.sh[2331405]:     "playlist.smart_xml.unknown_wrapper_condition": 7534,
Oct 02 03:15:26 server record_context_hot_cue_getter_status_matrix.sh[2331405]:     "playlist.smart_xml.nested_node_only": 7535,
Oct 02 03:15:26 server record_context_hot_cue_getter_status_matrix.sh[2331405]:     "playlist.smart_xml.nested_then_direct_house": 7536,
Oct 02 03:15:26 server record_context_hot_cue_getter_status_matrix.sh[2331405]:     "playlist.smart_xml.direct_house_then_nested_techno": 7537,
Oct 02 03:15:26 server record_context_hot_cue_getter_status_matrix.sh[2331405]:     "playlist.smart_xml.two_direct_all": 7538,
Oct 02 03:15:26 server record_context_hot_cue_getter_status_matrix.sh[2331405]:     "playlist.smart_xml.two_direct_any": 7539,
Oct 02 03:15:26 server record_context_hot_cue_getter_status_matrix.sh[2331405]:     "playlist.smart_xml.condition_before_node": 7540,
Oct 02 03:15:26 server record_context_hot_cue_getter_status_matrix.sh[2331405]:     "playlist.smart_xml.two_roots_house_then_techno": 7541,
Oct 02 03:15:26 server record_context_hot_cue_getter_status_matrix.sh[2331405]:     "playlist.smart_xml.valid_root_trailing_text": 7542,
Oct 02 03:15:26 server record_context_hot_cue_getter_status_matrix.sh[2331405]:     "playlist.smart_xml.leading_text_valid_root": 7543,
Oct 02 03:15:26 server record_context_hot_cue_getter_status_matrix.sh[2331405]:     "playlist.smart_xml.missing_logical_operator": 7544,
Oct 02 03:15:26 server record_context_hot_cue_getter_status_matrix.sh[2331405]:     "playlist.smart_xml.blank_logical_operator": 7545,
Oct 02 03:15:26 server record_context_hot_cue_getter_status_matrix.sh[2331405]:     "playlist.smart_xml.invalid_logical_operator": 7546,
Oct 02 03:15:26 server record_context_hot_cue_getter_status_matrix.sh[2331405]:     "playlist.smart_xml.plus_two_logical_operator": 7547,
Oct 02 03:15:26 server record_context_hot_cue_getter_status_matrix.sh[2331405]:     "playlist.smart_xml.spaced_two_logical_operator": 7548,
Oct 02 03:15:26 server record_context_hot_cue_getter_status_matrix.sh[2331405]:     "playlist.smart_xml.duplicate_logical_one_then_two": 7549,
Oct 02 03:15:26 server record_context_hot_cue_getter_status_matrix.sh[2331405]:     "playlist.smart_xml.duplicate_logical_two_then_one": 7550,
Oct 02 03:15:26 server record_context_hot_cue_getter_status_matrix.sh[2331405]:     "playlist.smart_xml.lowercase_root_attributes": 7551,
Oct 02 03:15:26 server record_context_hot_cue_getter_status_matrix.sh[2331405]:     "playlist.smart_xml.uppercase_root_attributes": 7552,
Oct 02 03:15:26 server record_context_hot_cue_getter_status_matrix.sh[2331405]:     "playlist.smart_xml.missing_property": 7553,
Oct 02 03:15:26 server record_context_hot_cue_getter_status_matrix.sh[2331405]:     "playlist.smart_xml.blank_property": 7554,
Oct 02 03:15:26 server record_context_hot_cue_getter_status_matrix.sh[2331405]:     "playlist.smart_xml.whitespace_property": 7555,
Oct 02 03:15:26 server record_context_hot_cue_getter_status_matrix.sh[2331405]:     "playlist.smart_xml.uppercase_property_value": 7556,
Oct 02 03:15:26 server record_context_hot_cue_getter_status_matrix.sh[2331405]:     "playlist.smart_xml.property_leading_space": 7557,
Oct 02 03:15:26 server record_context_hot_cue_getter_status_matrix.sh[2331405]:     "playlist.smart_xml.missing_operator": 7558,
Oct 02 03:15:26 server record_context_hot_cue_getter_status_matrix.sh[2331405]:     "playlist.smart_xml.blank_operator": 7559,
Oct 02 03:15:26 server record_context_hot_cue_getter_status_matrix.sh[2331405]:     "playlist.smart_xml.invalid_operator_text": 7560,
Oct 02 03:15:26 server record_context_hot_cue_getter_status_matrix.sh[2331405]:     "playlist.smart_xml.plus_one_operator": 7561,
Oct 02 03:15:26 server record_context_hot_cue_getter_status_matrix.sh[2331405]:     "playlist.smart_xml.spaced_one_operator": 7562,
Oct 02 03:15:26 server record_context_hot_cue_getter_status_matrix.sh[2331405]:     "playlist.smart_xml.leading_zero_operator": 7563,
Oct 02 03:15:26 server record_context_hot_cue_getter_status_matrix.sh[2331405]:     "playlist.smart_xml.duplicate_operator_one_then_two": 7564,
Oct 02 03:15:26 server record_context_hot_cue_getter_status_matrix.sh[2331405]:     "playlist.smart_xml.duplicate_operator_two_then_one": 7565,
Oct 02 03:15:26 server record_context_hot_cue_getter_status_matrix.sh[2331405]:     "playlist.smart_xml.missing_value_left": 7566,
Oct 02 03:15:26 server record_context_hot_cue_getter_status_matrix.sh[2331405]:     "playlist.smart_xml.duplicate_value_house_then_techno": 7567,
Oct 02 03:15:26 server record_context_hot_cue_getter_status_matrix.sh[2331405]:     "playlist.smart_xml.duplicate_value_techno_then_house": 7568,
Oct 02 03:15:26 server record_context_hot_cue_getter_status_matrix.sh[2331405]:     "playlist.smart_xml.extra_condition_attributes": 7569,
Oct 02 03:15:26 server record_context_hot_cue_getter_status_matrix.sh[2331405]:     "playlist.smart_xml.condition_with_text_content": 7570,
Oct 02 03:15:26 server record_context_hot_cue_getter_status_matrix.sh[2331405]:     "playlist.smart_xml.namespaced_condition": 7571,
Oct 02 03:15:26 server record_context_hot_cue_getter_status_matrix.sh[2331405]:     "playlist.smart_xml.valid_root_then_nul_junk": 7572,
Oct 02 03:15:26 server record_context_hot_cue_getter_status_matrix.sh[2331405]:     "playlist.smart_xml.nul_before_root": 7573,
Oct 02 03:15:26 server record_context_hot_cue_getter_status_matrix.sh[2331405]:     "playlist.smart_text.alpha_operator_01": 7101,
Oct 02 03:15:26 server record_context_hot_cue_getter_status_matrix.sh[2331405]:     "playlist.smart_text.alpha_operator_02": 7102,
Oct 02 03:15:26 server record_context_hot_cue_getter_status_matrix.sh[2331405]:     "playlist.smart_text.alpha_operator_08": 7103,
Oct 02 03:15:26 server record_context_hot_cue_getter_status_matrix.sh[2331405]:     "playlist.smart_text.alpha_operator_09": 7104,
Oct 02 03:15:26 server record_context_hot_cue_getter_status_matrix.sh[2331405]:     "playlist.smart_text.alpha_operator_10": 7105,
Oct 02 03:15:26 server record_context_hot_cue_getter_status_matrix.sh[2331405]:     "playlist.smart_text.alpha_operator_11": 7106,
Oct 02 03:15:26 server record_context_hot_cue_getter_status_matrix.sh[2331405]:     "playlist.smart_text.alpha_lower_equal": 7107,
Oct 02 03:15:26 server record_context_hot_cue_getter_status_matrix.sh[2331405]:     "playlist.smart_text.alpha_acute_precomposed_equal": 7108,
Oct 02 03:15:26 server record_context_hot_cue_getter_status_matrix.sh[2331405]:     "playlist.smart_text.alpha_acute_decomposed_equal": 7109,
Oct 02 03:15:26 server record_context_hot_cue_getter_status_matrix.sh[2331405]:     "playlist.smart_text.alpha_diaeresis_equal": 7110,
Oct 02 03:15:26 server record_context_hot_cue_getter_status_matrix.sh[2331405]:     "playlist.smart_text.alpha_trailing_combining_equal": 7111,
Oct 02 03:15:26 server record_context_hot_cue_getter_status_matrix.sh[2331405]:     "playlist.smart_text.alpha_angstrom_equal": 7112,
Oct 02 03:15:26 server record_context_hot_cue_getter_status_matrix.sh[2331405]:     "playlist.smart_text.alpha_a_ring_equal": 7113,
Oct 02 03:15:26 server record_context_hot_cue_getter_status_matrix.sh[2331405]:     "playlist.smart_text.beta_contains": 7114,
Oct 02 03:15:26 server record_context_hot_cue_getter_status_matrix.sh[2331405]:     "playlist.smart_text.beta_not_contains": 7115,
Oct 02 03:15:26 server record_context_hot_cue_getter_status_matrix.sh[2331405]:     "playlist.smart_text.beta_starts": 7116,
Oct 02 03:15:26 server record_context_hot_cue_getter_status_matrix.sh[2331405]:     "playlist.smart_text.beta_ends": 7117,
Oct 02 03:15:26 server record_context_hot_cue_getter_status_matrix.sh[2331405]:     "playlist.smart_text.empty_operator_01": 7118,
Oct 02 03:15:26 server record_context_hot_cue_getter_status_matrix.sh[2331405]:     "playlist.smart_text.empty_operator_02": 7119,
Oct 02 03:15:26 server record_context_hot_cue_getter_status_matrix.sh[2331405]:     "playlist.smart_text.empty_operator_08": 7120,
Oct 02 03:15:26 server record_context_hot_cue_getter_status_matrix.sh[2331405]:     "playlist.smart_text.empty_operator_09": 7121,
Oct 02 03:15:26 server record_context_hot_cue_getter_status_matrix.sh[2331405]:     "playlist.smart_text.empty_operator_10": 7122,
Oct 02 03:15:26 server record_context_hot_cue_getter_status_matrix.sh[2331405]:     "playlist.smart_text.empty_operator_11": 7123,
Oct 02 03:15:26 server record_context_hot_cue_getter_status_matrix.sh[2331405]:     "playlist.smart_text.emoji_equal": 7124,
Oct 02 03:15:26 server record_context_hot_cue_getter_status_matrix.sh[2331405]:     "playlist.smart_text.emoji_contains": 7125,
Oct 02 03:15:26 server record_context_hot_cue_getter_status_matrix.sh[2331405]:     "playlist.smart_text.emoji_starts": 7126,
Oct 02 03:15:26 server record_context_hot_cue_getter_status_matrix.sh[2331405]:     "playlist.smart_text.emoji_ends": 7127,
Oct 02 03:15:26 server record_context_hot_cue_getter_status_matrix.sh[2331405]:     "playlist.smart_text.sharp_s_equal": 7128,
Oct 02 03:15:26 server record_context_hot_cue_getter_status_matrix.sh[2331405]:     "playlist.smart_text.sharp_s_expanded_equal": 7129,
Oct 02 03:15:26 server record_context_hot_cue_getter_status_matrix.sh[2331405]:     "playlist.smart_text.sharp_s_contains_ss": 7130,
Oct 02 03:15:26 server record_context_hot_cue_getter_status_matrix.sh[2331405]:     "playlist.smart_text.ligature_equal": 7131,
Oct 02 03:15:26 server record_context_hot_cue_getter_status_matrix.sh[2331405]:     "playlist.smart_text.ligature_expanded_equal": 7132,
Oct 02 03:15:26 server record_context_hot_cue_getter_status_matrix.sh[2331405]:     "playlist.smart_text.fullwidth_equal": 7133,
Oct 02 03:15:26 server record_context_hot_cue_getter_status_matrix.sh[2331405]:     "playlist.smart_text.turkish_ascii_equal": 7134,
Oct 02 03:15:26 server record_context_hot_cue_getter_status_matrix.sh[2331405]:     "playlist.smart_text.turkish_dotted_equal": 7135,
Oct 02 03:15:26 server record_context_hot_cue_getter_status_matrix.sh[2331405]:     "playlist.smart_text.turkish_dotless_equal": 7136,
Oct 02 03:15:26 server record_context_hot_cue_getter_status_matrix.sh[2331405]:     "playlist.smart_text.greek_upper_equal": 7137,
Oct 02 03:15:26 server record_context_hot_cue_getter_status_matrix.sh[2331405]:     "playlist.smart_text.greek_sigma_equal": 7138,
Oct 02 03:15:26 server record_context_hot_cue_getter_status_matrix.sh[2331405]:     "playlist.smart_text.greek_final_sigma_equal": 7139,
Oct 02 03:15:26 server record_context_hot_cue_getter_status_matrix.sh[2331405]:     "playlist.smart_text.katakana_equal": 7140,
Oct 02 03:15:26 server record_context_hot_cue_getter_status_matrix.sh[2331405]:     "playlist.smart_text.hiragana_equal": 7141,
Oct 02 03:15:26 server record_context_hot_cue_getter_status_matrix.sh[2331405]:     "playlist.smart_text.combining_dot_acute_equal": 7142,
Oct 02 03:15:26 server record_context_hot_cue_getter_status_matrix.sh[2331405]:     "playlist.smart_text.combining_acute_dot_equal": 7143,
Oct 02 03:15:26 server record_context_hot_cue_getter_status_matrix.sh[2331405]:     "playlist.smart_text.punctuation_none_equal": 7144,
Oct 02 03:15:26 server record_context_hot_cue_getter_status_matrix.sh[2331405]:     "playlist.smart_text.punctuation_none_contains": 7145,
Oct 02 03:15:26 server record_context_hot_cue_getter_status_matrix.sh[2331405]:     "playlist.smart_text.punctuation_hyphen_equal": 7146,
Oct 02 03:15:26 server record_context_hot_cue_getter_status_matrix.sh[2331405]:     "playlist.smart_text.punctuation_space_equal": 7147,
Oct 02 03:15:26 server record_context_hot_cue_getter_status_matrix.sh[2331405]:     "playlist.smart_text.tab_equal": 7148,
Oct 02 03:15:26 server record_context_hot_cue_getter_status_matrix.sh[2331405]:     "playlist.smart_text.newline_equal": 7149,
Oct 02 03:15:26 server record_context_hot_cue_getter_status_matrix.sh[2331405]:     "playlist.smart_text.cyrillic_alpha_equal": 7150,
Oct 02 03:15:26 server record_context_hot_cue_getter_status_matrix.sh[2331405]:     "playlist.smart_text.greek_alpha_equal": 7151,
Oct 02 03:15:26 server record_context_hot_cue_getter_status_matrix.sh[2331405]:     "playlist.smart_text.ampersand_equal": 7152,
Oct 02 03:15:26 server record_context_hot_cue_getter_status_matrix.sh[2331405]:     "playlist.smart_text.ampersand_contains": 7153,
Oct 02 03:15:26 server record_context_hot_cue_getter_status_matrix.sh[2331405]:     "playlist.smart_text.double_quote_equal": 7154,
Oct 02 03:15:26 server record_context_hot_cue_getter_status_matrix.sh[2331405]:     "playlist.smart_text.apostrophe_equal": 7155,
Oct 02 03:15:26 server record_context_hot_cue_getter_status_matrix.sh[2331405]:     "hotcue.folder.alpha": 9001,
Oct 02 03:15:26 server record_context_hot_cue_getter_status_matrix.sh[2331405]:     "hotcue.folder.beta": 9002,
Oct 02 03:15:26 server record_context_hot_cue_getter_status_matrix.sh[2331405]:     "hotcue.bank.root": 9003,
Oct 02 03:15:26 server record_context_hot_cue_getter_status_matrix.sh[2331405]:     "hotcue.folder.deep": 9011,
Oct 02 03:15:26 server record_context_hot_cue_getter_status_matrix.sh[2331405]:     "hotcue.bank.alpha": 9012,
Oct 02 03:15:26 server record_context_hot_cue_getter_status_matrix.sh[2331405]:     "hotcue.bank.empty": 9013,
Oct 02 03:15:26 server record_context_hot_cue_getter_status_matrix.sh[2331405]:     "hotcue.bank.deep": 9021,
Oct 02 03:15:26 server record_context_hot_cue_getter_status_matrix.sh[2331405]:     "hotcue.bank.beta_deleted": 9031,
Oct 02 03:15:26 server record_context_hot_cue_getter_status_matrix.sh[2331405]:     "hotcue.bank.beta": 9032
Oct 02 03:15:26 server record_context_hot_cue_getter_status_matrix.sh[2331405]:   }
Oct 02 03:15:26 server record_context_hot_cue_getter_status_matrix.sh[2331405]: }
Oct 02 03:15:26 server record_context_hot_cue_getter_status_matrix.sh[2331405]: Fixture installed. Start rekordbox manually after reviewing the manifest above.
Oct 02 03:15:27 server record_context_hot_cue_getter_status_matrix.sh[2331476]: ** WARNING: connection is not using a post-quantum key exchange algorithm.
Oct 02 03:15:27 server record_context_hot_cue_getter_status_matrix.sh[2331476]: ** This session may be vulnerable to "store now, decrypt later" attacks.
Oct 02 03:15:27 server record_context_hot_cue_getter_status_matrix.sh[2331476]: ** The server may need to be upgraded. See https://openssh.com/pq.html
Oct 02 03:15:27 server record_context_hot_cue_getter_status_matrix.sh[2331489]: ** WARNING: connection is not using a post-quantum key exchange algorithm.
Oct 02 03:15:27 server record_context_hot_cue_getter_status_matrix.sh[2331489]: ** This session may be vulnerable to "store now, decrypt later" attacks.
Oct 02 03:15:27 server record_context_hot_cue_getter_status_matrix.sh[2331489]: ** The server may need to be upgraded. See https://openssh.com/pq.html
Oct 02 03:15:28 server record_context_hot_cue_getter_status_matrix.sh[2331495]: ** WARNING: connection is not using a post-quantum key exchange algorithm.
Oct 02 03:15:28 server record_context_hot_cue_getter_status_matrix.sh[2331495]: ** This session may be vulnerable to "store now, decrypt later" attacks.
Oct 02 03:15:28 server record_context_hot_cue_getter_status_matrix.sh[2331495]: ** The server may need to be upgraded. See https://openssh.com/pq.html
Oct 02 03:15:29 server record_context_hot_cue_getter_status_matrix.sh[2331545]: ** WARNING: connection is not using a post-quantum key exchange algorithm.
Oct 02 03:15:29 server record_context_hot_cue_getter_status_matrix.sh[2331545]: ** This session may be vulnerable to "store now, decrypt later" attacks.
Oct 02 03:15:29 server record_context_hot_cue_getter_status_matrix.sh[2331545]: ** The server may need to be upgraded. See https://openssh.com/pq.html
Oct 02 03:16:07 server record_context_hot_cue_getter_status_matrix.sh[2331545]: {
Oct 02 03:16:07 server record_context_hot_cue_getter_status_matrix.sh[2331545]:     "success":  true,
Oct 02 03:16:07 server record_context_hot_cue_getter_status_matrix.sh[2331545]:     "process_id":  8720,
Oct 02 03:16:07 server record_context_hot_cue_getter_status_matrix.sh[2331545]:     "main_window_handle":  589866,
Oct 02 03:16:07 server record_context_hot_cue_getter_status_matrix.sh[2331545]:     "ready_at":  1790925366
Oct 02 03:16:07 server record_context_hot_cue_getter_status_matrix.sh[2331545]: }
Oct 02 03:16:10 server systemd-run[2332506]: Running as unit: rekordbox-identity-1790925367.service; invocation ID: c5146e9b3dc84215bc711e5ddc22a393
Oct 02 03:16:36 server record_context_hot_cue_getter_status_matrix.sh[2333000]:     Finished `release` profile [optimized] target(s) in 0.12s
Oct 02 03:16:36 server record_context_hot_cue_getter_status_matrix.sh[2333000]:      Running `conformance/target/release/link-export-conformance record --host 172.31.96.96 --suite /home/evan/workspace/rx3-research/rekordbox-link-export-research/conformance/suites/context-hot-cue-getter-status-player-11-legacy.json --manifest /home/evan/workspace/rx3-research/rekordbox-link-export-research/conformance/fixtures/generated/hot-cue-banks/manifest.json --identity /home/evan/workspace/rx3-research/rekordbox-link-export-research/conformance/runs/xdj-rx3-player-11-status.json --backend rekordbox --backend-version 7.2.19 --golden /home/evan/workspace/rx3-research/rekordbox-link-export-research/conformance/goldens/rekordbox-7.2.19/xdj-rx3-status/context-hot-cue-getter-status-legacy.json.next`
Oct 02 03:16:36 server record_context_hot_cue_getter_status_matrix.sh[2333000]: running case type-00--legacy-populated
Oct 02 03:16:36 server record_context_hot_cue_getter_status_matrix.sh[2333000]: running case type-00--legacy-empty
Oct 02 03:16:36 server record_context_hot_cue_getter_status_matrix.sh[2333000]: running case type-00--extended-populated
Oct 02 03:16:36 server record_context_hot_cue_getter_status_matrix.sh[2333000]: running case type-00--extended-empty
Oct 02 03:16:36 server record_context_hot_cue_getter_status_matrix.sh[2333000]: running case type-01--legacy-populated
Oct 02 03:16:36 server record_context_hot_cue_getter_status_matrix.sh[2333000]: running case type-01--legacy-empty
Oct 02 03:16:36 server record_context_hot_cue_getter_status_matrix.sh[2333000]: running case type-01--extended-populated
Oct 02 03:16:36 server record_context_hot_cue_getter_status_matrix.sh[2333000]: running case type-01--extended-empty
Oct 02 03:16:36 server record_context_hot_cue_getter_status_matrix.sh[2333000]: running case type-02--legacy-populated
Oct 02 03:16:36 server record_context_hot_cue_getter_status_matrix.sh[2333000]: running case type-02--legacy-empty
Oct 02 03:16:36 server record_context_hot_cue_getter_status_matrix.sh[2333000]: running case type-02--extended-populated
Oct 02 03:16:36 server record_context_hot_cue_getter_status_matrix.sh[2333000]: running case type-02--extended-empty
Oct 02 03:16:36 server record_context_hot_cue_getter_status_matrix.sh[2333000]: running case type-03--legacy-populated
Oct 02 03:16:36 server record_context_hot_cue_getter_status_matrix.sh[2333000]: running case type-03--legacy-empty
Oct 02 03:16:36 server record_context_hot_cue_getter_status_matrix.sh[2333000]: running case type-03--extended-populated
Oct 02 03:16:36 server record_context_hot_cue_getter_status_matrix.sh[2333000]: running case type-03--extended-empty
Oct 02 03:16:36 server record_context_hot_cue_getter_status_matrix.sh[2333000]: running case type-04--legacy-populated
Oct 02 03:16:36 server record_context_hot_cue_getter_status_matrix.sh[2333000]: running case type-04--legacy-empty
Oct 02 03:16:36 server record_context_hot_cue_getter_status_matrix.sh[2333000]: running case type-04--extended-populated
Oct 02 03:16:36 server record_context_hot_cue_getter_status_matrix.sh[2333000]: running case type-04--extended-empty
Oct 02 03:16:36 server record_context_hot_cue_getter_status_matrix.sh[2333000]: running case type-05--legacy-populated
Oct 02 03:16:36 server record_context_hot_cue_getter_status_matrix.sh[2333000]: running case type-05--legacy-empty
Oct 02 03:16:36 server record_context_hot_cue_getter_status_matrix.sh[2333000]: running case type-05--extended-populated
Oct 02 03:16:36 server record_context_hot_cue_getter_status_matrix.sh[2333000]: running case type-05--extended-empty
Oct 02 03:16:36 server record_context_hot_cue_getter_status_matrix.sh[2333000]: running case type-06--legacy-populated
Oct 02 03:16:36 server record_context_hot_cue_getter_status_matrix.sh[2333000]: running case type-06--legacy-empty
Oct 02 03:16:36 server record_context_hot_cue_getter_status_matrix.sh[2333000]: running case type-06--extended-populated
Oct 02 03:16:37 server record_context_hot_cue_getter_status_matrix.sh[2333000]: running case type-06--extended-empty
Oct 02 03:16:37 server record_context_hot_cue_getter_status_matrix.sh[2333000]: recorded 28 cases to /home/evan/workspace/rx3-research/rekordbox-link-export-research/conformance/goldens/rekordbox-7.2.19/xdj-rx3-status/context-hot-cue-getter-status-legacy.json.next
Oct 02 03:16:37 server record_context_hot_cue_getter_status_matrix.sh[2333060]:     Finished `release` profile [optimized] target(s) in 0.10s
Oct 02 03:16:37 server record_context_hot_cue_getter_status_matrix.sh[2333060]:      Running `conformance/target/release/link-export-conformance verify --host 172.31.96.96 --suite /home/evan/workspace/rx3-research/rekordbox-link-export-research/conformance/suites/context-hot-cue-getter-status-player-11-legacy.json --manifest /home/evan/workspace/rx3-research/rekordbox-link-export-research/conformance/fixtures/generated/hot-cue-banks/manifest.json --identity /home/evan/workspace/rx3-research/rekordbox-link-export-research/conformance/runs/xdj-rx3-player-11-status.json --backend rekordbox-repeat --backend-version 7.2.19 --golden /home/evan/workspace/rx3-research/rekordbox-link-export-research/conformance/goldens/rekordbox-7.2.19/xdj-rx3-status/context-hot-cue-getter-status-legacy.json.next`
Oct 02 03:16:37 server record_context_hot_cue_getter_status_matrix.sh[2333060]: running case type-00--legacy-populated
Oct 02 03:16:37 server record_context_hot_cue_getter_status_matrix.sh[2333060]: running case type-00--legacy-empty
Oct 02 03:16:37 server record_context_hot_cue_getter_status_matrix.sh[2333060]: running case type-00--extended-populated
Oct 02 03:16:37 server record_context_hot_cue_getter_status_matrix.sh[2333060]: running case type-00--extended-empty
Oct 02 03:16:37 server record_context_hot_cue_getter_status_matrix.sh[2333060]: running case type-01--legacy-populated
Oct 02 03:16:37 server record_context_hot_cue_getter_status_matrix.sh[2333060]: running case type-01--legacy-empty
Oct 02 03:16:37 server record_context_hot_cue_getter_status_matrix.sh[2333060]: running case type-01--extended-populated
Oct 02 03:16:37 server record_context_hot_cue_getter_status_matrix.sh[2333060]: running case type-01--extended-empty
Oct 02 03:16:37 server record_context_hot_cue_getter_status_matrix.sh[2333060]: running case type-02--legacy-populated
Oct 02 03:16:37 server record_context_hot_cue_getter_status_matrix.sh[2333060]: running case type-02--legacy-empty
Oct 02 03:16:37 server record_context_hot_cue_getter_status_matrix.sh[2333060]: running case type-02--extended-populated
Oct 02 03:16:37 server record_context_hot_cue_getter_status_matrix.sh[2333060]: running case type-02--extended-empty
Oct 02 03:16:37 server record_context_hot_cue_getter_status_matrix.sh[2333060]: running case type-03--legacy-populated
Oct 02 03:16:37 server record_context_hot_cue_getter_status_matrix.sh[2333060]: running case type-03--legacy-empty
Oct 02 03:16:37 server record_context_hot_cue_getter_status_matrix.sh[2333060]: running case type-03--extended-populated
Oct 02 03:16:37 server record_context_hot_cue_getter_status_matrix.sh[2333060]: running case type-03--extended-empty
Oct 02 03:16:37 server record_context_hot_cue_getter_status_matrix.sh[2333060]: running case type-04--legacy-populated
Oct 02 03:16:37 server record_context_hot_cue_getter_status_matrix.sh[2333060]: running case type-04--legacy-empty
Oct 02 03:16:37 server record_context_hot_cue_getter_status_matrix.sh[2333060]: running case type-04--extended-populated
Oct 02 03:16:37 server record_context_hot_cue_getter_status_matrix.sh[2333060]: running case type-04--extended-empty
Oct 02 03:16:37 server record_context_hot_cue_getter_status_matrix.sh[2333060]: running case type-05--legacy-populated
Oct 02 03:16:37 server record_context_hot_cue_getter_status_matrix.sh[2333060]: running case type-05--legacy-empty
Oct 02 03:16:37 server record_context_hot_cue_getter_status_matrix.sh[2333060]: running case type-05--extended-populated
Oct 02 03:16:37 server record_context_hot_cue_getter_status_matrix.sh[2333060]: running case type-05--extended-empty
Oct 02 03:16:37 server record_context_hot_cue_getter_status_matrix.sh[2333060]: running case type-06--legacy-populated
Oct 02 03:16:37 server record_context_hot_cue_getter_status_matrix.sh[2333060]: running case type-06--legacy-empty
Oct 02 03:16:37 server record_context_hot_cue_getter_status_matrix.sh[2333060]: running case type-06--extended-populated
Oct 02 03:16:37 server record_context_hot_cue_getter_status_matrix.sh[2333060]: running case type-06--extended-empty
Oct 02 03:16:37 server record_context_hot_cue_getter_status_matrix.sh[2333060]: verified 28 cases against /home/evan/workspace/rx3-research/rekordbox-link-export-research/conformance/goldens/rekordbox-7.2.19/xdj-rx3-status/context-hot-cue-getter-status-legacy.json.next
Oct 02 03:16:37 server record_context_hot_cue_getter_status_matrix.sh[2329097]: === xdj-rx3-status / context-hot-cue-getter-status-player-11-legacy: promoted ===
Oct 02 03:16:37 server record_context_hot_cue_getter_status_matrix.sh[2329097]: === cdj-3000-status / context-hot-cue-getter-status-player-1-extended: attempt 1 ===
Oct 02 03:16:39 server record_context_hot_cue_getter_status_matrix.sh[2333140]: ** WARNING: connection is not using a post-quantum key exchange algorithm.
Oct 02 03:16:39 server record_context_hot_cue_getter_status_matrix.sh[2333140]: ** This session may be vulnerable to "store now, decrypt later" attacks.
Oct 02 03:16:39 server record_context_hot_cue_getter_status_matrix.sh[2333140]: ** The server may need to be upgraded. See https://openssh.com/pq.html
Oct 02 03:16:40 server record_context_hot_cue_getter_status_matrix.sh[2333140]: Guest staging directory is ready.
Oct 02 03:16:40 server record_context_hot_cue_getter_status_matrix.sh[2333147]: ** WARNING: connection is not using a post-quantum key exchange algorithm.
Oct 02 03:16:40 server record_context_hot_cue_getter_status_matrix.sh[2333147]: ** This session may be vulnerable to "store now, decrypt later" attacks.
Oct 02 03:16:40 server record_context_hot_cue_getter_status_matrix.sh[2333147]: ** The server may need to be upgraded. See https://openssh.com/pq.html
Oct 02 03:16:44 server record_context_hot_cue_getter_status_matrix.sh[2333235]: ** WARNING: connection is not using a post-quantum key exchange algorithm.
Oct 02 03:16:44 server record_context_hot_cue_getter_status_matrix.sh[2333235]: ** This session may be vulnerable to "store now, decrypt later" attacks.
Oct 02 03:16:44 server record_context_hot_cue_getter_status_matrix.sh[2333235]: ** The server may need to be upgraded. See https://openssh.com/pq.html
Oct 02 03:16:45 server record_context_hot_cue_getter_status_matrix.sh[2333242]: ** WARNING: connection is not using a post-quantum key exchange algorithm.
Oct 02 03:16:45 server record_context_hot_cue_getter_status_matrix.sh[2333242]: ** This session may be vulnerable to "store now, decrypt later" attacks.
Oct 02 03:16:45 server record_context_hot_cue_getter_status_matrix.sh[2333242]: ** The server may need to be upgraded. See https://openssh.com/pq.html
Oct 02 03:16:49 server record_context_hot_cue_getter_status_matrix.sh[2333337]: ** WARNING: connection is not using a post-quantum key exchange algorithm.
Oct 02 03:16:49 server record_context_hot_cue_getter_status_matrix.sh[2333337]: ** This session may be vulnerable to "store now, decrypt later" attacks.
Oct 02 03:16:49 server record_context_hot_cue_getter_status_matrix.sh[2333337]: ** The server may need to be upgraded. See https://openssh.com/pq.html
Oct 02 03:16:58 server record_context_hot_cue_getter_status_matrix.sh[2333337]: Rekordbox is stopped.
Oct 02 03:16:58 server record_context_hot_cue_getter_status_matrix.sh[2333495]: Research@172.31.96.96 is ready
Oct 02 03:16:59 server record_context_hot_cue_getter_status_matrix.sh[2333549]: ** WARNING: connection is not using a post-quantum key exchange algorithm.
Oct 02 03:16:59 server record_context_hot_cue_getter_status_matrix.sh[2333549]: ** This session may be vulnerable to "store now, decrypt later" attacks.
Oct 02 03:16:59 server record_context_hot_cue_getter_status_matrix.sh[2333549]: ** The server may need to be upgraded. See https://openssh.com/pq.html
Oct 02 03:17:00 server record_context_hot_cue_getter_status_matrix.sh[2333549]: {
Oct 02 03:17:00 server record_context_hot_cue_getter_status_matrix.sh[2333549]:   "fixture_version": 1,
Oct 02 03:17:00 server record_context_hot_cue_getter_status_matrix.sh[2333549]:   "profile": "hot-cue-banks",
Oct 02 03:17:00 server record_context_hot_cue_getter_status_matrix.sh[2333549]:   "database_sha256": "066cfa954e435346f80e5abac35dac7631ac4e3023e662d12e0080382f6041dc",
Oct 02 03:17:00 server record_context_hot_cue_getter_status_matrix.sh[2333549]:   "fixture_fingerprint": "718db45aea9624ec7f8c6cd70140ec6ba4b99d0cae4739aa3830ca4d0528b9b7",
Oct 02 03:17:00 server record_context_hot_cue_getter_status_matrix.sh[2333549]:   "integrity": "ok",
Oct 02 03:17:00 server record_context_hot_cue_getter_status_matrix.sh[2333549]:   "track_count": 8,
Oct 02 03:17:00 server record_context_hot_cue_getter_status_matrix.sh[2333549]:   "ids": {
Oct 02 03:17:00 server record_context_hot_cue_getter_status_matrix.sh[2333549]:     "artist.alpha": 1001,
Oct 02 03:17:00 server record_context_hot_cue_getter_status_matrix.sh[2333549]:     "artist.beta": 1002,
Oct 02 03:17:00 server record_context_hot_cue_getter_status_matrix.sh[2333549]:     "artist.remixer": 1003,
Oct 02 03:17:00 server record_context_hot_cue_getter_status_matrix.sh[2333549]:     "artist.original": 1004,
Oct 02 03:17:00 server record_context_hot_cue_getter_status_matrix.sh[2333549]:     "album.one": 2001,
Oct 02 03:17:00 server record_context_hot_cue_getter_status_matrix.sh[2333549]:     "album.two": 2002,
Oct 02 03:17:00 server record_context_hot_cue_getter_status_matrix.sh[2333549]:     "album.three": 2003,
Oct 02 03:17:00 server record_context_hot_cue_getter_status_matrix.sh[2333549]:     "genre.house": 3001,
Oct 02 03:17:00 server record_context_hot_cue_getter_status_matrix.sh[2333549]:     "genre.techno": 3002,
Oct 02 03:17:00 server record_context_hot_cue_getter_status_matrix.sh[2333549]:     "label.one": 4001,
Oct 02 03:17:00 server record_context_hot_cue_getter_status_matrix.sh[2333549]:     "label.two": 4002,
Oct 02 03:17:00 server record_context_hot_cue_getter_status_matrix.sh[2333549]:     "key.am": 5001,
Oct 02 03:17:00 server record_context_hot_cue_getter_status_matrix.sh[2333549]:     "key.c": 5002,
Oct 02 03:17:00 server record_context_hot_cue_getter_status_matrix.sh[2333549]:     "playlist.cue_analysis": 200000,
Oct 02 03:17:00 server record_context_hot_cue_getter_status_matrix.sh[2333549]:     "playlist.folder": 6001,
Oct 02 03:17:00 server record_context_hot_cue_getter_status_matrix.sh[2333549]:     "playlist.primary": 6002,
Oct 02 03:17:00 server record_context_hot_cue_getter_status_matrix.sh[2333549]:     "playlist.empty": 6003,
Oct 02 03:17:00 server record_context_hot_cue_getter_status_matrix.sh[2333549]:     "playlist.smart_rule_only": 6010,
Oct 02 03:17:00 server record_context_hot_cue_getter_status_matrix.sh[2333549]:     "playlist.smart_contradiction": 6011,
Oct 02 03:17:00 server record_context_hot_cue_getter_status_matrix.sh[2333549]:     "playlist.smart_malformed": 6012,
Oct 02 03:17:00 server record_context_hot_cue_getter_status_matrix.sh[2333549]:     "playlist.ordinary_with_rule": 6013,
Oct 02 03:17:00 server record_context_hot_cue_getter_status_matrix.sh[2333549]:     "playlist.smart_without_rule": 6014,
Oct 02 03:17:00 server record_context_hot_cue_getter_status_matrix.sh[2333549]:     "playlist.visibility_smart": 6015,
Oct 02 03:17:00 server record_context_hot_cue_getter_status_matrix.sh[2333549]:     "history.one": 7001,
Oct 02 03:17:00 server record_context_hot_cue_getter_status_matrix.sh[2333549]:     "hotcue.folder": 8001,
Oct 02 03:17:00 server record_context_hot_cue_getter_status_matrix.sh[2333549]:     "hotcue.bank": 8002,
Oct 02 03:17:00 server record_context_hot_cue_getter_status_matrix.sh[2333549]:     "mytag.group.genre": 8501,
Oct 02 03:17:00 server record_context_hot_cue_getter_status_matrix.sh[2333549]:     "mytag.warmup": 8502,
Oct 02 03:17:00 server record_context_hot_cue_getter_status_matrix.sh[2333549]:     "mytag.group.components": 8503,
Oct 02 03:17:00 server record_context_hot_cue_getter_status_matrix.sh[2333549]:     "mytag.vocal": 8504,
Oct 02 03:17:00 server record_context_hot_cue_getter_status_matrix.sh[2333549]:     "mytag.empty": 8505,
Oct 02 03:17:00 server record_context_hot_cue_getter_status_matrix.sh[2333549]:     "mytag.default.group.genre": 1,
Oct 02 03:17:00 server record_context_hot_cue_getter_status_matrix.sh[2333549]:     "mytag.default.group.components": 2,
Oct 02 03:17:00 server record_context_hot_cue_getter_status_matrix.sh[2333549]:     "mytag.default.group.situation": 3,
Oct 02 03:17:00 server record_context_hot_cue_getter_status_matrix.sh[2333549]:     "mytag.default.group.untitled": 4,
Oct 02 03:17:00 server record_context_hot_cue_getter_status_matrix.sh[2333549]:     "mytag.default.sub_bass": 79324672,
Oct 02 03:17:00 server record_context_hot_cue_getter_status_matrix.sh[2333549]:     "mytag.default.percussion": 154495003,
Oct 02 03:17:00 server record_context_hot_cue_getter_status_matrix.sh[2333549]:     "mytag.default.dark": 158455786,
Oct 02 03:17:00 server record_context_hot_cue_getter_status_matrix.sh[2333549]:     "mytag.default.nu_disco": 463364308,
Oct 02 03:17:00 server record_context_hot_cue_getter_status_matrix.sh[2333549]:     "mytag.default.acid_house": 539841621,
Oct 02 03:17:00 server record_context_hot_cue_getter_status_matrix.sh[2333549]:     "mytag.default.build_up": 832445659,
Oct 02 03:17:00 server record_context_hot_cue_getter_status_matrix.sh[2333549]:     "mytag.default.my_comment": 857457019,
Oct 02 03:17:00 server record_context_hot_cue_getter_status_matrix.sh[2333549]:     "mytag.default.second_floor": 917243188,
Oct 02 03:17:00 server record_context_hot_cue_getter_status_matrix.sh[2333549]:     "mytag.default.deep_house": 999625328,
Oct 02 03:17:00 server record_context_hot_cue_getter_status_matrix.sh[2333549]:     "mytag.default.peak_time": 1156949736,
Oct 02 03:17:00 server record_context_hot_cue_getter_status_matrix.sh[2333549]:     "mytag.default.trap": 1308912924,
Oct 02 03:17:00 server record_context_hot_cue_getter_status_matrix.sh[2333549]:     "mytag.default.vocal": 1387538896,
Oct 02 03:17:00 server record_context_hot_cue_getter_status_matrix.sh[2333549]:     "mytag.default.lounge": 1493684869,
Oct 02 03:17:00 server record_context_hot_cue_getter_status_matrix.sh[2333549]:     "mytag.default.techno": 1628431659,
Oct 02 03:17:00 server record_context_hot_cue_getter_status_matrix.sh[2333549]:     "mytag.default.electro_house": 1971960657,
Oct 02 03:17:00 server record_context_hot_cue_getter_status_matrix.sh[2333549]:     "mytag.default.synth": 2005851049,
Oct 02 03:17:00 server record_context_hot_cue_getter_status_matrix.sh[2333549]:     "mytag.default.morning": 2045957214,
Oct 02 03:17:00 server record_context_hot_cue_getter_status_matrix.sh[2333549]:     "mytag.default.upper": 2169337181,
Oct 02 03:17:00 server record_context_hot_cue_getter_status_matrix.sh[2333549]:     "mytag.default.build_down": 2320977753,
Oct 02 03:17:00 server record_context_hot_cue_getter_status_matrix.sh[2333549]:     "mytag.default.beat": 2487691792,
Oct 02 03:17:00 server record_context_hot_cue_getter_status_matrix.sh[2333549]:     "mytag.default.bass_music": 2502627224,
Oct 02 03:17:00 server record_context_hot_cue_getter_status_matrix.sh[2333549]:     "mytag.default.main_floor": 2538315910,
Oct 02 03:17:00 server record_context_hot_cue_getter_status_matrix.sh[2333549]:     "mytag.default.mid_night": 3354707172,
Oct 02 03:17:00 server record_context_hot_cue_getter_status_matrix.sh[2333549]:     "mytag.default.piano": 3596715289,
Oct 02 03:17:00 server record_context_hot_cue_getter_status_matrix.sh[2333549]:     "track.first": 10001,
Oct 02 03:17:00 server record_context_hot_cue_getter_status_matrix.sh[2333549]:     "track.second": 10002,
Oct 02 03:17:00 server record_context_hot_cue_getter_status_matrix.sh[2333549]:     "track.third": 10003,
Oct 02 03:17:00 server record_context_hot_cue_getter_status_matrix.sh[2333549]:     "track.fourth": 10004,
Oct 02 03:17:00 server record_context_hot_cue_getter_status_matrix.sh[2333549]:     "track.fifth": 10005,
Oct 02 03:17:00 server record_context_hot_cue_getter_status_matrix.sh[2333549]:     "track.sixth": 10006,
Oct 02 03:17:00 server record_context_hot_cue_getter_status_matrix.sh[2333549]:     "track.seventh": 10007,
Oct 02 03:17:00 server record_context_hot_cue_getter_status_matrix.sh[2333549]:     "track.eighth": 10008,
Oct 02 03:17:00 server record_context_hot_cue_getter_status_matrix.sh[2333549]:     "track.ninth": 10009,
Oct 02 03:17:00 server record_context_hot_cue_getter_status_matrix.sh[2333549]:     "track.tenth": 10010,
Oct 02 03:17:00 server record_context_hot_cue_getter_status_matrix.sh[2333549]:     "track.eleventh": 10011,
Oct 02 03:17:00 server record_context_hot_cue_getter_status_matrix.sh[2333549]:     "track.twelfth": 10012,
Oct 02 03:17:00 server record_context_hot_cue_getter_status_matrix.sh[2333549]:     "track.thirteenth": 10013,
Oct 02 03:17:00 server record_context_hot_cue_getter_status_matrix.sh[2333549]:     "track.fourteenth": 10014,
Oct 02 03:17:00 server record_context_hot_cue_getter_status_matrix.sh[2333549]:     "track.deleted": 10999,
Oct 02 03:17:00 server record_context_hot_cue_getter_status_matrix.sh[2333549]:     "playlist.smart_matrix.genre_operator_01": 6301,
Oct 02 03:17:00 server record_context_hot_cue_getter_status_matrix.sh[2333549]:     "playlist.smart_matrix.genre_operator_02": 6302,
Oct 02 03:17:00 server record_context_hot_cue_getter_status_matrix.sh[2333549]:     "playlist.smart_matrix.genre_operator_03": 6303,
Oct 02 03:17:00 server record_context_hot_cue_getter_status_matrix.sh[2333549]:     "playlist.smart_matrix.genre_operator_04": 6304,
Oct 02 03:17:00 server record_context_hot_cue_getter_status_matrix.sh[2333549]:     "playlist.smart_matrix.genre_operator_05": 6305,
Oct 02 03:17:00 server record_context_hot_cue_getter_status_matrix.sh[2333549]:     "playlist.smart_matrix.genre_operator_06": 6306,
Oct 02 03:17:00 server record_context_hot_cue_getter_status_matrix.sh[2333549]:     "playlist.smart_matrix.genre_operator_07": 6307,
Oct 02 03:17:00 server record_context_hot_cue_getter_status_matrix.sh[2333549]:     "playlist.smart_matrix.genre_operator_08": 6308,
Oct 02 03:17:00 server record_context_hot_cue_getter_status_matrix.sh[2333549]:     "playlist.smart_matrix.genre_operator_09": 6309,
Oct 02 03:17:00 server record_context_hot_cue_getter_status_matrix.sh[2333549]:     "playlist.smart_matrix.genre_operator_10": 6310,
Oct 02 03:17:00 server record_context_hot_cue_getter_status_matrix.sh[2333549]:     "playlist.smart_matrix.genre_operator_11": 6311,
Oct 02 03:17:00 server record_context_hot_cue_getter_status_matrix.sh[2333549]:     "playlist.smart_matrix.bpm_operator_01": 6312,
Oct 02 03:17:00 server record_context_hot_cue_getter_status_matrix.sh[2333549]:     "playlist.smart_matrix.bpm_operator_02": 6313,
Oct 02 03:17:00 server record_context_hot_cue_getter_status_matrix.sh[2333549]:     "playlist.smart_matrix.bpm_operator_03": 6314,
Oct 02 03:17:00 server record_context_hot_cue_getter_status_matrix.sh[2333549]:     "playlist.smart_matrix.bpm_operator_04": 6315,
Oct 02 03:17:00 server record_context_hot_cue_getter_status_matrix.sh[2333549]:     "playlist.smart_matrix.bpm_operator_05": 6316,
Oct 02 03:17:00 server record_context_hot_cue_getter_status_matrix.sh[2333549]:     "playlist.smart_matrix.bpm_operator_06": 6317,
Oct 02 03:17:00 server record_context_hot_cue_getter_status_matrix.sh[2333549]:     "playlist.smart_matrix.bpm_operator_07": 6318,
Oct 02 03:17:00 server record_context_hot_cue_getter_status_matrix.sh[2333549]:     "playlist.smart_matrix.bpm_operator_08": 6319,
Oct 02 03:17:00 server record_context_hot_cue_getter_status_matrix.sh[2333549]:     "playlist.smart_matrix.bpm_operator_09": 6320,
Oct 02 03:17:00 server record_context_hot_cue_getter_status_matrix.sh[2333549]:     "playlist.smart_matrix.bpm_operator_10": 6321,
Oct 02 03:17:00 server record_context_hot_cue_getter_status_matrix.sh[2333549]:     "playlist.smart_matrix.bpm_operator_11": 6322,
Oct 02 03:17:00 server record_context_hot_cue_getter_status_matrix.sh[2333549]:     "playlist.smart_matrix.logic_all": 6323,
Oct 02 03:17:00 server record_context_hot_cue_getter_status_matrix.sh[2333549]:     "playlist.smart_matrix.logic_any": 6324,
Oct 02 03:17:00 server record_context_hot_cue_getter_status_matrix.sh[2333549]:     "playlist.smart_matrix.nested_all": 6325,
Oct 02 03:17:00 server record_context_hot_cue_getter_status_matrix.sh[2333549]:     "playlist.smart_matrix.nested_any": 6326,
Oct 02 03:17:00 server record_context_hot_cue_getter_status_matrix.sh[2333549]:     "playlist.smart_matrix.empty_all": 6327,
Oct 02 03:17:00 server record_context_hot_cue_getter_status_matrix.sh[2333549]:     "playlist.smart_matrix.empty_any": 6328,
Oct 02 03:17:00 server record_context_hot_cue_getter_status_matrix.sh[2333549]:     "playlist.smart_matrix.unknown_operator": 6329,
Oct 02 03:17:00 server record_context_hot_cue_getter_status_matrix.sh[2333549]:     "playlist.smart_matrix.unknown_property": 6330,
Oct 02 03:17:00 server record_context_hot_cue_getter_status_matrix.sh[2333549]:     "playlist.smart_matrix.condition_outside_node": 6331,
Oct 02 03:17:00 server record_context_hot_cue_getter_status_matrix.sh[2333549]:     "playlist.smart_matrix.two_roots": 6332,
Oct 02 03:17:00 server record_context_hot_cue_getter_status_matrix.sh[2333549]:     "playlist.smart_matrix.missing_logical_operator": 6333,
Oct 02 03:17:00 server record_context_hot_cue_getter_status_matrix.sh[2333549]:     "playlist.smart_matrix.logical_operator_zero": 6334,
Oct 02 03:17:00 server record_context_hot_cue_getter_status_matrix.sh[2333549]:     "playlist.smart_matrix.logical_operator_three": 6335,
Oct 02 03:17:00 server record_context_hot_cue_getter_status_matrix.sh[2333549]:     "playlist.smart_matrix.automatic_update_zero": 6336,
Oct 02 03:17:00 server record_context_hot_cue_getter_status_matrix.sh[2333549]:     "playlist.smart_matrix.missing_automatic_update": 6337,
Oct 02 03:17:00 server record_context_hot_cue_getter_status_matrix.sh[2333549]:     "playlist.smart_matrix.mismatched_id": 6338,
Oct 02 03:17:00 server record_context_hot_cue_getter_status_matrix.sh[2333549]:     "playlist.smart_matrix.missing_id": 6339,
Oct 02 03:17:00 server record_context_hot_cue_getter_status_matrix.sh[2333549]:     "playlist.smart_numeric.bpm_operator_01": 6401,
Oct 02 03:17:00 server record_context_hot_cue_getter_status_matrix.sh[2333549]:     "playlist.smart_numeric.bpm_operator_02": 6402,
Oct 02 03:17:00 server record_context_hot_cue_getter_status_matrix.sh[2333549]:     "playlist.smart_numeric.bpm_operator_03": 6403,
Oct 02 03:17:00 server record_context_hot_cue_getter_status_matrix.sh[2333549]:     "playlist.smart_numeric.bpm_operator_04": 6404,
Oct 02 03:17:00 server record_context_hot_cue_getter_status_matrix.sh[2333549]:     "playlist.smart_numeric.bpm_operator_05": 6405,
Oct 02 03:17:00 server record_context_hot_cue_getter_status_matrix.sh[2333549]:     "playlist.smart_numeric.rating_operator_01": 6406,
Oct 02 03:17:00 server record_context_hot_cue_getter_status_matrix.sh[2333549]:     "playlist.smart_numeric.rating_operator_02": 6407,
Oct 02 03:17:00 server record_context_hot_cue_getter_status_matrix.sh[2333549]:     "playlist.smart_numeric.rating_operator_03": 6408,
Oct 02 03:17:00 server record_context_hot_cue_getter_status_matrix.sh[2333549]:     "playlist.smart_numeric.rating_operator_04": 6409,
Oct 02 03:17:00 server record_context_hot_cue_getter_status_matrix.sh[2333549]:     "playlist.smart_numeric.rating_operator_05": 6410,
Oct 02 03:17:00 server record_context_hot_cue_getter_status_matrix.sh[2333549]:     "playlist.smart_numeric.play_count_operator_01": 6411,
Oct 02 03:17:00 server record_context_hot_cue_getter_status_matrix.sh[2333549]:     "playlist.smart_numeric.play_count_operator_02": 6412,
Oct 02 03:17:00 server record_context_hot_cue_getter_status_matrix.sh[2333549]:     "playlist.smart_numeric.play_count_operator_03": 6413,
Oct 02 03:17:00 server record_context_hot_cue_getter_status_matrix.sh[2333549]:     "playlist.smart_numeric.play_count_operator_04": 6414,
Oct 02 03:17:00 server record_context_hot_cue_getter_status_matrix.sh[2333549]:     "playlist.smart_numeric.play_count_operator_05": 6415,
Oct 02 03:17:00 server record_context_hot_cue_getter_status_matrix.sh[2333549]:     "playlist.smart_numeric.duration_operator_01": 6416,
Oct 02 03:17:00 server record_context_hot_cue_getter_status_matrix.sh[2333549]:     "playlist.smart_numeric.duration_operator_02": 6417,
Oct 02 03:17:00 server record_context_hot_cue_getter_status_matrix.sh[2333549]:     "playlist.smart_numeric.duration_operator_03": 6418,
Oct 02 03:17:00 server record_context_hot_cue_getter_status_matrix.sh[2333549]:     "playlist.smart_numeric.duration_operator_04": 6419,
Oct 02 03:17:00 server record_context_hot_cue_getter_status_matrix.sh[2333549]:     "playlist.smart_numeric.duration_operator_05": 6420,
Oct 02 03:17:00 server record_context_hot_cue_getter_status_matrix.sh[2333549]:     "playlist.smart_numeric.year_operator_01": 6421,
Oct 02 03:17:00 server record_context_hot_cue_getter_status_matrix.sh[2333549]:     "playlist.smart_numeric.year_operator_02": 6422,
Oct 02 03:17:00 server record_context_hot_cue_getter_status_matrix.sh[2333549]:     "playlist.smart_numeric.year_operator_03": 6423,
Oct 02 03:17:00 server record_context_hot_cue_getter_status_matrix.sh[2333549]:     "playlist.smart_numeric.year_operator_04": 6424,
Oct 02 03:17:00 server record_context_hot_cue_getter_status_matrix.sh[2333549]:     "playlist.smart_numeric.year_operator_05": 6425,
Oct 02 03:17:00 server record_context_hot_cue_getter_status_matrix.sh[2333549]:     "playlist.smart_numeric.bpm_reversed_range": 6426,
Oct 02 03:17:00 server record_context_hot_cue_getter_status_matrix.sh[2333549]:     "playlist.smart_numeric.rating_reversed_range": 6427,
Oct 02 03:17:00 server record_context_hot_cue_getter_status_matrix.sh[2333549]:     "playlist.smart_numeric.play_count_reversed_range": 6428,
Oct 02 03:17:00 server record_context_hot_cue_getter_status_matrix.sh[2333549]:     "playlist.smart_numeric.duration_reversed_range": 6429,
Oct 02 03:17:00 server record_context_hot_cue_getter_status_matrix.sh[2333549]:     "playlist.smart_numeric.year_reversed_range": 6430,
Oct 02 03:17:00 server record_context_hot_cue_getter_status_matrix.sh[2333549]:     "playlist.smart_numeric.bpm_empty_equal": 6431,
Oct 02 03:17:00 server record_context_hot_cue_getter_status_matrix.sh[2333549]:     "playlist.smart_numeric.bpm_empty_not_equal": 6432,
Oct 02 03:17:00 server record_context_hot_cue_getter_status_matrix.sh[2333549]:     "playlist.smart_numeric.rating_empty_equal": 6433,
Oct 02 03:17:00 server record_context_hot_cue_getter_status_matrix.sh[2333549]:     "playlist.smart_numeric.rating_empty_not_equal": 6434,
Oct 02 03:17:00 server record_context_hot_cue_getter_status_matrix.sh[2333549]:     "playlist.smart_numeric.play_count_empty_equal": 6435,
Oct 02 03:17:00 server record_context_hot_cue_getter_status_matrix.sh[2333549]:     "playlist.smart_numeric.play_count_empty_not_equal": 6436,
Oct 02 03:17:00 server record_context_hot_cue_getter_status_matrix.sh[2333549]:     "playlist.smart_numeric.duration_empty_equal": 6437,
Oct 02 03:17:00 server record_context_hot_cue_getter_status_matrix.sh[2333549]:     "playlist.smart_numeric.duration_empty_not_equal": 6438,
Oct 02 03:17:00 server record_context_hot_cue_getter_status_matrix.sh[2333549]:     "playlist.smart_numeric.year_empty_equal": 6439,
Oct 02 03:17:00 server record_context_hot_cue_getter_status_matrix.sh[2333549]:     "playlist.smart_numeric.year_empty_not_equal": 6440,
Oct 02 03:17:00 server record_context_hot_cue_getter_status_matrix.sh[2333549]:     "playlist.smart_numeric.bpm_invalid_equal": 6441,
Oct 02 03:17:00 server record_context_hot_cue_getter_status_matrix.sh[2333549]:     "playlist.smart_numeric.bpm_invalid_not_equal": 6442,
Oct 02 03:17:00 server record_context_hot_cue_getter_status_matrix.sh[2333549]:     "playlist.smart_numeric.rating_invalid_equal": 6443,
Oct 02 03:17:00 server record_context_hot_cue_getter_status_matrix.sh[2333549]:     "playlist.smart_numeric.rating_invalid_not_equal": 6444,
Oct 02 03:17:00 server record_context_hot_cue_getter_status_matrix.sh[2333549]:     "playlist.smart_numeric.play_count_invalid_equal": 6445,
Oct 02 03:17:00 server record_context_hot_cue_getter_status_matrix.sh[2333549]:     "playlist.smart_numeric.play_count_invalid_not_equal": 6446,
Oct 02 03:17:00 server record_context_hot_cue_getter_status_matrix.sh[2333549]:     "playlist.smart_numeric.duration_invalid_equal": 6447,
Oct 02 03:17:00 server record_context_hot_cue_getter_status_matrix.sh[2333549]:     "playlist.smart_numeric.duration_invalid_not_equal": 6448,
Oct 02 03:17:00 server record_context_hot_cue_getter_status_matrix.sh[2333549]:     "playlist.smart_numeric.year_invalid_equal": 6449,
Oct 02 03:17:00 server record_context_hot_cue_getter_status_matrix.sh[2333549]:     "playlist.smart_numeric.year_invalid_not_equal": 6450,
Oct 02 03:17:00 server record_context_hot_cue_getter_status_matrix.sh[2333549]:     "playlist.smart_numeric.bpm_negative_equal": 6451,
Oct 02 03:17:00 server record_context_hot_cue_getter_status_matrix.sh[2333549]:     "playlist.smart_numeric.bpm_negative_not_equal": 6452,
Oct 02 03:17:00 server record_context_hot_cue_getter_status_matrix.sh[2333549]:     "playlist.smart_numeric.bpm_negative_greater": 6453,
Oct 02 03:17:00 server record_context_hot_cue_getter_status_matrix.sh[2333549]:     "playlist.smart_numeric.bpm_negative_less": 6454,
Oct 02 03:17:00 server record_context_hot_cue_getter_status_matrix.sh[2333549]:     "playlist.smart_numeric.bpm_negative_range": 6455,
Oct 02 03:17:00 server record_context_hot_cue_getter_status_matrix.sh[2333549]:     "playlist.smart_numeric.bpm_overflow_equal": 6456,
Oct 02 03:17:00 server record_context_hot_cue_getter_status_matrix.sh[2333549]:     "playlist.smart_numeric.bpm_overflow_not_equal": 6457,
Oct 02 03:17:00 server record_context_hot_cue_getter_status_matrix.sh[2333549]:     "playlist.smart_numeric.bpm_overflow_greater": 6458,
Oct 02 03:17:00 server record_context_hot_cue_getter_status_matrix.sh[2333549]:     "playlist.smart_numeric.bpm_overflow_less": 6459,
Oct 02 03:17:00 server record_context_hot_cue_getter_status_matrix.sh[2333549]:     "playlist.smart_numeric.bpm_overflow_range": 6460,
Oct 02 03:17:00 server record_context_hot_cue_getter_status_matrix.sh[2333549]:     "track.smart_numeric_boundary.null": 35001,
Oct 02 03:17:00 server record_context_hot_cue_getter_status_matrix.sh[2333549]:     "track.smart_numeric_boundary.zero": 35002,
Oct 02 03:17:00 server record_context_hot_cue_getter_status_matrix.sh[2333549]:     "track.smart_numeric_boundary.half": 35003,
Oct 02 03:17:00 server record_context_hot_cue_getter_status_matrix.sh[2333549]:     "track.smart_numeric_boundary.one_half": 35004,
Oct 02 03:17:00 server record_context_hot_cue_getter_status_matrix.sh[2333549]:     "track.smart_numeric_boundary.minus_half": 35005,
Oct 02 03:17:00 server record_context_hot_cue_getter_status_matrix.sh[2333549]:     "track.smart_numeric_boundary.minus_one": 35006,
Oct 02 03:17:00 server record_context_hot_cue_getter_status_matrix.sh[2333549]:     "track.smart_numeric_boundary.int32_max": 35007,
Oct 02 03:17:00 server record_context_hot_cue_getter_status_matrix.sh[2333549]:     "track.smart_numeric_boundary.int32_plus_one": 35008,
Oct 02 03:17:00 server record_context_hot_cue_getter_status_matrix.sh[2333549]:     "track.smart_numeric_boundary.uint32_max": 35009,
Oct 02 03:17:00 server record_context_hot_cue_getter_status_matrix.sh[2333549]:     "track.smart_numeric_boundary.uint32_plus_one": 35010,
Oct 02 03:17:00 server record_context_hot_cue_getter_status_matrix.sh[2333549]:     "playlist.smart_numeric_boundary.bpm_equal_zero": 7601,
Oct 02 03:17:00 server record_context_hot_cue_getter_status_matrix.sh[2333549]:     "playlist.smart_numeric_boundary.bpm_not_equal_zero": 7602,
Oct 02 03:17:00 server record_context_hot_cue_getter_status_matrix.sh[2333549]:     "playlist.smart_numeric_boundary.bpm_greater_zero": 7603,
Oct 02 03:17:00 server record_context_hot_cue_getter_status_matrix.sh[2333549]:     "playlist.smart_numeric_boundary.bpm_less_zero": 7604,
Oct 02 03:17:00 server record_context_hot_cue_getter_status_matrix.sh[2333549]:     "playlist.smart_numeric_boundary.bpm_range_minus_one_to_one": 7605,
Oct 02 03:17:00 server record_context_hot_cue_getter_status_matrix.sh[2333549]:     "playlist.smart_numeric_boundary.bpm_equal_half": 7606,
Oct 02 03:17:00 server record_context_hot_cue_getter_status_matrix.sh[2333549]:     "playlist.smart_numeric_boundary.bpm_not_equal_half": 7607,
Oct 02 03:17:00 server record_context_hot_cue_getter_status_matrix.sh[2333549]:     "playlist.smart_numeric_boundary.bpm_greater_half": 7608,
Oct 02 03:17:00 server record_context_hot_cue_getter_status_matrix.sh[2333549]:     "playlist.smart_numeric_boundary.bpm_less_half": 7609,
Oct 02 03:17:00 server record_context_hot_cue_getter_status_matrix.sh[2333549]:     "playlist.smart_numeric_boundary.bpm_range_half_to_one_half": 7610,
Oct 02 03:17:00 server record_context_hot_cue_getter_status_matrix.sh[2333549]:     "playlist.smart_numeric_boundary.bpm_equal_int32_max": 7611,
Oct 02 03:17:00 server record_context_hot_cue_getter_status_matrix.sh[2333549]:     "playlist.smart_numeric_boundary.bpm_greater_int32_max": 7612,
Oct 02 03:17:00 server record_context_hot_cue_getter_status_matrix.sh[2333549]:     "playlist.smart_numeric_boundary.bpm_equal_int32_plus_one": 7613,
Oct 02 03:17:00 server record_context_hot_cue_getter_status_matrix.sh[2333549]:     "playlist.smart_numeric_boundary.bpm_equal_uint32_max": 7614,
Oct 02 03:17:00 server record_context_hot_cue_getter_status_matrix.sh[2333549]:     "playlist.smart_numeric_boundary.bpm_equal_uint32_plus_one": 7615,
Oct 02 03:17:00 server record_context_hot_cue_getter_status_matrix.sh[2333549]:     "playlist.smart_numeric_boundary.bpm_missing_left_equal": 7616,
Oct 02 03:17:00 server record_context_hot_cue_getter_status_matrix.sh[2333549]:     "playlist.smart_numeric_boundary.bpm_missing_left_not_equal": 7617,
Oct 02 03:17:00 server record_context_hot_cue_getter_status_matrix.sh[2333549]:     "playlist.smart_numeric_boundary.bpm_range_missing_left": 7618,
Oct 02 03:17:00 server record_context_hot_cue_getter_status_matrix.sh[2333549]:     "playlist.smart_numeric_boundary.bpm_range_missing_right": 7619,
Oct 02 03:17:00 server record_context_hot_cue_getter_status_matrix.sh[2333549]:     "playlist.smart_numeric_boundary.bpm_range_both_missing": 7620,
Oct 02 03:17:00 server record_context_hot_cue_getter_status_matrix.sh[2333549]:     "playlist.smart_numeric_boundary.rating_equal_zero": 7621,
Oct 02 03:17:00 server record_context_hot_cue_getter_status_matrix.sh[2333549]:     "playlist.smart_numeric_boundary.rating_not_equal_zero": 7622,
Oct 02 03:17:00 server record_context_hot_cue_getter_status_matrix.sh[2333549]:     "playlist.smart_numeric_boundary.rating_greater_zero": 7623,
Oct 02 03:17:00 server record_context_hot_cue_getter_status_matrix.sh[2333549]:     "playlist.smart_numeric_boundary.rating_less_zero": 7624,
Oct 02 03:17:00 server record_context_hot_cue_getter_status_matrix.sh[2333549]:     "playlist.smart_numeric_boundary.rating_range_minus_one_to_one": 7625,
Oct 02 03:17:00 server record_context_hot_cue_getter_status_matrix.sh[2333549]:     "playlist.smart_numeric_boundary.rating_equal_half": 7626,
Oct 02 03:17:00 server record_context_hot_cue_getter_status_matrix.sh[2333549]:     "playlist.smart_numeric_boundary.rating_not_equal_half": 7627,
Oct 02 03:17:00 server record_context_hot_cue_getter_status_matrix.sh[2333549]:     "playlist.smart_numeric_boundary.rating_greater_half": 7628,
Oct 02 03:17:00 server record_context_hot_cue_getter_status_matrix.sh[2333549]:     "playlist.smart_numeric_boundary.rating_less_half": 7629,
Oct 02 03:17:00 server record_context_hot_cue_getter_status_matrix.sh[2333549]:     "playlist.smart_numeric_boundary.rating_range_half_to_one_half": 7630,
Oct 02 03:17:00 server record_context_hot_cue_getter_status_matrix.sh[2333549]:     "playlist.smart_numeric_boundary.rating_equal_int32_max": 7631,
Oct 02 03:17:00 server record_context_hot_cue_getter_status_matrix.sh[2333549]:     "playlist.smart_numeric_boundary.rating_greater_int32_max": 7632,
Oct 02 03:17:00 server record_context_hot_cue_getter_status_matrix.sh[2333549]:     "playlist.smart_numeric_boundary.rating_equal_int32_plus_one": 7633,
Oct 02 03:17:00 server record_context_hot_cue_getter_status_matrix.sh[2333549]:     "playlist.smart_numeric_boundary.rating_equal_uint32_max": 7634,
Oct 02 03:17:00 server record_context_hot_cue_getter_status_matrix.sh[2333549]:     "playlist.smart_numeric_boundary.rating_equal_uint32_plus_one": 7635,
Oct 02 03:17:00 server record_context_hot_cue_getter_status_matrix.sh[2333549]:     "playlist.smart_numeric_boundary.rating_missing_left_equal": 7636,
Oct 02 03:17:00 server record_context_hot_cue_getter_status_matrix.sh[2333549]:     "playlist.smart_numeric_boundary.rating_missing_left_not_equal": 7637,
Oct 02 03:17:00 server record_context_hot_cue_getter_status_matrix.sh[2333549]:     "playlist.smart_numeric_boundary.rating_range_missing_left": 7638,
Oct 02 03:17:00 server record_context_hot_cue_getter_status_matrix.sh[2333549]:     "playlist.smart_numeric_boundary.rating_range_missing_right": 7639,
Oct 02 03:17:00 server record_context_hot_cue_getter_status_matrix.sh[2333549]:     "playlist.smart_numeric_boundary.rating_range_both_missing": 7640,
Oct 02 03:17:00 server record_context_hot_cue_getter_status_matrix.sh[2333549]:     "playlist.smart_numeric_boundary.play_count_equal_zero": 7641,
Oct 02 03:17:00 server record_context_hot_cue_getter_status_matrix.sh[2333549]:     "playlist.smart_numeric_boundary.play_count_not_equal_zero": 7642,
Oct 02 03:17:00 server record_context_hot_cue_getter_status_matrix.sh[2333549]:     "playlist.smart_numeric_boundary.play_count_greater_zero": 7643,
Oct 02 03:17:00 server record_context_hot_cue_getter_status_matrix.sh[2333549]:     "playlist.smart_numeric_boundary.play_count_less_zero": 7644,
Oct 02 03:17:00 server record_context_hot_cue_getter_status_matrix.sh[2333549]:     "playlist.smart_numeric_boundary.play_count_range_minus_one_to_one": 7645,
Oct 02 03:17:00 server record_context_hot_cue_getter_status_matrix.sh[2333549]:     "playlist.smart_numeric_boundary.play_count_equal_half": 7646,
Oct 02 03:17:00 server record_context_hot_cue_getter_status_matrix.sh[2333549]:     "playlist.smart_numeric_boundary.play_count_not_equal_half": 7647,
Oct 02 03:17:00 server record_context_hot_cue_getter_status_matrix.sh[2333549]:     "playlist.smart_numeric_boundary.play_count_greater_half": 7648,
Oct 02 03:17:00 server record_context_hot_cue_getter_status_matrix.sh[2333549]:     "playlist.smart_numeric_boundary.play_count_less_half": 7649,
Oct 02 03:17:00 server record_context_hot_cue_getter_status_matrix.sh[2333549]:     "playlist.smart_numeric_boundary.play_count_range_half_to_one_half": 7650,
Oct 02 03:17:00 server record_context_hot_cue_getter_status_matrix.sh[2333549]:     "playlist.smart_numeric_boundary.play_count_equal_int32_max": 7651,
Oct 02 03:17:00 server record_context_hot_cue_getter_status_matrix.sh[2333549]:     "playlist.smart_numeric_boundary.play_count_greater_int32_max": 7652,
Oct 02 03:17:00 server record_context_hot_cue_getter_status_matrix.sh[2333549]:     "playlist.smart_numeric_boundary.play_count_equal_int32_plus_one": 7653,
Oct 02 03:17:00 server record_context_hot_cue_getter_status_matrix.sh[2333549]:     "playlist.smart_numeric_boundary.play_count_equal_uint32_max": 7654,
Oct 02 03:17:00 server record_context_hot_cue_getter_status_matrix.sh[2333549]:     "playlist.smart_numeric_boundary.play_count_equal_uint32_plus_one": 7655,
Oct 02 03:17:00 server record_context_hot_cue_getter_status_matrix.sh[2333549]:     "playlist.smart_numeric_boundary.play_count_missing_left_equal": 7656,
Oct 02 03:17:00 server record_context_hot_cue_getter_status_matrix.sh[2333549]:     "playlist.smart_numeric_boundary.play_count_missing_left_not_equal": 7657,
Oct 02 03:17:00 server record_context_hot_cue_getter_status_matrix.sh[2333549]:     "playlist.smart_numeric_boundary.play_count_range_missing_left": 7658,
Oct 02 03:17:00 server record_context_hot_cue_getter_status_matrix.sh[2333549]:     "playlist.smart_numeric_boundary.play_count_range_missing_right": 7659,
Oct 02 03:17:00 server record_context_hot_cue_getter_status_matrix.sh[2333549]:     "playlist.smart_numeric_boundary.play_count_range_both_missing": 7660,
Oct 02 03:17:00 server record_context_hot_cue_getter_status_matrix.sh[2333549]:     "playlist.smart_numeric_boundary.duration_equal_zero": 7661,
Oct 02 03:17:00 server record_context_hot_cue_getter_status_matrix.sh[2333549]:     "playlist.smart_numeric_boundary.duration_not_equal_zero": 7662,
Oct 02 03:17:00 server record_context_hot_cue_getter_status_matrix.sh[2333549]:     "playlist.smart_numeric_boundary.duration_greater_zero": 7663,
Oct 02 03:17:00 server record_context_hot_cue_getter_status_matrix.sh[2333549]:     "playlist.smart_numeric_boundary.duration_less_zero": 7664,
Oct 02 03:17:00 server record_context_hot_cue_getter_status_matrix.sh[2333549]:     "playlist.smart_numeric_boundary.duration_range_minus_one_to_one": 7665,
Oct 02 03:17:00 server record_context_hot_cue_getter_status_matrix.sh[2333549]:     "playlist.smart_numeric_boundary.duration_equal_half": 7666,
Oct 02 03:17:00 server record_context_hot_cue_getter_status_matrix.sh[2333549]:     "playlist.smart_numeric_boundary.duration_not_equal_half": 7667,
Oct 02 03:17:00 server record_context_hot_cue_getter_status_matrix.sh[2333549]:     "playlist.smart_numeric_boundary.duration_greater_half": 7668,
Oct 02 03:17:00 server record_context_hot_cue_getter_status_matrix.sh[2333549]:     "playlist.smart_numeric_boundary.duration_less_half": 7669,
Oct 02 03:17:00 server record_context_hot_cue_getter_status_matrix.sh[2333549]:     "playlist.smart_numeric_boundary.duration_range_half_to_one_half": 7670,
Oct 02 03:17:00 server record_context_hot_cue_getter_status_matrix.sh[2333549]:     "playlist.smart_numeric_boundary.duration_equal_int32_max": 7671,
Oct 02 03:17:00 server record_context_hot_cue_getter_status_matrix.sh[2333549]:     "playlist.smart_numeric_boundary.duration_greater_int32_max": 7672,
Oct 02 03:17:00 server record_context_hot_cue_getter_status_matrix.sh[2333549]:     "playlist.smart_numeric_boundary.duration_equal_int32_plus_one": 7673,
Oct 02 03:17:00 server record_context_hot_cue_getter_status_matrix.sh[2333549]:     "playlist.smart_numeric_boundary.duration_equal_uint32_max": 7674,
Oct 02 03:17:00 server record_context_hot_cue_getter_status_matrix.sh[2333549]:     "playlist.smart_numeric_boundary.duration_equal_uint32_plus_one": 7675,
Oct 02 03:17:00 server record_context_hot_cue_getter_status_matrix.sh[2333549]:     "playlist.smart_numeric_boundary.duration_missing_left_equal": 7676,
Oct 02 03:17:00 server record_context_hot_cue_getter_status_matrix.sh[2333549]:     "playlist.smart_numeric_boundary.duration_missing_left_not_equal": 7677,
Oct 02 03:17:00 server record_context_hot_cue_getter_status_matrix.sh[2333549]:     "playlist.smart_numeric_boundary.duration_range_missing_left": 7678,
Oct 02 03:17:00 server record_context_hot_cue_getter_status_matrix.sh[2333549]:     "playlist.smart_numeric_boundary.duration_range_missing_right": 7679,
Oct 02 03:17:00 server record_context_hot_cue_getter_status_matrix.sh[2333549]:     "playlist.smart_numeric_boundary.duration_range_both_missing": 7680,
Oct 02 03:17:00 server record_context_hot_cue_getter_status_matrix.sh[2333549]:     "playlist.smart_numeric_boundary.year_equal_zero": 7681,
Oct 02 03:17:00 server record_context_hot_cue_getter_status_matrix.sh[2333549]:     "playlist.smart_numeric_boundary.year_not_equal_zero": 7682,
Oct 02 03:17:00 server record_context_hot_cue_getter_status_matrix.sh[2333549]:     "playlist.smart_numeric_boundary.year_greater_zero": 7683,
Oct 02 03:17:00 server record_context_hot_cue_getter_status_matrix.sh[2333549]:     "playlist.smart_numeric_boundary.year_less_zero": 7684,
Oct 02 03:17:00 server record_context_hot_cue_getter_status_matrix.sh[2333549]:     "playlist.smart_numeric_boundary.year_range_minus_one_to_one": 7685,
Oct 02 03:17:00 server record_context_hot_cue_getter_status_matrix.sh[2333549]:     "playlist.smart_numeric_boundary.year_equal_half": 7686,
Oct 02 03:17:00 server record_context_hot_cue_getter_status_matrix.sh[2333549]:     "playlist.smart_numeric_boundary.year_not_equal_half": 7687,
Oct 02 03:17:00 server record_context_hot_cue_getter_status_matrix.sh[2333549]:     "playlist.smart_numeric_boundary.year_greater_half": 7688,
Oct 02 03:17:00 server record_context_hot_cue_getter_status_matrix.sh[2333549]:     "playlist.smart_numeric_boundary.year_less_half": 7689,
Oct 02 03:17:00 server record_context_hot_cue_getter_status_matrix.sh[2333549]:     "playlist.smart_numeric_boundary.year_range_half_to_one_half": 7690,
Oct 02 03:17:00 server record_context_hot_cue_getter_status_matrix.sh[2333549]:     "playlist.smart_numeric_boundary.year_equal_int32_max": 7691,
Oct 02 03:17:00 server record_context_hot_cue_getter_status_matrix.sh[2333549]:     "playlist.smart_numeric_boundary.year_greater_int32_max": 7692,
Oct 02 03:17:00 server record_context_hot_cue_getter_status_matrix.sh[2333549]:     "playlist.smart_numeric_boundary.year_equal_int32_plus_one": 7693,
Oct 02 03:17:00 server record_context_hot_cue_getter_status_matrix.sh[2333549]:     "playlist.smart_numeric_boundary.year_equal_uint32_max": 7694,
Oct 02 03:17:00 server record_context_hot_cue_getter_status_matrix.sh[2333549]:     "playlist.smart_numeric_boundary.year_equal_uint32_plus_one": 7695,
Oct 02 03:17:00 server record_context_hot_cue_getter_status_matrix.sh[2333549]:     "playlist.smart_numeric_boundary.year_missing_left_equal": 7696,
Oct 02 03:17:00 server record_context_hot_cue_getter_status_matrix.sh[2333549]:     "playlist.smart_numeric_boundary.year_missing_left_not_equal": 7697,
Oct 02 03:17:00 server record_context_hot_cue_getter_status_matrix.sh[2333549]:     "playlist.smart_numeric_boundary.year_range_missing_left": 7698,
Oct 02 03:17:00 server record_context_hot_cue_getter_status_matrix.sh[2333549]:     "playlist.smart_numeric_boundary.year_range_missing_right": 7699,
Oct 02 03:17:00 server record_context_hot_cue_getter_status_matrix.sh[2333549]:     "playlist.smart_numeric_boundary.year_range_both_missing": 7700,
Oct 02 03:17:00 server record_context_hot_cue_getter_status_matrix.sh[2333549]:     "playlist.smart_property.artist": 6501,
Oct 02 03:17:00 server record_context_hot_cue_getter_status_matrix.sh[2333549]:     "playlist.smart_property.album": 6502,
Oct 02 03:17:00 server record_context_hot_cue_getter_status_matrix.sh[2333549]:     "playlist.smart_property.album_artist": 6503,
Oct 02 03:17:00 server record_context_hot_cue_getter_status_matrix.sh[2333549]:     "playlist.smart_property.original_artist": 6504,
Oct 02 03:17:00 server record_context_hot_cue_getter_status_matrix.sh[2333549]:     "playlist.smart_property.bpm": 6505,
Oct 02 03:17:00 server record_context_hot_cue_getter_status_matrix.sh[2333549]:     "playlist.smart_property.grouping": 6506,
Oct 02 03:17:00 server record_context_hot_cue_getter_status_matrix.sh[2333549]:     "playlist.smart_property.comments": 6507,
Oct 02 03:17:00 server record_context_hot_cue_getter_status_matrix.sh[2333549]:     "playlist.smart_property.producer": 6508,
Oct 02 03:17:00 server record_context_hot_cue_getter_status_matrix.sh[2333549]:     "playlist.smart_property.stock_date": 6509,
Oct 02 03:17:00 server record_context_hot_cue_getter_status_matrix.sh[2333549]:     "playlist.smart_property.date_created_field": 6510,
Oct 02 03:17:00 server record_context_hot_cue_getter_status_matrix.sh[2333549]:     "playlist.smart_property.date_created_audit": 6511,
Oct 02 03:17:00 server record_context_hot_cue_getter_status_matrix.sh[2333549]:     "playlist.smart_property.counter": 6512,
Oct 02 03:17:00 server record_context_hot_cue_getter_status_matrix.sh[2333549]:     "playlist.smart_property.file_name": 6513,
Oct 02 03:17:00 server record_context_hot_cue_getter_status_matrix.sh[2333549]:     "playlist.smart_property.genre": 6514,
Oct 02 03:17:00 server record_context_hot_cue_getter_status_matrix.sh[2333549]:     "playlist.smart_property.key": 6515,
Oct 02 03:17:00 server record_context_hot_cue_getter_status_matrix.sh[2333549]:     "playlist.smart_property.label": 6516,
Oct 02 03:17:00 server record_context_hot_cue_getter_status_matrix.sh[2333549]:     "playlist.smart_property.mix_name": 6517,
Oct 02 03:17:00 server record_context_hot_cue_getter_status_matrix.sh[2333549]:     "playlist.smart_property.my_tag_warmup_raw": 6518,
Oct 02 03:17:00 server record_context_hot_cue_getter_status_matrix.sh[2333549]:     "playlist.smart_property.my_tag_warmup_signed": 6519,
Oct 02 03:17:00 server record_context_hot_cue_getter_status_matrix.sh[2333549]:     "playlist.smart_property.my_tag_vocal_raw": 6520,
Oct 02 03:17:00 server record_context_hot_cue_getter_status_matrix.sh[2333549]:     "playlist.smart_property.my_tag_vocal_signed": 6521,
Oct 02 03:17:00 server record_context_hot_cue_getter_status_matrix.sh[2333549]:     "playlist.smart_property.rating": 6522,
Oct 02 03:17:00 server record_context_hot_cue_getter_status_matrix.sh[2333549]:     "playlist.smart_property.date_released": 6523,
Oct 02 03:17:00 server record_context_hot_cue_getter_status_matrix.sh[2333549]:     "playlist.smart_property.remixed_by": 6524,
Oct 02 03:17:00 server record_context_hot_cue_getter_status_matrix.sh[2333549]:     "playlist.smart_property.duration": 6525,
Oct 02 03:17:00 server record_context_hot_cue_getter_status_matrix.sh[2333549]:     "playlist.smart_property.name": 6526,
Oct 02 03:17:00 server record_context_hot_cue_getter_status_matrix.sh[2333549]:     "playlist.smart_property.year": 6527,
Oct 02 03:17:00 server record_context_hot_cue_getter_status_matrix.sh[2333549]:     "playlist.smart_property.alias_title": 6528,
Oct 02 03:17:00 server record_context_hot_cue_getter_status_matrix.sh[2333549]:     "playlist.smart_property.alias_color": 6529,
Oct 02 03:17:00 server record_context_hot_cue_getter_status_matrix.sh[2333549]:     "playlist.smart_property.alias_play_count": 6530,
Oct 02 03:17:00 server record_context_hot_cue_getter_status_matrix.sh[2333549]:     "playlist.smart_property.alias_remixer": 6531,
Oct 02 03:17:00 server record_context_hot_cue_getter_status_matrix.sh[2333549]:     "playlist.smart_property.alias_composer": 6532,
Oct 02 03:17:00 server record_context_hot_cue_getter_status_matrix.sh[2333549]:     "playlist.smart_property.alias_filename_lowercase": 6533,
Oct 02 03:17:00 server record_context_hot_cue_getter_status_matrix.sh[2333549]:     "playlist.smart_date.stock_date_operator_01": 6701,
Oct 02 03:17:00 server record_context_hot_cue_getter_status_matrix.sh[2333549]:     "playlist.smart_date.stock_date_operator_02": 6702,
Oct 02 03:17:00 server record_context_hot_cue_getter_status_matrix.sh[2333549]:     "playlist.smart_date.stock_date_operator_03": 6703,
Oct 02 03:17:00 server record_context_hot_cue_getter_status_matrix.sh[2333549]:     "playlist.smart_date.stock_date_operator_04": 6704,
Oct 02 03:17:00 server record_context_hot_cue_getter_status_matrix.sh[2333549]:     "playlist.smart_date.stock_date_operator_05": 6705,
Oct 02 03:17:00 server record_context_hot_cue_getter_status_matrix.sh[2333549]:     "playlist.smart_date.stock_date_reversed_range": 6706,
Oct 02 03:17:00 server record_context_hot_cue_getter_status_matrix.sh[2333549]:     "playlist.smart_date.stock_date_blank_equal": 6707,
Oct 02 03:17:00 server record_context_hot_cue_getter_status_matrix.sh[2333549]:     "playlist.smart_date.stock_date_blank_not_equal": 6708,
Oct 02 03:17:00 server record_context_hot_cue_getter_status_matrix.sh[2333549]:     "playlist.smart_date.stock_date_invalid_equal": 6709,
Oct 02 03:17:00 server record_context_hot_cue_getter_status_matrix.sh[2333549]:     "playlist.smart_date.stock_date_invalid_not_equal": 6710,
Oct 02 03:17:00 server record_context_hot_cue_getter_status_matrix.sh[2333549]:     "playlist.smart_date.date_created_operator_01": 6711,
Oct 02 03:17:00 server record_context_hot_cue_getter_status_matrix.sh[2333549]:     "playlist.smart_date.date_created_operator_02": 6712,
Oct 02 03:17:00 server record_context_hot_cue_getter_status_matrix.sh[2333549]:     "playlist.smart_date.date_created_operator_03": 6713,
Oct 02 03:17:00 server record_context_hot_cue_getter_status_matrix.sh[2333549]:     "playlist.smart_date.date_created_operator_04": 6714,
Oct 02 03:17:00 server record_context_hot_cue_getter_status_matrix.sh[2333549]:     "playlist.smart_date.date_created_operator_05": 6715,
Oct 02 03:17:00 server record_context_hot_cue_getter_status_matrix.sh[2333549]:     "playlist.smart_date.date_created_reversed_range": 6716,
Oct 02 03:17:00 server record_context_hot_cue_getter_status_matrix.sh[2333549]:     "playlist.smart_date.date_created_blank_equal": 6717,
Oct 02 03:17:00 server record_context_hot_cue_getter_status_matrix.sh[2333549]:     "playlist.smart_date.date_created_blank_not_equal": 6718,
Oct 02 03:17:00 server record_context_hot_cue_getter_status_matrix.sh[2333549]:     "playlist.smart_date.date_created_invalid_equal": 6719,
Oct 02 03:17:00 server record_context_hot_cue_getter_status_matrix.sh[2333549]:     "playlist.smart_date.date_created_invalid_not_equal": 6720,
Oct 02 03:17:00 server record_context_hot_cue_getter_status_matrix.sh[2333549]:     "playlist.smart_date.date_released_operator_01": 6721,
Oct 02 03:17:00 server record_context_hot_cue_getter_status_matrix.sh[2333549]:     "playlist.smart_date.date_released_operator_02": 6722,
Oct 02 03:17:00 server record_context_hot_cue_getter_status_matrix.sh[2333549]:     "playlist.smart_date.date_released_operator_03": 6723,
Oct 02 03:17:00 server record_context_hot_cue_getter_status_matrix.sh[2333549]:     "playlist.smart_date.date_released_operator_04": 6724,
Oct 02 03:17:00 server record_context_hot_cue_getter_status_matrix.sh[2333549]:     "playlist.smart_date.date_released_operator_05": 6725,
Oct 02 03:17:00 server record_context_hot_cue_getter_status_matrix.sh[2333549]:     "playlist.smart_date.date_released_reversed_range": 6726,
Oct 02 03:17:00 server record_context_hot_cue_getter_status_matrix.sh[2333549]:     "playlist.smart_date.date_released_blank_equal": 6727,
Oct 02 03:17:00 server record_context_hot_cue_getter_status_matrix.sh[2333549]:     "playlist.smart_date.date_released_blank_not_equal": 6728,
Oct 02 03:17:00 server record_context_hot_cue_getter_status_matrix.sh[2333549]:     "playlist.smart_date.date_released_invalid_equal": 6729,
Oct 02 03:17:00 server record_context_hot_cue_getter_status_matrix.sh[2333549]:     "playlist.smart_date.date_released_invalid_not_equal": 6730,
Oct 02 03:17:00 server record_context_hot_cue_getter_status_matrix.sh[2333549]:     "playlist.smart_relative_date.stock_date_day_operator_06": 6801,
Oct 02 03:17:00 server record_context_hot_cue_getter_status_matrix.sh[2333549]:     "playlist.smart_relative_date.stock_date_day_operator_07": 6802,
Oct 02 03:17:00 server record_context_hot_cue_getter_status_matrix.sh[2333549]:     "playlist.smart_relative_date.stock_date_week_operator_06": 6803,
Oct 02 03:17:00 server record_context_hot_cue_getter_status_matrix.sh[2333549]:     "playlist.smart_relative_date.stock_date_week_operator_07": 6804,
Oct 02 03:17:00 server record_context_hot_cue_getter_status_matrix.sh[2333549]:     "playlist.smart_relative_date.stock_date_month_operator_06": 6805,
Oct 02 03:17:00 server record_context_hot_cue_getter_status_matrix.sh[2333549]:     "playlist.smart_relative_date.stock_date_month_operator_07": 6806,
Oct 02 03:17:00 server record_context_hot_cue_getter_status_matrix.sh[2333549]:     "playlist.smart_relative_date.stock_date_year_operator_06": 6807,
Oct 02 03:17:00 server record_context_hot_cue_getter_status_matrix.sh[2333549]:     "playlist.smart_relative_date.stock_date_year_operator_07": 6808,
Oct 02 03:17:00 server record_context_hot_cue_getter_status_matrix.sh[2333549]:     "playlist.smart_relative_date.date_created_day_operator_06": 6809,
Oct 02 03:17:00 server record_context_hot_cue_getter_status_matrix.sh[2333549]:     "playlist.smart_relative_date.date_created_day_operator_07": 6810,
Oct 02 03:17:00 server record_context_hot_cue_getter_status_matrix.sh[2333549]:     "playlist.smart_relative_date.date_created_week_operator_06": 6811,
Oct 02 03:17:00 server record_context_hot_cue_getter_status_matrix.sh[2333549]:     "playlist.smart_relative_date.date_created_week_operator_07": 6812,
Oct 02 03:17:00 server record_context_hot_cue_getter_status_matrix.sh[2333549]:     "playlist.smart_relative_date.date_created_month_operator_06": 6813,
Oct 02 03:17:00 server record_context_hot_cue_getter_status_matrix.sh[2333549]:     "playlist.smart_relative_date.date_created_month_operator_07": 6814,
Oct 02 03:17:00 server record_context_hot_cue_getter_status_matrix.sh[2333549]:     "playlist.smart_relative_date.date_created_year_operator_06": 6815,
Oct 02 03:17:00 server record_context_hot_cue_getter_status_matrix.sh[2333549]:     "playlist.smart_relative_date.date_created_year_operator_07": 6816,
Oct 02 03:17:00 server record_context_hot_cue_getter_status_matrix.sh[2333549]:     "playlist.smart_relative_date.date_released_day_operator_06": 6817,
Oct 02 03:17:00 server record_context_hot_cue_getter_status_matrix.sh[2333549]:     "playlist.smart_relative_date.date_released_day_operator_07": 6818,
Oct 02 03:17:00 server record_context_hot_cue_getter_status_matrix.sh[2333549]:     "playlist.smart_relative_date.date_released_week_operator_06": 6819,
Oct 02 03:17:00 server record_context_hot_cue_getter_status_matrix.sh[2333549]:     "playlist.smart_relative_date.date_released_week_operator_07": 6820,
Oct 02 03:17:00 server record_context_hot_cue_getter_status_matrix.sh[2333549]:     "playlist.smart_relative_date.date_released_month_operator_06": 6821,
Oct 02 03:17:00 server record_context_hot_cue_getter_status_matrix.sh[2333549]:     "playlist.smart_relative_date.date_released_month_operator_07": 6822,
Oct 02 03:17:00 server record_context_hot_cue_getter_status_matrix.sh[2333549]:     "playlist.smart_relative_date.date_released_year_operator_06": 6823,
Oct 02 03:17:00 server record_context_hot_cue_getter_status_matrix.sh[2333549]:     "playlist.smart_relative_date.date_released_year_operator_07": 6824,
Oct 02 03:17:00 server record_context_hot_cue_getter_status_matrix.sh[2333549]:     "playlist.smart_relative_date.stock_date_unit_days_operator_06": 6825,
Oct 02 03:17:00 server record_context_hot_cue_getter_status_matrix.sh[2333549]:     "playlist.smart_relative_date.stock_date_unit_days_operator_07": 6826,
Oct 02 03:17:00 server record_context_hot_cue_getter_status_matrix.sh[2333549]:     "playlist.smart_relative_date.stock_date_unit_weeks_operator_06": 6827,
Oct 02 03:17:00 server record_context_hot_cue_getter_status_matrix.sh[2333549]:     "playlist.smart_relative_date.stock_date_unit_weeks_operator_07": 6828,
Oct 02 03:17:00 server record_context_hot_cue_getter_status_matrix.sh[2333549]:     "playlist.smart_relative_date.stock_date_unit_months_operator_06": 6829,
Oct 02 03:17:00 server record_context_hot_cue_getter_status_matrix.sh[2333549]:     "playlist.smart_relative_date.stock_date_unit_months_operator_07": 6830,
Oct 02 03:17:00 server record_context_hot_cue_getter_status_matrix.sh[2333549]:     "playlist.smart_relative_date.stock_date_unit_years_operator_06": 6831,
Oct 02 03:17:00 server record_context_hot_cue_getter_status_matrix.sh[2333549]:     "playlist.smart_relative_date.stock_date_unit_years_operator_07": 6832,
Oct 02 03:17:00 server record_context_hot_cue_getter_status_matrix.sh[2333549]:     "playlist.smart_relative_date.stock_date_unit_uppercase_month_operator_06": 6833,
Oct 02 03:17:00 server record_context_hot_cue_getter_status_matrix.sh[2333549]:     "playlist.smart_relative_date.stock_date_unit_uppercase_month_operator_07": 6834,
Oct 02 03:17:00 server record_context_hot_cue_getter_status_matrix.sh[2333549]:     "playlist.smart_relative_date.stock_date_unit_empty_operator_06": 6835,
Oct 02 03:17:00 server record_context_hot_cue_getter_status_matrix.sh[2333549]:     "playlist.smart_relative_date.stock_date_unit_empty_operator_07": 6836,
Oct 02 03:17:00 server record_context_hot_cue_getter_status_matrix.sh[2333549]:     "playlist.smart_relative_date.stock_date_unit_unknown_operator_06": 6837,
Oct 02 03:17:00 server record_context_hot_cue_getter_status_matrix.sh[2333549]:     "playlist.smart_relative_date.stock_date_unit_unknown_operator_07": 6838,
Oct 02 03:17:00 server record_context_hot_cue_getter_status_matrix.sh[2333549]:     "playlist.smart_relative_date.stock_date_count_zero_operator_06": 6839,
Oct 02 03:17:00 server record_context_hot_cue_getter_status_matrix.sh[2333549]:     "playlist.smart_relative_date.stock_date_count_zero_operator_07": 6840,
Oct 02 03:17:00 server record_context_hot_cue_getter_status_matrix.sh[2333549]:     "playlist.smart_relative_date.stock_date_count_negative_operator_06": 6841,
Oct 02 03:17:00 server record_context_hot_cue_getter_status_matrix.sh[2333549]:     "playlist.smart_relative_date.stock_date_count_negative_operator_07": 6842,
Oct 02 03:17:00 server record_context_hot_cue_getter_status_matrix.sh[2333549]:     "playlist.smart_relative_date.stock_date_count_blank_operator_06": 6843,
Oct 02 03:17:00 server record_context_hot_cue_getter_status_matrix.sh[2333549]:     "playlist.smart_relative_date.stock_date_count_blank_operator_07": 6844,
Oct 02 03:17:00 server record_context_hot_cue_getter_status_matrix.sh[2333549]:     "playlist.smart_relative_date.stock_date_count_invalid_operator_06": 6845,
Oct 02 03:17:00 server record_context_hot_cue_getter_status_matrix.sh[2333549]:     "playlist.smart_relative_date.stock_date_count_invalid_operator_07": 6846,
Oct 02 03:17:00 server record_context_hot_cue_getter_status_matrix.sh[2333549]:     "playlist.smart_relative_date.stock_date_count_fractional_operator_06": 6847,
Oct 02 03:17:00 server record_context_hot_cue_getter_status_matrix.sh[2333549]:     "playlist.smart_relative_date.stock_date_count_fractional_operator_07": 6848,
Oct 02 03:17:00 server record_context_hot_cue_getter_status_matrix.sh[2333549]:     "playlist.smart_relative_date.stock_date_count_two_operator_06": 6849,
Oct 02 03:17:00 server record_context_hot_cue_getter_status_matrix.sh[2333549]:     "playlist.smart_relative_date.stock_date_count_two_operator_07": 6850,
Oct 02 03:17:00 server record_context_hot_cue_getter_status_matrix.sh[2333549]:     "playlist.smart_relative_date.stock_date_count_thirty_one_operator_06": 6851,
Oct 02 03:17:00 server record_context_hot_cue_getter_status_matrix.sh[2333549]:     "playlist.smart_relative_date.stock_date_count_thirty_one_operator_07": 6852,
Oct 02 03:17:00 server record_context_hot_cue_getter_status_matrix.sh[2333549]:     "playlist.smart_relative_date.stock_date_month_count_two_operator_06": 6853,
Oct 02 03:17:00 server record_context_hot_cue_getter_status_matrix.sh[2333549]:     "playlist.smart_relative_date.stock_date_month_count_two_operator_07": 6854,
Oct 02 03:17:00 server record_context_hot_cue_getter_status_matrix.sh[2333549]:     "playlist.smart_relative_date.stock_date_right_31_operator_06": 6855,
Oct 02 03:17:00 server record_context_hot_cue_getter_status_matrix.sh[2333549]:     "playlist.smart_relative_date.stock_date_right_31_operator_07": 6856,
Oct 02 03:17:00 server record_context_hot_cue_getter_status_matrix.sh[2333549]:     "track.date_format.canonical_jan_31": 11001,
Oct 02 03:17:00 server record_context_hot_cue_getter_status_matrix.sh[2333549]:     "track.date_format.canonical_leap_day": 11002,
Oct 02 03:17:00 server record_context_hot_cue_getter_status_matrix.sh[2333549]:     "track.date_format.canonical_epoch": 11003,
Oct 02 03:17:00 server record_context_hot_cue_getter_status_matrix.sh[2333549]:     "track.date_format.pre_epoch": 11004,
Oct 02 03:17:00 server record_context_hot_cue_getter_status_matrix.sh[2333549]:     "track.date_format.year_zero": 11005,
Oct 02 03:17:00 server record_context_hot_cue_getter_status_matrix.sh[2333549]:     "track.date_format.year_9999": 11006,
Oct 02 03:17:00 server record_context_hot_cue_getter_status_matrix.sh[2333549]:     "track.date_format.separator_slash": 11007,
Oct 02 03:17:00 server record_context_hot_cue_getter_status_matrix.sh[2333549]:     "track.date_format.separator_dot": 11008,
Oct 02 03:17:00 server record_context_hot_cue_getter_status_matrix.sh[2333549]:     "track.date_format.separator_space": 11009,
Oct 02 03:17:00 server record_context_hot_cue_getter_status_matrix.sh[2333549]:     "track.date_format.separator_letters": 11010,
Oct 02 03:17:00 server record_context_hot_cue_getter_status_matrix.sh[2333549]:     "track.date_format.separator_unicode": 11011,
Oct 02 03:17:00 server record_context_hot_cue_getter_status_matrix.sh[2333549]:     "track.date_format.separator_newline": 11012,
Oct 02 03:17:00 server record_context_hot_cue_getter_status_matrix.sh[2333549]:     "track.date_format.nonleap_feb_29": 11013,
Oct 02 03:17:00 server record_context_hot_cue_getter_status_matrix.sh[2333549]:     "track.date_format.leap_feb_30": 11014,
Oct 02 03:17:00 server record_context_hot_cue_getter_status_matrix.sh[2333549]:     "track.date_format.nonleap_feb_30": 11015,
Oct 02 03:17:00 server record_context_hot_cue_getter_status_matrix.sh[2333549]:     "track.date_format.nonleap_feb_31": 11016,
Oct 02 03:17:00 server record_context_hot_cue_getter_status_matrix.sh[2333549]:     "track.date_format.april_31": 11017,
Oct 02 03:17:00 server record_context_hot_cue_getter_status_matrix.sh[2333549]:     "track.date_format.month_zero": 11018,
Oct 02 03:17:00 server record_context_hot_cue_getter_status_matrix.sh[2333549]:     "track.date_format.month_13": 11019,
Oct 02 03:17:00 server record_context_hot_cue_getter_status_matrix.sh[2333549]:     "track.date_format.day_zero": 11020,
Oct 02 03:17:00 server record_context_hot_cue_getter_status_matrix.sh[2333549]:     "track.date_format.day_32": 11021,
Oct 02 03:17:00 server record_context_hot_cue_getter_status_matrix.sh[2333549]:     "track.date_format.month_99": 11022,
Oct 02 03:17:00 server record_context_hot_cue_getter_status_matrix.sh[2333549]:     "track.date_format.day_99": 11023,
Oct 02 03:17:00 server record_context_hot_cue_getter_status_matrix.sh[2333549]:     "track.date_format.single_digit_month": 11024,
Oct 02 03:17:00 server record_context_hot_cue_getter_status_matrix.sh[2333549]:     "track.date_format.single_digit_day": 11025,
Oct 02 03:17:00 server record_context_hot_cue_getter_status_matrix.sh[2333549]:     "track.date_format.five_digit_year": 11026,
Oct 02 03:17:00 server record_context_hot_cue_getter_status_matrix.sh[2333549]:     "track.date_format.timestamp_t": 11027,
Oct 02 03:17:00 server record_context_hot_cue_getter_status_matrix.sh[2333549]:     "track.date_format.timestamp_space": 11028,
Oct 02 03:17:00 server record_context_hot_cue_getter_status_matrix.sh[2333549]:     "track.date_format.leading_space": 11029,
Oct 02 03:17:00 server record_context_hot_cue_getter_status_matrix.sh[2333549]:     "track.date_format.trailing_space": 11030,
Oct 02 03:17:00 server record_context_hot_cue_getter_status_matrix.sh[2333549]:     "track.date_format.not_a_date": 11031,
Oct 02 03:17:00 server record_context_hot_cue_getter_status_matrix.sh[2333549]:     "track.date_format.ascii_letters": 11032,
Oct 02 03:17:00 server record_context_hot_cue_getter_status_matrix.sh[2333549]:     "track.date_format.zero_digits": 11033,
Oct 02 03:17:00 server record_context_hot_cue_getter_status_matrix.sh[2333549]:     "track.date_format.letter_in_year": 11034,
Oct 02 03:17:00 server record_context_hot_cue_getter_status_matrix.sh[2333549]:     "track.date_format.plus_year": 11035,
Oct 02 03:17:00 server record_context_hot_cue_getter_status_matrix.sh[2333549]:     "track.date_format.minus_year": 11036,
Oct 02 03:17:00 server record_context_hot_cue_getter_status_matrix.sh[2333549]:     "track.date_format.fullwidth_digits": 11037,
Oct 02 03:17:00 server record_context_hot_cue_getter_status_matrix.sh[2333549]:     "track.date_format.empty": 11038,
Oct 02 03:17:00 server record_context_hot_cue_getter_status_matrix.sh[2333549]:     "track.date_format.embedded_nul": 11039,
Oct 02 03:17:00 server record_context_hot_cue_getter_status_matrix.sh[2333549]:     "track.date_format.null": 11040,
Oct 02 03:17:00 server record_context_hot_cue_getter_status_matrix.sh[2333549]:     "playlist.smart_date_format.stock_date_canonical_jan_31_equal": 6901,
Oct 02 03:17:00 server record_context_hot_cue_getter_status_matrix.sh[2333549]:     "playlist.smart_date_format.stock_date_canonical_leap_day_equal": 6902,
Oct 02 03:17:00 server record_context_hot_cue_getter_status_matrix.sh[2333549]:     "playlist.smart_date_format.stock_date_canonical_epoch_equal": 6903,
Oct 02 03:17:00 server record_context_hot_cue_getter_status_matrix.sh[2333549]:     "playlist.smart_date_format.stock_date_pre_epoch_equal": 6904,
Oct 02 03:17:00 server record_context_hot_cue_getter_status_matrix.sh[2333549]:     "playlist.smart_date_format.stock_date_year_zero_equal": 6905,
Oct 02 03:17:00 server record_context_hot_cue_getter_status_matrix.sh[2333549]:     "playlist.smart_date_format.stock_date_year_9999_equal": 6906,
Oct 02 03:17:00 server record_context_hot_cue_getter_status_matrix.sh[2333549]:     "playlist.smart_date_format.stock_date_separator_slash_equal": 6907,
Oct 02 03:17:00 server record_context_hot_cue_getter_status_matrix.sh[2333549]:     "playlist.smart_date_format.stock_date_separator_dot_equal": 6908,
Oct 02 03:17:00 server record_context_hot_cue_getter_status_matrix.sh[2333549]:     "playlist.smart_date_format.stock_date_separator_space_equal": 6909,
Oct 02 03:17:00 server record_context_hot_cue_getter_status_matrix.sh[2333549]:     "playlist.smart_date_format.stock_date_separator_letters_equal": 6910,
Oct 02 03:17:00 server record_context_hot_cue_getter_status_matrix.sh[2333549]:     "playlist.smart_date_format.stock_date_separator_unicode_equal": 6911,
Oct 02 03:17:00 server record_context_hot_cue_getter_status_matrix.sh[2333549]:     "playlist.smart_date_format.stock_date_separator_newline_equal": 6912,
Oct 02 03:17:00 server record_context_hot_cue_getter_status_matrix.sh[2333549]:     "playlist.smart_date_format.stock_date_nonleap_feb_29_equal": 6913,
Oct 02 03:17:00 server record_context_hot_cue_getter_status_matrix.sh[2333549]:     "playlist.smart_date_format.stock_date_leap_feb_30_equal": 6914,
Oct 02 03:17:00 server record_context_hot_cue_getter_status_matrix.sh[2333549]:     "playlist.smart_date_format.stock_date_nonleap_feb_30_equal": 6915,
Oct 02 03:17:00 server record_context_hot_cue_getter_status_matrix.sh[2333549]:     "playlist.smart_date_format.stock_date_nonleap_feb_31_equal": 6916,
Oct 02 03:17:00 server record_context_hot_cue_getter_status_matrix.sh[2333549]:     "playlist.smart_date_format.stock_date_april_31_equal": 6917,
Oct 02 03:17:00 server record_context_hot_cue_getter_status_matrix.sh[2333549]:     "playlist.smart_date_format.stock_date_month_zero_equal": 6918,
Oct 02 03:17:00 server record_context_hot_cue_getter_status_matrix.sh[2333549]:     "playlist.smart_date_format.stock_date_month_13_equal": 6919,
Oct 02 03:17:00 server record_context_hot_cue_getter_status_matrix.sh[2333549]:     "playlist.smart_date_format.stock_date_day_zero_equal": 6920,
Oct 02 03:17:00 server record_context_hot_cue_getter_status_matrix.sh[2333549]:     "playlist.smart_date_format.stock_date_day_32_equal": 6921,
Oct 02 03:17:00 server record_context_hot_cue_getter_status_matrix.sh[2333549]:     "playlist.smart_date_format.stock_date_month_99_equal": 6922,
Oct 02 03:17:00 server record_context_hot_cue_getter_status_matrix.sh[2333549]:     "playlist.smart_date_format.stock_date_day_99_equal": 6923,
Oct 02 03:17:00 server record_context_hot_cue_getter_status_matrix.sh[2333549]:     "playlist.smart_date_format.stock_date_single_digit_month_equal": 6924,
Oct 02 03:17:00 server record_context_hot_cue_getter_status_matrix.sh[2333549]:     "playlist.smart_date_format.stock_date_single_digit_day_equal": 6925,
Oct 02 03:17:00 server record_context_hot_cue_getter_status_matrix.sh[2333549]:     "playlist.smart_date_format.stock_date_five_digit_year_equal": 6926,
Oct 02 03:17:00 server record_context_hot_cue_getter_status_matrix.sh[2333549]:     "playlist.smart_date_format.stock_date_timestamp_t_equal": 6927,
Oct 02 03:17:00 server record_context_hot_cue_getter_status_matrix.sh[2333549]:     "playlist.smart_date_format.stock_date_timestamp_space_equal": 6928,
Oct 02 03:17:00 server record_context_hot_cue_getter_status_matrix.sh[2333549]:     "playlist.smart_date_format.stock_date_leading_space_equal": 6929,
Oct 02 03:17:00 server record_context_hot_cue_getter_status_matrix.sh[2333549]:     "playlist.smart_date_format.stock_date_trailing_space_equal": 6930,
Oct 02 03:17:00 server record_context_hot_cue_getter_status_matrix.sh[2333549]:     "playlist.smart_date_format.stock_date_not_a_date_equal": 6931,
Oct 02 03:17:00 server record_context_hot_cue_getter_status_matrix.sh[2333549]:     "playlist.smart_date_format.stock_date_ascii_letters_equal": 6932,
Oct 02 03:17:00 server record_context_hot_cue_getter_status_matrix.sh[2333549]:     "playlist.smart_date_format.stock_date_zero_digits_equal": 6933,
Oct 02 03:17:00 server record_context_hot_cue_getter_status_matrix.sh[2333549]:     "playlist.smart_date_format.stock_date_letter_in_year_equal": 6934,
Oct 02 03:17:00 server record_context_hot_cue_getter_status_matrix.sh[2333549]:     "playlist.smart_date_format.stock_date_plus_year_equal": 6935,
Oct 02 03:17:00 server record_context_hot_cue_getter_status_matrix.sh[2333549]:     "playlist.smart_date_format.stock_date_minus_year_equal": 6936,
Oct 02 03:17:00 server record_context_hot_cue_getter_status_matrix.sh[2333549]:     "playlist.smart_date_format.stock_date_fullwidth_digits_equal": 6937,
Oct 02 03:17:00 server record_context_hot_cue_getter_status_matrix.sh[2333549]:     "playlist.smart_date_format.stock_date_empty_equal": 6938,
Oct 02 03:17:00 server record_context_hot_cue_getter_status_matrix.sh[2333549]:     "playlist.smart_date_format.stock_date_canonical_not_equal": 6939,
Oct 02 03:17:00 server record_context_hot_cue_getter_status_matrix.sh[2333549]:     "playlist.smart_date_format.date_created_canonical_jan_31_equal": 6940,
Oct 02 03:17:00 server record_context_hot_cue_getter_status_matrix.sh[2333549]:     "playlist.smart_date_format.date_created_canonical_leap_day_equal": 6941,
Oct 02 03:17:00 server record_context_hot_cue_getter_status_matrix.sh[2333549]:     "playlist.smart_date_format.date_created_canonical_epoch_equal": 6942,
Oct 02 03:17:00 server record_context_hot_cue_getter_status_matrix.sh[2333549]:     "playlist.smart_date_format.date_created_pre_epoch_equal": 6943,
Oct 02 03:17:00 server record_context_hot_cue_getter_status_matrix.sh[2333549]:     "playlist.smart_date_format.date_created_year_zero_equal": 6944,
Oct 02 03:17:00 server record_context_hot_cue_getter_status_matrix.sh[2333549]:     "playlist.smart_date_format.date_created_year_9999_equal": 6945,
Oct 02 03:17:00 server record_context_hot_cue_getter_status_matrix.sh[2333549]:     "playlist.smart_date_format.date_created_separator_slash_equal": 6946,
Oct 02 03:17:00 server record_context_hot_cue_getter_status_matrix.sh[2333549]:     "playlist.smart_date_format.date_created_separator_dot_equal": 6947,
Oct 02 03:17:00 server record_context_hot_cue_getter_status_matrix.sh[2333549]:     "playlist.smart_date_format.date_created_separator_space_equal": 6948,
Oct 02 03:17:00 server record_context_hot_cue_getter_status_matrix.sh[2333549]:     "playlist.smart_date_format.date_created_separator_letters_equal": 6949,
Oct 02 03:17:00 server record_context_hot_cue_getter_status_matrix.sh[2333549]:     "playlist.smart_date_format.date_created_separator_unicode_equal": 6950,
Oct 02 03:17:00 server record_context_hot_cue_getter_status_matrix.sh[2333549]:     "playlist.smart_date_format.date_created_separator_newline_equal": 6951,
Oct 02 03:17:00 server record_context_hot_cue_getter_status_matrix.sh[2333549]:     "playlist.smart_date_format.date_created_nonleap_feb_29_equal": 6952,
Oct 02 03:17:00 server record_context_hot_cue_getter_status_matrix.sh[2333549]:     "playlist.smart_date_format.date_created_leap_feb_30_equal": 6953,
Oct 02 03:17:00 server record_context_hot_cue_getter_status_matrix.sh[2333549]:     "playlist.smart_date_format.date_created_nonleap_feb_30_equal": 6954,
Oct 02 03:17:00 server record_context_hot_cue_getter_status_matrix.sh[2333549]:     "playlist.smart_date_format.date_created_nonleap_feb_31_equal": 6955,
Oct 02 03:17:00 server record_context_hot_cue_getter_status_matrix.sh[2333549]:     "playlist.smart_date_format.date_created_april_31_equal": 6956,
Oct 02 03:17:00 server record_context_hot_cue_getter_status_matrix.sh[2333549]:     "playlist.smart_date_format.date_created_month_zero_equal": 6957,
Oct 02 03:17:00 server record_context_hot_cue_getter_status_matrix.sh[2333549]:     "playlist.smart_date_format.date_created_month_13_equal": 6958,
Oct 02 03:17:00 server record_context_hot_cue_getter_status_matrix.sh[2333549]:     "playlist.smart_date_format.date_created_day_zero_equal": 6959,
Oct 02 03:17:00 server record_context_hot_cue_getter_status_matrix.sh[2333549]:     "playlist.smart_date_format.date_created_day_32_equal": 6960,
Oct 02 03:17:00 server record_context_hot_cue_getter_status_matrix.sh[2333549]:     "playlist.smart_date_format.date_created_month_99_equal": 6961,
Oct 02 03:17:00 server record_context_hot_cue_getter_status_matrix.sh[2333549]:     "playlist.smart_date_format.date_created_day_99_equal": 6962,
Oct 02 03:17:00 server record_context_hot_cue_getter_status_matrix.sh[2333549]:     "playlist.smart_date_format.date_created_single_digit_month_equal": 6963,
Oct 02 03:17:00 server record_context_hot_cue_getter_status_matrix.sh[2333549]:     "playlist.smart_date_format.date_created_single_digit_day_equal": 6964,
Oct 02 03:17:00 server record_context_hot_cue_getter_status_matrix.sh[2333549]:     "playlist.smart_date_format.date_created_five_digit_year_equal": 6965,
Oct 02 03:17:00 server record_context_hot_cue_getter_status_matrix.sh[2333549]:     "playlist.smart_date_format.date_created_timestamp_t_equal": 6966,
Oct 02 03:17:00 server record_context_hot_cue_getter_status_matrix.sh[2333549]:     "playlist.smart_date_format.date_created_timestamp_space_equal": 6967,
Oct 02 03:17:00 server record_context_hot_cue_getter_status_matrix.sh[2333549]:     "playlist.smart_date_format.date_created_leading_space_equal": 6968,
Oct 02 03:17:00 server record_context_hot_cue_getter_status_matrix.sh[2333549]:     "playlist.smart_date_format.date_created_trailing_space_equal": 6969,
Oct 02 03:17:00 server record_context_hot_cue_getter_status_matrix.sh[2333549]:     "playlist.smart_date_format.date_created_not_a_date_equal": 6970,
Oct 02 03:17:00 server record_context_hot_cue_getter_status_matrix.sh[2333549]:     "playlist.smart_date_format.date_created_ascii_letters_equal": 6971,
Oct 02 03:17:00 server record_context_hot_cue_getter_status_matrix.sh[2333549]:     "playlist.smart_date_format.date_created_zero_digits_equal": 6972,
Oct 02 03:17:00 server record_context_hot_cue_getter_status_matrix.sh[2333549]:     "playlist.smart_date_format.date_created_letter_in_year_equal": 6973,
Oct 02 03:17:00 server record_context_hot_cue_getter_status_matrix.sh[2333549]:     "playlist.smart_date_format.date_created_plus_year_equal": 6974,
Oct 02 03:17:00 server record_context_hot_cue_getter_status_matrix.sh[2333549]:     "playlist.smart_date_format.date_created_minus_year_equal": 6975,
Oct 02 03:17:00 server record_context_hot_cue_getter_status_matrix.sh[2333549]:     "playlist.smart_date_format.date_created_fullwidth_digits_equal": 6976,
Oct 02 03:17:00 server record_context_hot_cue_getter_status_matrix.sh[2333549]:     "playlist.smart_date_format.date_created_empty_equal": 6977,
Oct 02 03:17:00 server record_context_hot_cue_getter_status_matrix.sh[2333549]:     "playlist.smart_date_format.date_created_canonical_not_equal": 6978,
Oct 02 03:17:00 server record_context_hot_cue_getter_status_matrix.sh[2333549]:     "playlist.smart_date_format.date_released_canonical_jan_31_equal": 6979,
Oct 02 03:17:00 server record_context_hot_cue_getter_status_matrix.sh[2333549]:     "playlist.smart_date_format.date_released_canonical_leap_day_equal": 6980,
Oct 02 03:17:00 server record_context_hot_cue_getter_status_matrix.sh[2333549]:     "playlist.smart_date_format.date_released_canonical_epoch_equal": 6981,
Oct 02 03:17:00 server record_context_hot_cue_getter_status_matrix.sh[2333549]:     "playlist.smart_date_format.date_released_pre_epoch_equal": 6982,
Oct 02 03:17:00 server record_context_hot_cue_getter_status_matrix.sh[2333549]:     "playlist.smart_date_format.date_released_year_zero_equal": 6983,
Oct 02 03:17:00 server record_context_hot_cue_getter_status_matrix.sh[2333549]:     "playlist.smart_date_format.date_released_year_9999_equal": 6984,
Oct 02 03:17:00 server record_context_hot_cue_getter_status_matrix.sh[2333549]:     "playlist.smart_date_format.date_released_separator_slash_equal": 6985,
Oct 02 03:17:00 server record_context_hot_cue_getter_status_matrix.sh[2333549]:     "playlist.smart_date_format.date_released_separator_dot_equal": 6986,
Oct 02 03:17:00 server record_context_hot_cue_getter_status_matrix.sh[2333549]:     "playlist.smart_date_format.date_released_separator_space_equal": 6987,
Oct 02 03:17:00 server record_context_hot_cue_getter_status_matrix.sh[2333549]:     "playlist.smart_date_format.date_released_separator_letters_equal": 6988,
Oct 02 03:17:00 server record_context_hot_cue_getter_status_matrix.sh[2333549]:     "playlist.smart_date_format.date_released_separator_unicode_equal": 6989,
Oct 02 03:17:00 server record_context_hot_cue_getter_status_matrix.sh[2333549]:     "playlist.smart_date_format.date_released_separator_newline_equal": 6990,
Oct 02 03:17:00 server record_context_hot_cue_getter_status_matrix.sh[2333549]:     "playlist.smart_date_format.date_released_nonleap_feb_29_equal": 6991,
Oct 02 03:17:00 server record_context_hot_cue_getter_status_matrix.sh[2333549]:     "playlist.smart_date_format.date_released_leap_feb_30_equal": 6992,
Oct 02 03:17:00 server record_context_hot_cue_getter_status_matrix.sh[2333549]:     "playlist.smart_date_format.date_released_nonleap_feb_30_equal": 6993,
Oct 02 03:17:00 server record_context_hot_cue_getter_status_matrix.sh[2333549]:     "playlist.smart_date_format.date_released_nonleap_feb_31_equal": 6994,
Oct 02 03:17:00 server record_context_hot_cue_getter_status_matrix.sh[2333549]:     "playlist.smart_date_format.date_released_april_31_equal": 6995,
Oct 02 03:17:00 server record_context_hot_cue_getter_status_matrix.sh[2333549]:     "playlist.smart_date_format.date_released_month_zero_equal": 6996,
Oct 02 03:17:00 server record_context_hot_cue_getter_status_matrix.sh[2333549]:     "playlist.smart_date_format.date_released_month_13_equal": 6997,
Oct 02 03:17:00 server record_context_hot_cue_getter_status_matrix.sh[2333549]:     "playlist.smart_date_format.date_released_day_zero_equal": 6998,
Oct 02 03:17:00 server record_context_hot_cue_getter_status_matrix.sh[2333549]:     "playlist.smart_date_format.date_released_day_32_equal": 6999,
Oct 02 03:17:00 server record_context_hot_cue_getter_status_matrix.sh[2333549]:     "playlist.smart_date_format.date_released_month_99_equal": 7000,
Oct 02 03:17:00 server record_context_hot_cue_getter_status_matrix.sh[2333549]:     "playlist.smart_date_format.date_released_day_99_equal": 7001,
Oct 02 03:17:00 server record_context_hot_cue_getter_status_matrix.sh[2333549]:     "playlist.smart_date_format.date_released_single_digit_month_equal": 7002,
Oct 02 03:17:00 server record_context_hot_cue_getter_status_matrix.sh[2333549]:     "playlist.smart_date_format.date_released_single_digit_day_equal": 7003,
Oct 02 03:17:00 server record_context_hot_cue_getter_status_matrix.sh[2333549]:     "playlist.smart_date_format.date_released_five_digit_year_equal": 7004,
Oct 02 03:17:00 server record_context_hot_cue_getter_status_matrix.sh[2333549]:     "playlist.smart_date_format.date_released_timestamp_t_equal": 7005,
Oct 02 03:17:00 server record_context_hot_cue_getter_status_matrix.sh[2333549]:     "playlist.smart_date_format.date_released_timestamp_space_equal": 7006,
Oct 02 03:17:00 server record_context_hot_cue_getter_status_matrix.sh[2333549]:     "playlist.smart_date_format.date_released_leading_space_equal": 7007,
Oct 02 03:17:00 server record_context_hot_cue_getter_status_matrix.sh[2333549]:     "playlist.smart_date_format.date_released_trailing_space_equal": 7008,
Oct 02 03:17:00 server record_context_hot_cue_getter_status_matrix.sh[2333549]:     "playlist.smart_date_format.date_released_not_a_date_equal": 7009,
Oct 02 03:17:00 server record_context_hot_cue_getter_status_matrix.sh[2333549]:     "playlist.smart_date_format.date_released_ascii_letters_equal": 7010,
Oct 02 03:17:00 server record_context_hot_cue_getter_status_matrix.sh[2333549]:     "playlist.smart_date_format.date_released_zero_digits_equal": 7011,
Oct 02 03:17:00 server record_context_hot_cue_getter_status_matrix.sh[2333549]:     "playlist.smart_date_format.date_released_letter_in_year_equal": 7012,
Oct 02 03:17:00 server record_context_hot_cue_getter_status_matrix.sh[2333549]:     "playlist.smart_date_format.date_released_plus_year_equal": 7013,
Oct 02 03:17:00 server record_context_hot_cue_getter_status_matrix.sh[2333549]:     "playlist.smart_date_format.date_released_minus_year_equal": 7014,
Oct 02 03:17:00 server record_context_hot_cue_getter_status_matrix.sh[2333549]:     "playlist.smart_date_format.date_released_fullwidth_digits_equal": 7015,
Oct 02 03:17:00 server record_context_hot_cue_getter_status_matrix.sh[2333549]:     "playlist.smart_date_format.date_released_empty_equal": 7016,
Oct 02 03:17:00 server record_context_hot_cue_getter_status_matrix.sh[2333549]:     "playlist.smart_date_format.date_released_canonical_not_equal": 7017,
Oct 02 03:17:00 server record_context_hot_cue_getter_status_matrix.sh[2333549]:     "track.smart_text.alpha_upper": 12001,
Oct 02 03:17:00 server record_context_hot_cue_getter_status_matrix.sh[2333549]:     "track.smart_text.alpha_lower": 12002,
Oct 02 03:17:00 server record_context_hot_cue_getter_status_matrix.sh[2333549]:     "track.smart_text.alpha_acute_precomposed": 12003,
Oct 02 03:17:00 server record_context_hot_cue_getter_status_matrix.sh[2333549]:     "track.smart_text.alpha_acute_decomposed": 12004,
Oct 02 03:17:00 server record_context_hot_cue_getter_status_matrix.sh[2333549]:     "track.smart_text.alpha_diaeresis_upper": 12005,
Oct 02 03:17:00 server record_context_hot_cue_getter_status_matrix.sh[2333549]:     "track.smart_text.alpha_prefix": 12006,
Oct 02 03:17:00 server record_context_hot_cue_getter_status_matrix.sh[2333549]:     "track.smart_text.alpha_suffix": 12007,
Oct 02 03:17:00 server record_context_hot_cue_getter_status_matrix.sh[2333549]:     "track.smart_text.alpha_middle": 12008,
Oct 02 03:17:00 server record_context_hot_cue_getter_status_matrix.sh[2333549]:     "track.smart_text.alpha_spaced": 12009,
Oct 02 03:17:00 server record_context_hot_cue_getter_status_matrix.sh[2333549]:     "track.smart_text.empty": 12010,
Oct 02 03:17:00 server record_context_hot_cue_getter_status_matrix.sh[2333549]:     "track.smart_text.null": 12011,
Oct 02 03:17:00 server record_context_hot_cue_getter_status_matrix.sh[2333549]:     "track.smart_text.embedded_nul_suffix": 12012,
Oct 02 03:17:00 server record_context_hot_cue_getter_status_matrix.sh[2333549]:     "track.smart_text.embedded_nul_prefix": 12013,
Oct 02 03:17:00 server record_context_hot_cue_getter_status_matrix.sh[2333549]:     "track.smart_text.emoji_prefix": 12014,
Oct 02 03:17:00 server record_context_hot_cue_getter_status_matrix.sh[2333549]:     "track.smart_text.emoji_suffix": 12015,
Oct 02 03:17:00 server record_context_hot_cue_getter_status_matrix.sh[2333549]:     "track.smart_text.emoji_only": 12016,
Oct 02 03:17:00 server record_context_hot_cue_getter_status_matrix.sh[2333549]:     "track.smart_text.sharp_s": 12017,
Oct 02 03:17:00 server record_context_hot_cue_getter_status_matrix.sh[2333549]:     "track.smart_text.sharp_s_expanded": 12018,
Oct 02 03:17:00 server record_context_hot_cue_getter_status_matrix.sh[2333549]:     "track.smart_text.ligature": 12019,
Oct 02 03:17:00 server record_context_hot_cue_getter_status_matrix.sh[2333549]:     "track.smart_text.ligature_expanded": 12020,
Oct 02 03:17:00 server record_context_hot_cue_getter_status_matrix.sh[2333549]:     "track.smart_text.fullwidth": 12021,
Oct 02 03:17:00 server record_context_hot_cue_getter_status_matrix.sh[2333549]:     "track.smart_text.turkish_ascii": 12022,
Oct 02 03:17:00 server record_context_hot_cue_getter_status_matrix.sh[2333549]:     "track.smart_text.turkish_dotted": 12023,
Oct 02 03:17:00 server record_context_hot_cue_getter_status_matrix.sh[2333549]:     "track.smart_text.turkish_dotless": 12024,
Oct 02 03:17:00 server record_context_hot_cue_getter_status_matrix.sh[2333549]:     "track.smart_text.greek_upper": 12025,
Oct 02 03:17:00 server record_context_hot_cue_getter_status_matrix.sh[2333549]:     "track.smart_text.greek_sigma": 12026,
Oct 02 03:17:00 server record_context_hot_cue_getter_status_matrix.sh[2333549]:     "track.smart_text.greek_final_sigma": 12027,
Oct 02 03:17:00 server record_context_hot_cue_getter_status_matrix.sh[2333549]:     "track.smart_text.katakana": 12028,
Oct 02 03:17:00 server record_context_hot_cue_getter_status_matrix.sh[2333549]:     "track.smart_text.hiragana": 12029,
Oct 02 03:17:00 server record_context_hot_cue_getter_status_matrix.sh[2333549]:     "track.smart_text.combining_dot_acute": 12030,
Oct 02 03:17:00 server record_context_hot_cue_getter_status_matrix.sh[2333549]:     "track.smart_text.combining_acute_dot": 12031,
Oct 02 03:17:00 server record_context_hot_cue_getter_status_matrix.sh[2333549]:     "track.smart_text.punctuation_hyphen": 12032,
Oct 02 03:17:00 server record_context_hot_cue_getter_status_matrix.sh[2333549]:     "track.smart_text.punctuation_none": 12033,
Oct 02 03:17:00 server record_context_hot_cue_getter_status_matrix.sh[2333549]:     "track.smart_text.tab": 12034,
Oct 02 03:17:00 server record_context_hot_cue_getter_status_matrix.sh[2333549]:     "track.smart_text.newline": 12035,
Oct 02 03:17:00 server record_context_hot_cue_getter_status_matrix.sh[2333549]:     "track.smart_text.cyrillic_alpha": 12036,
Oct 02 03:17:00 server record_context_hot_cue_getter_status_matrix.sh[2333549]:     "track.smart_text.greek_alpha": 12037,
Oct 02 03:17:00 server record_context_hot_cue_getter_status_matrix.sh[2333549]:     "track.smart_text.trailing_combining": 12038,
Oct 02 03:17:00 server record_context_hot_cue_getter_status_matrix.sh[2333549]:     "track.smart_text.angstrom_sign": 12039,
Oct 02 03:17:00 server record_context_hot_cue_getter_status_matrix.sh[2333549]:     "track.smart_text.a_ring": 12040,
Oct 02 03:17:00 server record_context_hot_cue_getter_status_matrix.sh[2333549]:     "track.smart_text.ampersand": 12041,
Oct 02 03:17:00 server record_context_hot_cue_getter_status_matrix.sh[2333549]:     "track.smart_text.double_quote": 12042,
Oct 02 03:17:00 server record_context_hot_cue_getter_status_matrix.sh[2333549]:     "track.smart_text.apostrophe": 12043,
Oct 02 03:17:00 server record_context_hot_cue_getter_status_matrix.sh[2333549]:     "track.smart_string_property.alpha_upper": 13001,
Oct 02 03:17:00 server record_context_hot_cue_getter_status_matrix.sh[2333549]:     "track.smart_string_property.alpha_lower": 13002,
Oct 02 03:17:00 server record_context_hot_cue_getter_status_matrix.sh[2333549]:     "track.smart_string_property.alpha_acute_precomposed": 13003,
Oct 02 03:17:00 server record_context_hot_cue_getter_status_matrix.sh[2333549]:     "track.smart_string_property.alpha_acute_decomposed": 13004,
Oct 02 03:17:00 server record_context_hot_cue_getter_status_matrix.sh[2333549]:     "track.smart_string_property.fullwidth": 13005,
Oct 02 03:17:00 server record_context_hot_cue_getter_status_matrix.sh[2333549]:     "track.smart_string_property.alpha_prefix": 13006,
Oct 02 03:17:00 server record_context_hot_cue_getter_status_matrix.sh[2333549]:     "track.smart_string_property.alpha_suffix": 13007,
Oct 02 03:17:00 server record_context_hot_cue_getter_status_matrix.sh[2333549]:     "track.smart_string_property.beta": 13008,
Oct 02 03:17:00 server record_context_hot_cue_getter_status_matrix.sh[2333549]:     "track.smart_string_property.empty": 13009,
Oct 02 03:17:00 server record_context_hot_cue_getter_status_matrix.sh[2333549]:     "track.smart_string_property.null": 13010,
Oct 02 03:17:00 server record_context_hot_cue_getter_status_matrix.sh[2333549]:     "playlist.smart_string_property.artist_alpha_equal": 7201,
Oct 02 03:17:00 server record_context_hot_cue_getter_status_matrix.sh[2333549]:     "playlist.smart_string_property.artist_alpha_not_equal": 7202,
Oct 02 03:17:00 server record_context_hot_cue_getter_status_matrix.sh[2333549]:     "playlist.smart_string_property.artist_alpha_contains": 7203,
Oct 02 03:17:00 server record_context_hot_cue_getter_status_matrix.sh[2333549]:     "playlist.smart_string_property.artist_alpha_not_contains": 7204,
Oct 02 03:17:00 server record_context_hot_cue_getter_status_matrix.sh[2333549]:     "playlist.smart_string_property.artist_alpha_starts": 7205,
Oct 02 03:17:00 server record_context_hot_cue_getter_status_matrix.sh[2333549]:     "playlist.smart_string_property.artist_alpha_ends": 7206,
Oct 02 03:17:00 server record_context_hot_cue_getter_status_matrix.sh[2333549]:     "playlist.smart_string_property.artist_empty_equal": 7207,
Oct 02 03:17:00 server record_context_hot_cue_getter_status_matrix.sh[2333549]:     "playlist.smart_string_property.artist_empty_not_equal": 7208,
Oct 02 03:17:00 server record_context_hot_cue_getter_status_matrix.sh[2333549]:     "playlist.smart_string_property.album_alpha_equal": 7209,
Oct 02 03:17:00 server record_context_hot_cue_getter_status_matrix.sh[2333549]:     "playlist.smart_string_property.album_alpha_not_equal": 7210,
Oct 02 03:17:00 server record_context_hot_cue_getter_status_matrix.sh[2333549]:     "playlist.smart_string_property.album_alpha_contains": 7211,
Oct 02 03:17:00 server record_context_hot_cue_getter_status_matrix.sh[2333549]:     "playlist.smart_string_property.album_alpha_not_contains": 7212,
Oct 02 03:17:00 server record_context_hot_cue_getter_status_matrix.sh[2333549]:     "playlist.smart_string_property.album_alpha_starts": 7213,
Oct 02 03:17:00 server record_context_hot_cue_getter_status_matrix.sh[2333549]:     "playlist.smart_string_property.album_alpha_ends": 7214,
Oct 02 03:17:00 server record_context_hot_cue_getter_status_matrix.sh[2333549]:     "playlist.smart_string_property.album_empty_equal": 7215,
Oct 02 03:17:00 server record_context_hot_cue_getter_status_matrix.sh[2333549]:     "playlist.smart_string_property.album_empty_not_equal": 7216,
Oct 02 03:17:00 server record_context_hot_cue_getter_status_matrix.sh[2333549]:     "playlist.smart_string_property.album_artist_alpha_equal": 7217,
Oct 02 03:17:00 server record_context_hot_cue_getter_status_matrix.sh[2333549]:     "playlist.smart_string_property.album_artist_alpha_not_equal": 7218,
Oct 02 03:17:00 server record_context_hot_cue_getter_status_matrix.sh[2333549]:     "playlist.smart_string_property.album_artist_alpha_contains": 7219,
Oct 02 03:17:00 server record_context_hot_cue_getter_status_matrix.sh[2333549]:     "playlist.smart_string_property.album_artist_alpha_not_contains": 7220,
Oct 02 03:17:00 server record_context_hot_cue_getter_status_matrix.sh[2333549]:     "playlist.smart_string_property.album_artist_alpha_starts": 7221,
Oct 02 03:17:00 server record_context_hot_cue_getter_status_matrix.sh[2333549]:     "playlist.smart_string_property.album_artist_alpha_ends": 7222,
Oct 02 03:17:00 server record_context_hot_cue_getter_status_matrix.sh[2333549]:     "playlist.smart_string_property.album_artist_empty_equal": 7223,
Oct 02 03:17:00 server record_context_hot_cue_getter_status_matrix.sh[2333549]:     "playlist.smart_string_property.album_artist_empty_not_equal": 7224,
Oct 02 03:17:00 server record_context_hot_cue_getter_status_matrix.sh[2333549]:     "playlist.smart_string_property.original_artist_alpha_equal": 7225,
Oct 02 03:17:00 server record_context_hot_cue_getter_status_matrix.sh[2333549]:     "playlist.smart_string_property.original_artist_alpha_not_equal": 7226,
Oct 02 03:17:00 server record_context_hot_cue_getter_status_matrix.sh[2333549]:     "playlist.smart_string_property.original_artist_alpha_contains": 7227,
Oct 02 03:17:00 server record_context_hot_cue_getter_status_matrix.sh[2333549]:     "playlist.smart_string_property.original_artist_alpha_not_contains": 7228,
Oct 02 03:17:00 server record_context_hot_cue_getter_status_matrix.sh[2333549]:     "playlist.smart_string_property.original_artist_alpha_starts": 7229,
Oct 02 03:17:00 server record_context_hot_cue_getter_status_matrix.sh[2333549]:     "playlist.smart_string_property.original_artist_alpha_ends": 7230,
Oct 02 03:17:00 server record_context_hot_cue_getter_status_matrix.sh[2333549]:     "playlist.smart_string_property.original_artist_empty_equal": 7231,
Oct 02 03:17:00 server record_context_hot_cue_getter_status_matrix.sh[2333549]:     "playlist.smart_string_property.original_artist_empty_not_equal": 7232,
Oct 02 03:17:00 server record_context_hot_cue_getter_status_matrix.sh[2333549]:     "playlist.smart_string_property.producer_alpha_equal": 7233,
Oct 02 03:17:00 server record_context_hot_cue_getter_status_matrix.sh[2333549]:     "playlist.smart_string_property.producer_alpha_not_equal": 7234,
Oct 02 03:17:00 server record_context_hot_cue_getter_status_matrix.sh[2333549]:     "playlist.smart_string_property.producer_alpha_contains": 7235,
Oct 02 03:17:00 server record_context_hot_cue_getter_status_matrix.sh[2333549]:     "playlist.smart_string_property.producer_alpha_not_contains": 7236,
Oct 02 03:17:00 server record_context_hot_cue_getter_status_matrix.sh[2333549]:     "playlist.smart_string_property.producer_alpha_starts": 7237,
Oct 02 03:17:00 server record_context_hot_cue_getter_status_matrix.sh[2333549]:     "playlist.smart_string_property.producer_alpha_ends": 7238,
Oct 02 03:17:00 server record_context_hot_cue_getter_status_matrix.sh[2333549]:     "playlist.smart_string_property.producer_empty_equal": 7239,
Oct 02 03:17:00 server record_context_hot_cue_getter_status_matrix.sh[2333549]:     "playlist.smart_string_property.producer_empty_not_equal": 7240,
Oct 02 03:17:00 server record_context_hot_cue_getter_status_matrix.sh[2333549]:     "playlist.smart_string_property.genre_alpha_equal": 7241,
Oct 02 03:17:00 server record_context_hot_cue_getter_status_matrix.sh[2333549]:     "playlist.smart_string_property.genre_alpha_not_equal": 7242,
Oct 02 03:17:00 server record_context_hot_cue_getter_status_matrix.sh[2333549]:     "playlist.smart_string_property.genre_alpha_contains": 7243,
Oct 02 03:17:00 server record_context_hot_cue_getter_status_matrix.sh[2333549]:     "playlist.smart_string_property.genre_alpha_not_contains": 7244,
Oct 02 03:17:00 server record_context_hot_cue_getter_status_matrix.sh[2333549]:     "playlist.smart_string_property.genre_alpha_starts": 7245,
Oct 02 03:17:00 server record_context_hot_cue_getter_status_matrix.sh[2333549]:     "playlist.smart_string_property.genre_alpha_ends": 7246,
Oct 02 03:17:00 server record_context_hot_cue_getter_status_matrix.sh[2333549]:     "playlist.smart_string_property.genre_empty_equal": 7247,
Oct 02 03:17:00 server record_context_hot_cue_getter_status_matrix.sh[2333549]:     "playlist.smart_string_property.genre_empty_not_equal": 7248,
Oct 02 03:17:00 server record_context_hot_cue_getter_status_matrix.sh[2333549]:     "playlist.smart_string_property.key_alpha_equal": 7249,
Oct 02 03:17:00 server record_context_hot_cue_getter_status_matrix.sh[2333549]:     "playlist.smart_string_property.key_alpha_not_equal": 7250,
Oct 02 03:17:00 server record_context_hot_cue_getter_status_matrix.sh[2333549]:     "playlist.smart_string_property.key_alpha_contains": 7251,
Oct 02 03:17:00 server record_context_hot_cue_getter_status_matrix.sh[2333549]:     "playlist.smart_string_property.key_alpha_not_contains": 7252,
Oct 02 03:17:00 server record_context_hot_cue_getter_status_matrix.sh[2333549]:     "playlist.smart_string_property.key_alpha_starts": 7253,
Oct 02 03:17:00 server record_context_hot_cue_getter_status_matrix.sh[2333549]:     "playlist.smart_string_property.key_alpha_ends": 7254,
Oct 02 03:17:00 server record_context_hot_cue_getter_status_matrix.sh[2333549]:     "playlist.smart_string_property.key_empty_equal": 7255,
Oct 02 03:17:00 server record_context_hot_cue_getter_status_matrix.sh[2333549]:     "playlist.smart_string_property.key_empty_not_equal": 7256,
Oct 02 03:17:00 server record_context_hot_cue_getter_status_matrix.sh[2333549]:     "playlist.smart_string_property.label_alpha_equal": 7257,
Oct 02 03:17:00 server record_context_hot_cue_getter_status_matrix.sh[2333549]:     "playlist.smart_string_property.label_alpha_not_equal": 7258,
Oct 02 03:17:00 server record_context_hot_cue_getter_status_matrix.sh[2333549]:     "playlist.smart_string_property.label_alpha_contains": 7259,
Oct 02 03:17:00 server record_context_hot_cue_getter_status_matrix.sh[2333549]:     "playlist.smart_string_property.label_alpha_not_contains": 7260,
Oct 02 03:17:00 server record_context_hot_cue_getter_status_matrix.sh[2333549]:     "playlist.smart_string_property.label_alpha_starts": 7261,
Oct 02 03:17:00 server record_context_hot_cue_getter_status_matrix.sh[2333549]:     "playlist.smart_string_property.label_alpha_ends": 7262,
Oct 02 03:17:00 server record_context_hot_cue_getter_status_matrix.sh[2333549]:     "playlist.smart_string_property.label_empty_equal": 7263,
Oct 02 03:17:00 server record_context_hot_cue_getter_status_matrix.sh[2333549]:     "playlist.smart_string_property.label_empty_not_equal": 7264,
Oct 02 03:17:00 server record_context_hot_cue_getter_status_matrix.sh[2333549]:     "playlist.smart_string_property.remixed_by_alpha_equal": 7265,
Oct 02 03:17:00 server record_context_hot_cue_getter_status_matrix.sh[2333549]:     "playlist.smart_string_property.remixed_by_alpha_not_equal": 7266,
Oct 02 03:17:00 server record_context_hot_cue_getter_status_matrix.sh[2333549]:     "playlist.smart_string_property.remixed_by_alpha_contains": 7267,
Oct 02 03:17:00 server record_context_hot_cue_getter_status_matrix.sh[2333549]:     "playlist.smart_string_property.remixed_by_alpha_not_contains": 7268,
Oct 02 03:17:00 server record_context_hot_cue_getter_status_matrix.sh[2333549]:     "playlist.smart_string_property.remixed_by_alpha_starts": 7269,
Oct 02 03:17:00 server record_context_hot_cue_getter_status_matrix.sh[2333549]:     "playlist.smart_string_property.remixed_by_alpha_ends": 7270,
Oct 02 03:17:00 server record_context_hot_cue_getter_status_matrix.sh[2333549]:     "playlist.smart_string_property.remixed_by_empty_equal": 7271,
Oct 02 03:17:00 server record_context_hot_cue_getter_status_matrix.sh[2333549]:     "playlist.smart_string_property.remixed_by_empty_not_equal": 7272,
Oct 02 03:17:00 server record_context_hot_cue_getter_status_matrix.sh[2333549]:     "playlist.smart_string_property.comments_alpha_equal": 7273,
Oct 02 03:17:00 server record_context_hot_cue_getter_status_matrix.sh[2333549]:     "playlist.smart_string_property.comments_alpha_not_equal": 7274,
Oct 02 03:17:00 server record_context_hot_cue_getter_status_matrix.sh[2333549]:     "playlist.smart_string_property.comments_alpha_contains": 7275,
Oct 02 03:17:00 server record_context_hot_cue_getter_status_matrix.sh[2333549]:     "playlist.smart_string_property.comments_alpha_not_contains": 7276,
Oct 02 03:17:00 server record_context_hot_cue_getter_status_matrix.sh[2333549]:     "playlist.smart_string_property.comments_alpha_starts": 7277,
Oct 02 03:17:00 server record_context_hot_cue_getter_status_matrix.sh[2333549]:     "playlist.smart_string_property.comments_alpha_ends": 7278,
Oct 02 03:17:00 server record_context_hot_cue_getter_status_matrix.sh[2333549]:     "playlist.smart_string_property.comments_empty_equal": 7279,
Oct 02 03:17:00 server record_context_hot_cue_getter_status_matrix.sh[2333549]:     "playlist.smart_string_property.comments_empty_not_equal": 7280,
Oct 02 03:17:00 server record_context_hot_cue_getter_status_matrix.sh[2333549]:     "playlist.smart_string_property.file_name_alpha_equal": 7281,
Oct 02 03:17:00 server record_context_hot_cue_getter_status_matrix.sh[2333549]:     "playlist.smart_string_property.file_name_alpha_not_equal": 7282,
Oct 02 03:17:00 server record_context_hot_cue_getter_status_matrix.sh[2333549]:     "playlist.smart_string_property.file_name_alpha_contains": 7283,
Oct 02 03:17:00 server record_context_hot_cue_getter_status_matrix.sh[2333549]:     "playlist.smart_string_property.file_name_alpha_not_contains": 7284,
Oct 02 03:17:00 server record_context_hot_cue_getter_status_matrix.sh[2333549]:     "playlist.smart_string_property.file_name_alpha_starts": 7285,
Oct 02 03:17:00 server record_context_hot_cue_getter_status_matrix.sh[2333549]:     "playlist.smart_string_property.file_name_alpha_ends": 7286,
Oct 02 03:17:00 server record_context_hot_cue_getter_status_matrix.sh[2333549]:     "playlist.smart_string_property.file_name_empty_equal": 7287,
Oct 02 03:17:00 server record_context_hot_cue_getter_status_matrix.sh[2333549]:     "playlist.smart_string_property.file_name_empty_not_equal": 7288,
Oct 02 03:17:00 server record_context_hot_cue_getter_status_matrix.sh[2333549]:     "playlist.smart_string_property.mix_name_alpha_equal": 7289,
Oct 02 03:17:00 server record_context_hot_cue_getter_status_matrix.sh[2333549]:     "playlist.smart_string_property.mix_name_alpha_not_equal": 7290,
Oct 02 03:17:00 server record_context_hot_cue_getter_status_matrix.sh[2333549]:     "playlist.smart_string_property.mix_name_alpha_contains": 7291,
Oct 02 03:17:00 server record_context_hot_cue_getter_status_matrix.sh[2333549]:     "playlist.smart_string_property.mix_name_alpha_not_contains": 7292,
Oct 02 03:17:00 server record_context_hot_cue_getter_status_matrix.sh[2333549]:     "playlist.smart_string_property.mix_name_alpha_starts": 7293,
Oct 02 03:17:00 server record_context_hot_cue_getter_status_matrix.sh[2333549]:     "playlist.smart_string_property.mix_name_alpha_ends": 7294,
Oct 02 03:17:00 server record_context_hot_cue_getter_status_matrix.sh[2333549]:     "playlist.smart_string_property.mix_name_empty_equal": 7295,
Oct 02 03:17:00 server record_context_hot_cue_getter_status_matrix.sh[2333549]:     "playlist.smart_string_property.mix_name_empty_not_equal": 7296,
Oct 02 03:17:00 server record_context_hot_cue_getter_status_matrix.sh[2333549]:     "playlist.smart_string_property.name_alpha_equal": 7297,
Oct 02 03:17:00 server record_context_hot_cue_getter_status_matrix.sh[2333549]:     "playlist.smart_string_property.name_alpha_not_equal": 7298,
Oct 02 03:17:00 server record_context_hot_cue_getter_status_matrix.sh[2333549]:     "playlist.smart_string_property.name_alpha_contains": 7299,
Oct 02 03:17:00 server record_context_hot_cue_getter_status_matrix.sh[2333549]:     "playlist.smart_string_property.name_alpha_not_contains": 7300,
Oct 02 03:17:00 server record_context_hot_cue_getter_status_matrix.sh[2333549]:     "playlist.smart_string_property.name_alpha_starts": 7301,
Oct 02 03:17:00 server record_context_hot_cue_getter_status_matrix.sh[2333549]:     "playlist.smart_string_property.name_alpha_ends": 7302,
Oct 02 03:17:00 server record_context_hot_cue_getter_status_matrix.sh[2333549]:     "playlist.smart_string_property.name_empty_equal": 7303,
Oct 02 03:17:00 server record_context_hot_cue_getter_status_matrix.sh[2333549]:     "playlist.smart_string_property.name_empty_not_equal": 7304,
Oct 02 03:17:00 server record_context_hot_cue_getter_status_matrix.sh[2333549]:     "track.smart_mytag.tag_one": 19001,
Oct 02 03:17:00 server record_context_hot_cue_getter_status_matrix.sh[2333549]:     "track.smart_mytag.tag_int32_max": 19002,
Oct 02 03:17:00 server record_context_hot_cue_getter_status_matrix.sh[2333549]:     "track.smart_mytag.tag_high_bit": 19003,
Oct 02 03:17:00 server record_context_hot_cue_getter_status_matrix.sh[2333549]:     "track.smart_mytag.tag_uint32_max": 19004,
Oct 02 03:17:00 server record_context_hot_cue_getter_status_matrix.sh[2333549]:     "track.smart_mytag.tag_zero": 19005,
Oct 02 03:17:00 server record_context_hot_cue_getter_status_matrix.sh[2333549]:     "track.smart_mytag.tag_one_high_bit": 19006,
Oct 02 03:17:00 server record_context_hot_cue_getter_status_matrix.sh[2333549]:     "track.smart_mytag.tag_high_bit_uint32_max": 19007,
Oct 02 03:17:00 server record_context_hot_cue_getter_status_matrix.sh[2333549]:     "track.smart_mytag.untagged": 19008,
Oct 02 03:17:00 server record_context_hot_cue_getter_status_matrix.sh[2333549]:     "playlist.smart_mytag.operator_01": 7401,
Oct 02 03:17:00 server record_context_hot_cue_getter_status_matrix.sh[2333549]:     "playlist.smart_mytag.operator_02": 7402,
Oct 02 03:17:00 server record_context_hot_cue_getter_status_matrix.sh[2333549]:     "playlist.smart_mytag.operator_03": 7403,
Oct 02 03:17:00 server record_context_hot_cue_getter_status_matrix.sh[2333549]:     "playlist.smart_mytag.operator_04": 7404,
Oct 02 03:17:00 server record_context_hot_cue_getter_status_matrix.sh[2333549]:     "playlist.smart_mytag.operator_05": 7405,
Oct 02 03:17:00 server record_context_hot_cue_getter_status_matrix.sh[2333549]:     "playlist.smart_mytag.operator_06": 7406,
Oct 02 03:17:00 server record_context_hot_cue_getter_status_matrix.sh[2333549]:     "playlist.smart_mytag.operator_07": 7407,
Oct 02 03:17:00 server record_context_hot_cue_getter_status_matrix.sh[2333549]:     "playlist.smart_mytag.operator_08": 7408,
Oct 02 03:17:00 server record_context_hot_cue_getter_status_matrix.sh[2333549]:     "playlist.smart_mytag.operator_09": 7409,
Oct 02 03:17:00 server record_context_hot_cue_getter_status_matrix.sh[2333549]:     "playlist.smart_mytag.operator_10": 7410,
Oct 02 03:17:00 server record_context_hot_cue_getter_status_matrix.sh[2333549]:     "playlist.smart_mytag.operator_11": 7411,
Oct 02 03:17:00 server record_context_hot_cue_getter_status_matrix.sh[2333549]:     "playlist.smart_mytag.zero_operator_08": 7412,
Oct 02 03:17:00 server record_context_hot_cue_getter_status_matrix.sh[2333549]:     "playlist.smart_mytag.zero_operator_09": 7413,
Oct 02 03:17:00 server record_context_hot_cue_getter_status_matrix.sh[2333549]:     "playlist.smart_mytag.int32_max_operator_08": 7414,
Oct 02 03:17:00 server record_context_hot_cue_getter_status_matrix.sh[2333549]:     "playlist.smart_mytag.int32_max_operator_09": 7415,
Oct 02 03:17:00 server record_context_hot_cue_getter_status_matrix.sh[2333549]:     "playlist.smart_mytag.high_bit_raw_operator_08": 7416,
Oct 02 03:17:00 server record_context_hot_cue_getter_status_matrix.sh[2333549]:     "playlist.smart_mytag.high_bit_raw_operator_09": 7417,
Oct 02 03:17:00 server record_context_hot_cue_getter_status_matrix.sh[2333549]:     "playlist.smart_mytag.uint32_max_operator_08": 7418,
Oct 02 03:17:00 server record_context_hot_cue_getter_status_matrix.sh[2333549]:     "playlist.smart_mytag.uint32_max_operator_09": 7419,
Oct 02 03:17:00 server record_context_hot_cue_getter_status_matrix.sh[2333549]:     "playlist.smart_mytag.minus_one_operator_08": 7420,
Oct 02 03:17:00 server record_context_hot_cue_getter_status_matrix.sh[2333549]:     "playlist.smart_mytag.minus_one_operator_09": 7421,
Oct 02 03:17:00 server record_context_hot_cue_getter_status_matrix.sh[2333549]:     "playlist.smart_mytag.int32_min_operator_08": 7422,
Oct 02 03:17:00 server record_context_hot_cue_getter_status_matrix.sh[2333549]:     "playlist.smart_mytag.int32_min_operator_09": 7423,
Oct 02 03:17:00 server record_context_hot_cue_getter_status_matrix.sh[2333549]:     "playlist.smart_mytag.uint32_overflow_operator_08": 7424,
Oct 02 03:17:00 server record_context_hot_cue_getter_status_matrix.sh[2333549]:     "playlist.smart_mytag.uint32_overflow_operator_09": 7425,
Oct 02 03:17:00 server record_context_hot_cue_getter_status_matrix.sh[2333549]:     "playlist.smart_mytag.negative_overflow_operator_08": 7426,
Oct 02 03:17:00 server record_context_hot_cue_getter_status_matrix.sh[2333549]:     "playlist.smart_mytag.negative_overflow_operator_09": 7427,
Oct 02 03:17:00 server record_context_hot_cue_getter_status_matrix.sh[2333549]:     "playlist.smart_mytag.blank_operator_08": 7428,
Oct 02 03:17:00 server record_context_hot_cue_getter_status_matrix.sh[2333549]:     "playlist.smart_mytag.blank_operator_09": 7429,
Oct 02 03:17:00 server record_context_hot_cue_getter_status_matrix.sh[2333549]:     "playlist.smart_mytag.invalid_operator_08": 7430,
Oct 02 03:17:00 server record_context_hot_cue_getter_status_matrix.sh[2333549]:     "playlist.smart_mytag.invalid_operator_09": 7431,
Oct 02 03:17:00 server record_context_hot_cue_getter_status_matrix.sh[2333549]:     "playlist.smart_mytag.leading_zero_one_operator_08": 7432,
Oct 02 03:17:00 server record_context_hot_cue_getter_status_matrix.sh[2333549]:     "playlist.smart_mytag.leading_zero_one_operator_09": 7433,
Oct 02 03:17:00 server record_context_hot_cue_getter_status_matrix.sh[2333549]:     "playlist.smart_mytag.plus_one_operator_08": 7434,
Oct 02 03:17:00 server record_context_hot_cue_getter_status_matrix.sh[2333549]:     "playlist.smart_mytag.plus_one_operator_09": 7435,
Oct 02 03:17:00 server record_context_hot_cue_getter_status_matrix.sh[2333549]:     "playlist.smart_mytag.spaced_one_operator_08": 7436,
Oct 02 03:17:00 server record_context_hot_cue_getter_status_matrix.sh[2333549]:     "playlist.smart_mytag.spaced_one_operator_09": 7437,
Oct 02 03:17:00 server record_context_hot_cue_getter_status_matrix.sh[2333549]:     "playlist.smart_mytag.hex_one_operator_08": 7438,
Oct 02 03:17:00 server record_context_hot_cue_getter_status_matrix.sh[2333549]:     "playlist.smart_mytag.hex_one_operator_09": 7439,
Oct 02 03:17:00 server record_context_hot_cue_getter_status_matrix.sh[2333549]:     "playlist.smart_mytag.comma_pair_operator_08": 7440,
Oct 02 03:17:00 server record_context_hot_cue_getter_status_matrix.sh[2333549]:     "playlist.smart_mytag.comma_pair_operator_09": 7441,
Oct 02 03:17:00 server record_context_hot_cue_getter_status_matrix.sh[2333549]:     "playlist.smart_mytag.value_right_ignored": 7442,
Oct 02 03:17:00 server record_context_hot_cue_getter_status_matrix.sh[2333549]:     "playlist.smart_mytag.value_unit_ignored": 7443,
Oct 02 03:17:00 server record_context_hot_cue_getter_status_matrix.sh[2333549]:     "playlist.smart_mytag.all_contains_one_high_bit": 7444,
Oct 02 03:17:00 server record_context_hot_cue_getter_status_matrix.sh[2333549]:     "playlist.smart_mytag.any_contains_one_high_bit": 7445,
Oct 02 03:17:00 server record_context_hot_cue_getter_status_matrix.sh[2333549]:     "playlist.smart_mytag.all_not_contains_one_high_bit": 7446,
Oct 02 03:17:00 server record_context_hot_cue_getter_status_matrix.sh[2333549]:     "playlist.smart_mytag.any_not_contains_one_high_bit": 7447,
Oct 02 03:17:00 server record_context_hot_cue_getter_status_matrix.sh[2333549]:     "playlist.smart_mytag.all_contains_one_not_high_bit": 7448,
Oct 02 03:17:00 server record_context_hot_cue_getter_status_matrix.sh[2333549]:     "playlist.smart_mytag.any_contains_one_not_high_bit": 7449,
Oct 02 03:17:00 server record_context_hot_cue_getter_status_matrix.sh[2333549]:     "playlist.smart_xml.canonical_house": 7501,
Oct 02 03:17:00 server record_context_hot_cue_getter_status_matrix.sh[2333549]:     "playlist.smart_xml.lowercase_elements": 7502,
Oct 02 03:17:00 server record_context_hot_cue_getter_status_matrix.sh[2333549]:     "playlist.smart_xml.mixedcase_elements": 7503,
Oct 02 03:17:00 server record_context_hot_cue_getter_status_matrix.sh[2333549]:     "playlist.smart_xml.xml_declaration": 7504,
Oct 02 03:17:00 server record_context_hot_cue_getter_status_matrix.sh[2333549]:     "playlist.smart_xml.xml_declaration_encoding": 7505,
Oct 02 03:17:00 server record_context_hot_cue_getter_status_matrix.sh[2333549]:     "playlist.smart_xml.leading_bom": 7506,
Oct 02 03:17:00 server record_context_hot_cue_getter_status_matrix.sh[2333549]:     "playlist.smart_xml.leading_comment": 7507,
Oct 02 03:17:00 server record_context_hot_cue_getter_status_matrix.sh[2333549]:     "playlist.smart_xml.leading_processing_instruction": 7508,
Oct 02 03:17:00 server record_context_hot_cue_getter_status_matrix.sh[2333549]:     "playlist.smart_xml.trailing_comment": 7509,
Oct 02 03:17:00 server record_context_hot_cue_getter_status_matrix.sh[2333549]:     "playlist.smart_xml.surrounding_whitespace": 7510,
Oct 02 03:17:00 server record_context_hot_cue_getter_status_matrix.sh[2333549]:     "playlist.smart_xml.reordered_attributes": 7511,
Oct 02 03:17:00 server record_context_hot_cue_getter_status_matrix.sh[2333549]:     "playlist.smart_xml.single_quoted_attributes": 7512,
Oct 02 03:17:00 server record_context_hot_cue_getter_status_matrix.sh[2333549]:     "playlist.smart_xml.decimal_character_reference": 7513,
Oct 02 03:17:00 server record_context_hot_cue_getter_status_matrix.sh[2333549]:     "playlist.smart_xml.hex_character_reference": 7514,
Oct 02 03:17:00 server record_context_hot_cue_getter_status_matrix.sh[2333549]:     "playlist.smart_xml.empty_string": 7515,
Oct 02 03:17:00 server record_context_hot_cue_getter_status_matrix.sh[2333549]:     "playlist.smart_xml.whitespace_only": 7516,
Oct 02 03:17:00 server record_context_hot_cue_getter_status_matrix.sh[2333549]:     "playlist.smart_xml.text_only": 7517,
Oct 02 03:17:00 server record_context_hot_cue_getter_status_matrix.sh[2333549]:     "playlist.smart_xml.malformed_open": 7518,
Oct 02 03:17:00 server record_context_hot_cue_getter_status_matrix.sh[2333549]:     "playlist.smart_xml.unclosed_root": 7519,
Oct 02 03:17:00 server record_context_hot_cue_getter_status_matrix.sh[2333549]:     "playlist.smart_xml.mismatched_close": 7520,
Oct 02 03:17:00 server record_context_hot_cue_getter_status_matrix.sh[2333549]:     "playlist.smart_xml.unclosed_condition": 7521,
Oct 02 03:17:00 server record_context_hot_cue_getter_status_matrix.sh[2333549]:     "playlist.smart_xml.missing_attribute_quote": 7522,
Oct 02 03:17:00 server record_context_hot_cue_getter_status_matrix.sh[2333549]:     "playlist.smart_xml.unescaped_ampersand": 7523,
Oct 02 03:17:00 server record_context_hot_cue_getter_status_matrix.sh[2333549]:     "playlist.smart_xml.unknown_entity": 7524,
Oct 02 03:17:00 server record_context_hot_cue_getter_status_matrix.sh[2333549]:     "playlist.smart_xml.invalid_numeric_entity": 7525,
Oct 02 03:17:00 server record_context_hot_cue_getter_status_matrix.sh[2333549]:     "playlist.smart_xml.wrapper_root": 7526,
Oct 02 03:17:00 server record_context_hot_cue_getter_status_matrix.sh[2333549]:     "playlist.smart_xml.namespaced_root": 7527,
Oct 02 03:17:00 server record_context_hot_cue_getter_status_matrix.sh[2333549]:     "playlist.smart_xml.condition_as_root": 7528,
Oct 02 03:17:00 server record_context_hot_cue_getter_status_matrix.sh[2333549]:     "playlist.smart_xml.self_closing_node": 7529,
Oct 02 03:17:00 server record_context_hot_cue_getter_status_matrix.sh[2333549]:     "playlist.smart_xml.text_child_only": 7530,
Oct 02 03:17:00 server record_context_hot_cue_getter_status_matrix.sh[2333549]:     "playlist.smart_xml.comment_child_only": 7531,
Oct 02 03:17:00 server record_context_hot_cue_getter_status_matrix.sh[2333549]:     "playlist.smart_xml.cdata_child_only": 7532,
Oct 02 03:17:00 server record_context_hot_cue_getter_status_matrix.sh[2333549]:     "playlist.smart_xml.unknown_child": 7533,
Oct 02 03:17:00 server record_context_hot_cue_getter_status_matrix.sh[2333549]:     "playlist.smart_xml.unknown_wrapper_condition": 7534,
Oct 02 03:17:00 server record_context_hot_cue_getter_status_matrix.sh[2333549]:     "playlist.smart_xml.nested_node_only": 7535,
Oct 02 03:17:00 server record_context_hot_cue_getter_status_matrix.sh[2333549]:     "playlist.smart_xml.nested_then_direct_house": 7536,
Oct 02 03:17:00 server record_context_hot_cue_getter_status_matrix.sh[2333549]:     "playlist.smart_xml.direct_house_then_nested_techno": 7537,
Oct 02 03:17:00 server record_context_hot_cue_getter_status_matrix.sh[2333549]:     "playlist.smart_xml.two_direct_all": 7538,
Oct 02 03:17:00 server record_context_hot_cue_getter_status_matrix.sh[2333549]:     "playlist.smart_xml.two_direct_any": 7539,
Oct 02 03:17:00 server record_context_hot_cue_getter_status_matrix.sh[2333549]:     "playlist.smart_xml.condition_before_node": 7540,
Oct 02 03:17:00 server record_context_hot_cue_getter_status_matrix.sh[2333549]:     "playlist.smart_xml.two_roots_house_then_techno": 7541,
Oct 02 03:17:00 server record_context_hot_cue_getter_status_matrix.sh[2333549]:     "playlist.smart_xml.valid_root_trailing_text": 7542,
Oct 02 03:17:00 server record_context_hot_cue_getter_status_matrix.sh[2333549]:     "playlist.smart_xml.leading_text_valid_root": 7543,
Oct 02 03:17:00 server record_context_hot_cue_getter_status_matrix.sh[2333549]:     "playlist.smart_xml.missing_logical_operator": 7544,
Oct 02 03:17:00 server record_context_hot_cue_getter_status_matrix.sh[2333549]:     "playlist.smart_xml.blank_logical_operator": 7545,
Oct 02 03:17:00 server record_context_hot_cue_getter_status_matrix.sh[2333549]:     "playlist.smart_xml.invalid_logical_operator": 7546,
Oct 02 03:17:00 server record_context_hot_cue_getter_status_matrix.sh[2333549]:     "playlist.smart_xml.plus_two_logical_operator": 7547,
Oct 02 03:17:00 server record_context_hot_cue_getter_status_matrix.sh[2333549]:     "playlist.smart_xml.spaced_two_logical_operator": 7548,
Oct 02 03:17:00 server record_context_hot_cue_getter_status_matrix.sh[2333549]:     "playlist.smart_xml.duplicate_logical_one_then_two": 7549,
Oct 02 03:17:00 server record_context_hot_cue_getter_status_matrix.sh[2333549]:     "playlist.smart_xml.duplicate_logical_two_then_one": 7550,
Oct 02 03:17:00 server record_context_hot_cue_getter_status_matrix.sh[2333549]:     "playlist.smart_xml.lowercase_root_attributes": 7551,
Oct 02 03:17:00 server record_context_hot_cue_getter_status_matrix.sh[2333549]:     "playlist.smart_xml.uppercase_root_attributes": 7552,
Oct 02 03:17:00 server record_context_hot_cue_getter_status_matrix.sh[2333549]:     "playlist.smart_xml.missing_property": 7553,
Oct 02 03:17:00 server record_context_hot_cue_getter_status_matrix.sh[2333549]:     "playlist.smart_xml.blank_property": 7554,
Oct 02 03:17:00 server record_context_hot_cue_getter_status_matrix.sh[2333549]:     "playlist.smart_xml.whitespace_property": 7555,
Oct 02 03:17:00 server record_context_hot_cue_getter_status_matrix.sh[2333549]:     "playlist.smart_xml.uppercase_property_value": 7556,
Oct 02 03:17:00 server record_context_hot_cue_getter_status_matrix.sh[2333549]:     "playlist.smart_xml.property_leading_space": 7557,
Oct 02 03:17:00 server record_context_hot_cue_getter_status_matrix.sh[2333549]:     "playlist.smart_xml.missing_operator": 7558,
Oct 02 03:17:00 server record_context_hot_cue_getter_status_matrix.sh[2333549]:     "playlist.smart_xml.blank_operator": 7559,
Oct 02 03:17:00 server record_context_hot_cue_getter_status_matrix.sh[2333549]:     "playlist.smart_xml.invalid_operator_text": 7560,
Oct 02 03:17:00 server record_context_hot_cue_getter_status_matrix.sh[2333549]:     "playlist.smart_xml.plus_one_operator": 7561,
Oct 02 03:17:00 server record_context_hot_cue_getter_status_matrix.sh[2333549]:     "playlist.smart_xml.spaced_one_operator": 7562,
Oct 02 03:17:00 server record_context_hot_cue_getter_status_matrix.sh[2333549]:     "playlist.smart_xml.leading_zero_operator": 7563,
Oct 02 03:17:00 server record_context_hot_cue_getter_status_matrix.sh[2333549]:     "playlist.smart_xml.duplicate_operator_one_then_two": 7564,
Oct 02 03:17:00 server record_context_hot_cue_getter_status_matrix.sh[2333549]:     "playlist.smart_xml.duplicate_operator_two_then_one": 7565,
Oct 02 03:17:00 server record_context_hot_cue_getter_status_matrix.sh[2333549]:     "playlist.smart_xml.missing_value_left": 7566,
Oct 02 03:17:00 server record_context_hot_cue_getter_status_matrix.sh[2333549]:     "playlist.smart_xml.duplicate_value_house_then_techno": 7567,
Oct 02 03:17:00 server record_context_hot_cue_getter_status_matrix.sh[2333549]:     "playlist.smart_xml.duplicate_value_techno_then_house": 7568,
Oct 02 03:17:00 server record_context_hot_cue_getter_status_matrix.sh[2333549]:     "playlist.smart_xml.extra_condition_attributes": 7569,
Oct 02 03:17:00 server record_context_hot_cue_getter_status_matrix.sh[2333549]:     "playlist.smart_xml.condition_with_text_content": 7570,
Oct 02 03:17:00 server record_context_hot_cue_getter_status_matrix.sh[2333549]:     "playlist.smart_xml.namespaced_condition": 7571,
Oct 02 03:17:00 server record_context_hot_cue_getter_status_matrix.sh[2333549]:     "playlist.smart_xml.valid_root_then_nul_junk": 7572,
Oct 02 03:17:00 server record_context_hot_cue_getter_status_matrix.sh[2333549]:     "playlist.smart_xml.nul_before_root": 7573,
Oct 02 03:17:00 server record_context_hot_cue_getter_status_matrix.sh[2333549]:     "playlist.smart_text.alpha_operator_01": 7101,
Oct 02 03:17:00 server record_context_hot_cue_getter_status_matrix.sh[2333549]:     "playlist.smart_text.alpha_operator_02": 7102,
Oct 02 03:17:00 server record_context_hot_cue_getter_status_matrix.sh[2333549]:     "playlist.smart_text.alpha_operator_08": 7103,
Oct 02 03:17:00 server record_context_hot_cue_getter_status_matrix.sh[2333549]:     "playlist.smart_text.alpha_operator_09": 7104,
Oct 02 03:17:00 server record_context_hot_cue_getter_status_matrix.sh[2333549]:     "playlist.smart_text.alpha_operator_10": 7105,
Oct 02 03:17:00 server record_context_hot_cue_getter_status_matrix.sh[2333549]:     "playlist.smart_text.alpha_operator_11": 7106,
Oct 02 03:17:00 server record_context_hot_cue_getter_status_matrix.sh[2333549]:     "playlist.smart_text.alpha_lower_equal": 7107,
Oct 02 03:17:00 server record_context_hot_cue_getter_status_matrix.sh[2333549]:     "playlist.smart_text.alpha_acute_precomposed_equal": 7108,
Oct 02 03:17:00 server record_context_hot_cue_getter_status_matrix.sh[2333549]:     "playlist.smart_text.alpha_acute_decomposed_equal": 7109,
Oct 02 03:17:00 server record_context_hot_cue_getter_status_matrix.sh[2333549]:     "playlist.smart_text.alpha_diaeresis_equal": 7110,
Oct 02 03:17:00 server record_context_hot_cue_getter_status_matrix.sh[2333549]:     "playlist.smart_text.alpha_trailing_combining_equal": 7111,
Oct 02 03:17:00 server record_context_hot_cue_getter_status_matrix.sh[2333549]:     "playlist.smart_text.alpha_angstrom_equal": 7112,
Oct 02 03:17:00 server record_context_hot_cue_getter_status_matrix.sh[2333549]:     "playlist.smart_text.alpha_a_ring_equal": 7113,
Oct 02 03:17:00 server record_context_hot_cue_getter_status_matrix.sh[2333549]:     "playlist.smart_text.beta_contains": 7114,
Oct 02 03:17:00 server record_context_hot_cue_getter_status_matrix.sh[2333549]:     "playlist.smart_text.beta_not_contains": 7115,
Oct 02 03:17:00 server record_context_hot_cue_getter_status_matrix.sh[2333549]:     "playlist.smart_text.beta_starts": 7116,
Oct 02 03:17:00 server record_context_hot_cue_getter_status_matrix.sh[2333549]:     "playlist.smart_text.beta_ends": 7117,
Oct 02 03:17:00 server record_context_hot_cue_getter_status_matrix.sh[2333549]:     "playlist.smart_text.empty_operator_01": 7118,
Oct 02 03:17:00 server record_context_hot_cue_getter_status_matrix.sh[2333549]:     "playlist.smart_text.empty_operator_02": 7119,
Oct 02 03:17:00 server record_context_hot_cue_getter_status_matrix.sh[2333549]:     "playlist.smart_text.empty_operator_08": 7120,
Oct 02 03:17:00 server record_context_hot_cue_getter_status_matrix.sh[2333549]:     "playlist.smart_text.empty_operator_09": 7121,
Oct 02 03:17:00 server record_context_hot_cue_getter_status_matrix.sh[2333549]:     "playlist.smart_text.empty_operator_10": 7122,
Oct 02 03:17:00 server record_context_hot_cue_getter_status_matrix.sh[2333549]:     "playlist.smart_text.empty_operator_11": 7123,
Oct 02 03:17:00 server record_context_hot_cue_getter_status_matrix.sh[2333549]:     "playlist.smart_text.emoji_equal": 7124,
Oct 02 03:17:00 server record_context_hot_cue_getter_status_matrix.sh[2333549]:     "playlist.smart_text.emoji_contains": 7125,
Oct 02 03:17:00 server record_context_hot_cue_getter_status_matrix.sh[2333549]:     "playlist.smart_text.emoji_starts": 7126,
Oct 02 03:17:00 server record_context_hot_cue_getter_status_matrix.sh[2333549]:     "playlist.smart_text.emoji_ends": 7127,
Oct 02 03:17:00 server record_context_hot_cue_getter_status_matrix.sh[2333549]:     "playlist.smart_text.sharp_s_equal": 7128,
Oct 02 03:17:00 server record_context_hot_cue_getter_status_matrix.sh[2333549]:     "playlist.smart_text.sharp_s_expanded_equal": 7129,
Oct 02 03:17:00 server record_context_hot_cue_getter_status_matrix.sh[2333549]:     "playlist.smart_text.sharp_s_contains_ss": 7130,
Oct 02 03:17:00 server record_context_hot_cue_getter_status_matrix.sh[2333549]:     "playlist.smart_text.ligature_equal": 7131,
Oct 02 03:17:00 server record_context_hot_cue_getter_status_matrix.sh[2333549]:     "playlist.smart_text.ligature_expanded_equal": 7132,
Oct 02 03:17:00 server record_context_hot_cue_getter_status_matrix.sh[2333549]:     "playlist.smart_text.fullwidth_equal": 7133,
Oct 02 03:17:00 server record_context_hot_cue_getter_status_matrix.sh[2333549]:     "playlist.smart_text.turkish_ascii_equal": 7134,
Oct 02 03:17:00 server record_context_hot_cue_getter_status_matrix.sh[2333549]:     "playlist.smart_text.turkish_dotted_equal": 7135,
Oct 02 03:17:00 server record_context_hot_cue_getter_status_matrix.sh[2333549]:     "playlist.smart_text.turkish_dotless_equal": 7136,
Oct 02 03:17:00 server record_context_hot_cue_getter_status_matrix.sh[2333549]:     "playlist.smart_text.greek_upper_equal": 7137,
Oct 02 03:17:00 server record_context_hot_cue_getter_status_matrix.sh[2333549]:     "playlist.smart_text.greek_sigma_equal": 7138,
Oct 02 03:17:00 server record_context_hot_cue_getter_status_matrix.sh[2333549]:     "playlist.smart_text.greek_final_sigma_equal": 7139,
Oct 02 03:17:00 server record_context_hot_cue_getter_status_matrix.sh[2333549]:     "playlist.smart_text.katakana_equal": 7140,
Oct 02 03:17:00 server record_context_hot_cue_getter_status_matrix.sh[2333549]:     "playlist.smart_text.hiragana_equal": 7141,
Oct 02 03:17:00 server record_context_hot_cue_getter_status_matrix.sh[2333549]:     "playlist.smart_text.combining_dot_acute_equal": 7142,
Oct 02 03:17:00 server record_context_hot_cue_getter_status_matrix.sh[2333549]:     "playlist.smart_text.combining_acute_dot_equal": 7143,
Oct 02 03:17:00 server record_context_hot_cue_getter_status_matrix.sh[2333549]:     "playlist.smart_text.punctuation_none_equal": 7144,
Oct 02 03:17:00 server record_context_hot_cue_getter_status_matrix.sh[2333549]:     "playlist.smart_text.punctuation_none_contains": 7145,
Oct 02 03:17:00 server record_context_hot_cue_getter_status_matrix.sh[2333549]:     "playlist.smart_text.punctuation_hyphen_equal": 7146,
Oct 02 03:17:00 server record_context_hot_cue_getter_status_matrix.sh[2333549]:     "playlist.smart_text.punctuation_space_equal": 7147,
Oct 02 03:17:00 server record_context_hot_cue_getter_status_matrix.sh[2333549]:     "playlist.smart_text.tab_equal": 7148,
Oct 02 03:17:00 server record_context_hot_cue_getter_status_matrix.sh[2333549]:     "playlist.smart_text.newline_equal": 7149,
Oct 02 03:17:00 server record_context_hot_cue_getter_status_matrix.sh[2333549]:     "playlist.smart_text.cyrillic_alpha_equal": 7150,
Oct 02 03:17:00 server record_context_hot_cue_getter_status_matrix.sh[2333549]:     "playlist.smart_text.greek_alpha_equal": 7151,
Oct 02 03:17:00 server record_context_hot_cue_getter_status_matrix.sh[2333549]:     "playlist.smart_text.ampersand_equal": 7152,
Oct 02 03:17:00 server record_context_hot_cue_getter_status_matrix.sh[2333549]:     "playlist.smart_text.ampersand_contains": 7153,
Oct 02 03:17:00 server record_context_hot_cue_getter_status_matrix.sh[2333549]:     "playlist.smart_text.double_quote_equal": 7154,
Oct 02 03:17:00 server record_context_hot_cue_getter_status_matrix.sh[2333549]:     "playlist.smart_text.apostrophe_equal": 7155,
Oct 02 03:17:00 server record_context_hot_cue_getter_status_matrix.sh[2333549]:     "hotcue.folder.alpha": 9001,
Oct 02 03:17:00 server record_context_hot_cue_getter_status_matrix.sh[2333549]:     "hotcue.folder.beta": 9002,
Oct 02 03:17:00 server record_context_hot_cue_getter_status_matrix.sh[2333549]:     "hotcue.bank.root": 9003,
Oct 02 03:17:00 server record_context_hot_cue_getter_status_matrix.sh[2333549]:     "hotcue.folder.deep": 9011,
Oct 02 03:17:00 server record_context_hot_cue_getter_status_matrix.sh[2333549]:     "hotcue.bank.alpha": 9012,
Oct 02 03:17:00 server record_context_hot_cue_getter_status_matrix.sh[2333549]:     "hotcue.bank.empty": 9013,
Oct 02 03:17:00 server record_context_hot_cue_getter_status_matrix.sh[2333549]:     "hotcue.bank.deep": 9021,
Oct 02 03:17:00 server record_context_hot_cue_getter_status_matrix.sh[2333549]:     "hotcue.bank.beta_deleted": 9031,
Oct 02 03:17:00 server record_context_hot_cue_getter_status_matrix.sh[2333549]:     "hotcue.bank.beta": 9032
Oct 02 03:17:00 server record_context_hot_cue_getter_status_matrix.sh[2333549]:   }
Oct 02 03:17:00 server record_context_hot_cue_getter_status_matrix.sh[2333549]: }
Oct 02 03:17:00 server record_context_hot_cue_getter_status_matrix.sh[2333549]: Fixture installed. Start rekordbox manually after reviewing the manifest above.
Oct 02 03:17:01 server record_context_hot_cue_getter_status_matrix.sh[2333609]: ** WARNING: connection is not using a post-quantum key exchange algorithm.
Oct 02 03:17:01 server record_context_hot_cue_getter_status_matrix.sh[2333609]: ** This session may be vulnerable to "store now, decrypt later" attacks.
Oct 02 03:17:01 server record_context_hot_cue_getter_status_matrix.sh[2333609]: ** The server may need to be upgraded. See https://openssh.com/pq.html
Oct 02 03:17:02 server record_context_hot_cue_getter_status_matrix.sh[2333675]: ** WARNING: connection is not using a post-quantum key exchange algorithm.
Oct 02 03:17:02 server record_context_hot_cue_getter_status_matrix.sh[2333675]: ** This session may be vulnerable to "store now, decrypt later" attacks.
Oct 02 03:17:02 server record_context_hot_cue_getter_status_matrix.sh[2333675]: ** The server may need to be upgraded. See https://openssh.com/pq.html
Oct 02 03:17:03 server record_context_hot_cue_getter_status_matrix.sh[2333701]: ** WARNING: connection is not using a post-quantum key exchange algorithm.
Oct 02 03:17:03 server record_context_hot_cue_getter_status_matrix.sh[2333701]: ** This session may be vulnerable to "store now, decrypt later" attacks.
Oct 02 03:17:03 server record_context_hot_cue_getter_status_matrix.sh[2333701]: ** The server may need to be upgraded. See https://openssh.com/pq.html
Oct 02 03:17:04 server record_context_hot_cue_getter_status_matrix.sh[2333731]: ** WARNING: connection is not using a post-quantum key exchange algorithm.
Oct 02 03:17:04 server record_context_hot_cue_getter_status_matrix.sh[2333731]: ** This session may be vulnerable to "store now, decrypt later" attacks.
Oct 02 03:17:04 server record_context_hot_cue_getter_status_matrix.sh[2333731]: ** The server may need to be upgraded. See https://openssh.com/pq.html
Oct 02 03:17:42 server record_context_hot_cue_getter_status_matrix.sh[2333731]: {
Oct 02 03:17:42 server record_context_hot_cue_getter_status_matrix.sh[2333731]:     "success":  true,
Oct 02 03:17:42 server record_context_hot_cue_getter_status_matrix.sh[2333731]:     "process_id":  9188,
Oct 02 03:17:42 server record_context_hot_cue_getter_status_matrix.sh[2333731]:     "main_window_handle":  525220,
Oct 02 03:17:42 server record_context_hot_cue_getter_status_matrix.sh[2333731]:     "ready_at":  1790925461
Oct 02 03:17:42 server record_context_hot_cue_getter_status_matrix.sh[2333731]: }
Oct 02 03:18:11 server record_context_hot_cue_getter_status_matrix.sh[2335230]:     Finished `release` profile [optimized] target(s) in 0.11s
Oct 02 03:18:11 server record_context_hot_cue_getter_status_matrix.sh[2335230]:      Running `conformance/target/release/link-export-conformance record --host 172.31.96.96 --suite /home/evan/workspace/rx3-research/rekordbox-link-export-research/conformance/suites/context-hot-cue-getter-status-player-1-extended.json --manifest /home/evan/workspace/rx3-research/rekordbox-link-export-research/conformance/fixtures/generated/hot-cue-banks/manifest.json --identity /home/evan/workspace/rx3-research/rekordbox-link-export-research/conformance/runs/cdj-3000-player-1-status.json --backend rekordbox --backend-version 7.2.19 --golden /home/evan/workspace/rx3-research/rekordbox-link-export-research/conformance/goldens/rekordbox-7.2.19/cdj-3000-status/context-hot-cue-getter-status-extended.json.next`
Oct 02 03:18:11 server record_context_hot_cue_getter_status_matrix.sh[2335230]: running case type-00--legacy-populated
Oct 02 03:18:11 server record_context_hot_cue_getter_status_matrix.sh[2335230]: running case type-00--legacy-empty
Oct 02 03:18:11 server record_context_hot_cue_getter_status_matrix.sh[2335230]: running case type-00--extended-populated
Oct 02 03:18:11 server record_context_hot_cue_getter_status_matrix.sh[2335230]: running case type-00--extended-empty
Oct 02 03:18:11 server record_context_hot_cue_getter_status_matrix.sh[2335230]: running case type-01--legacy-populated
Oct 02 03:18:11 server record_context_hot_cue_getter_status_matrix.sh[2335230]: running case type-01--legacy-empty
Oct 02 03:18:11 server record_context_hot_cue_getter_status_matrix.sh[2335230]: running case type-01--extended-populated
Oct 02 03:18:11 server record_context_hot_cue_getter_status_matrix.sh[2335230]: running case type-01--extended-empty
Oct 02 03:18:11 server record_context_hot_cue_getter_status_matrix.sh[2335230]: running case type-02--legacy-populated
Oct 02 03:18:12 server record_context_hot_cue_getter_status_matrix.sh[2335230]: running case type-02--legacy-empty
Oct 02 03:18:12 server record_context_hot_cue_getter_status_matrix.sh[2335230]: running case type-02--extended-populated
Oct 02 03:18:12 server record_context_hot_cue_getter_status_matrix.sh[2335230]: running case type-02--extended-empty
Oct 02 03:18:12 server record_context_hot_cue_getter_status_matrix.sh[2335230]: running case type-03--legacy-populated
Oct 02 03:18:12 server record_context_hot_cue_getter_status_matrix.sh[2335230]: running case type-03--legacy-empty
Oct 02 03:18:12 server record_context_hot_cue_getter_status_matrix.sh[2335230]: running case type-03--extended-populated
Oct 02 03:18:12 server record_context_hot_cue_getter_status_matrix.sh[2335230]: running case type-03--extended-empty
Oct 02 03:18:12 server record_context_hot_cue_getter_status_matrix.sh[2335230]: running case type-04--legacy-populated
Oct 02 03:18:12 server record_context_hot_cue_getter_status_matrix.sh[2335230]: running case type-04--legacy-empty
Oct 02 03:18:12 server record_context_hot_cue_getter_status_matrix.sh[2335230]: running case type-04--extended-populated
Oct 02 03:18:12 server record_context_hot_cue_getter_status_matrix.sh[2335230]: running case type-04--extended-empty
Oct 02 03:18:12 server record_context_hot_cue_getter_status_matrix.sh[2335230]: running case type-05--legacy-populated
Oct 02 03:18:12 server record_context_hot_cue_getter_status_matrix.sh[2335230]: running case type-05--legacy-empty
Oct 02 03:18:12 server record_context_hot_cue_getter_status_matrix.sh[2335230]: running case type-05--extended-populated
Oct 02 03:18:12 server record_context_hot_cue_getter_status_matrix.sh[2335230]: running case type-05--extended-empty
Oct 02 03:18:12 server record_context_hot_cue_getter_status_matrix.sh[2335230]: running case type-06--legacy-populated
Oct 02 03:18:12 server record_context_hot_cue_getter_status_matrix.sh[2335230]: running case type-06--legacy-empty
Oct 02 03:18:12 server record_context_hot_cue_getter_status_matrix.sh[2335230]: running case type-06--extended-populated
Oct 02 03:18:12 server record_context_hot_cue_getter_status_matrix.sh[2335230]: running case type-06--extended-empty
Oct 02 03:18:12 server record_context_hot_cue_getter_status_matrix.sh[2335230]: recorded 28 cases to /home/evan/workspace/rx3-research/rekordbox-link-export-research/conformance/goldens/rekordbox-7.2.19/cdj-3000-status/context-hot-cue-getter-status-extended.json.next
Oct 02 03:18:12 server record_context_hot_cue_getter_status_matrix.sh[2335292]:     Finished `release` profile [optimized] target(s) in 0.13s
Oct 02 03:18:12 server record_context_hot_cue_getter_status_matrix.sh[2335292]:      Running `conformance/target/release/link-export-conformance verify --host 172.31.96.96 --suite /home/evan/workspace/rx3-research/rekordbox-link-export-research/conformance/suites/context-hot-cue-getter-status-player-1-extended.json --manifest /home/evan/workspace/rx3-research/rekordbox-link-export-research/conformance/fixtures/generated/hot-cue-banks/manifest.json --identity /home/evan/workspace/rx3-research/rekordbox-link-export-research/conformance/runs/cdj-3000-player-1-status.json --backend rekordbox-repeat --backend-version 7.2.19 --golden /home/evan/workspace/rx3-research/rekordbox-link-export-research/conformance/goldens/rekordbox-7.2.19/cdj-3000-status/context-hot-cue-getter-status-extended.json.next`
Oct 02 03:18:12 server record_context_hot_cue_getter_status_matrix.sh[2335292]: running case type-00--legacy-populated
Oct 02 03:18:12 server record_context_hot_cue_getter_status_matrix.sh[2335292]: running case type-00--legacy-empty
Oct 02 03:18:12 server record_context_hot_cue_getter_status_matrix.sh[2335292]: running case type-00--extended-populated
Oct 02 03:18:12 server record_context_hot_cue_getter_status_matrix.sh[2335292]: running case type-00--extended-empty
Oct 02 03:18:12 server record_context_hot_cue_getter_status_matrix.sh[2335292]: running case type-01--legacy-populated
Oct 02 03:18:12 server record_context_hot_cue_getter_status_matrix.sh[2335292]: running case type-01--legacy-empty
Oct 02 03:18:12 server record_context_hot_cue_getter_status_matrix.sh[2335292]: running case type-01--extended-populated
Oct 02 03:18:12 server record_context_hot_cue_getter_status_matrix.sh[2335292]: running case type-01--extended-empty
Oct 02 03:18:12 server record_context_hot_cue_getter_status_matrix.sh[2335292]: running case type-02--legacy-populated
Oct 02 03:18:12 server record_context_hot_cue_getter_status_matrix.sh[2335292]: running case type-02--legacy-empty
Oct 02 03:18:12 server record_context_hot_cue_getter_status_matrix.sh[2335292]: running case type-02--extended-populated
Oct 02 03:18:13 server record_context_hot_cue_getter_status_matrix.sh[2335292]: running case type-02--extended-empty
Oct 02 03:18:13 server record_context_hot_cue_getter_status_matrix.sh[2335292]: running case type-03--legacy-populated
Oct 02 03:18:13 server record_context_hot_cue_getter_status_matrix.sh[2335292]: running case type-03--legacy-empty
Oct 02 03:18:13 server record_context_hot_cue_getter_status_matrix.sh[2335292]: running case type-03--extended-populated
Oct 02 03:18:13 server record_context_hot_cue_getter_status_matrix.sh[2335292]: running case type-03--extended-empty
Oct 02 03:18:13 server record_context_hot_cue_getter_status_matrix.sh[2335292]: running case type-04--legacy-populated
Oct 02 03:18:13 server record_context_hot_cue_getter_status_matrix.sh[2335292]: running case type-04--legacy-empty
Oct 02 03:18:13 server record_context_hot_cue_getter_status_matrix.sh[2335292]: running case type-04--extended-populated
Oct 02 03:18:13 server record_context_hot_cue_getter_status_matrix.sh[2335292]: running case type-04--extended-empty
Oct 02 03:18:13 server record_context_hot_cue_getter_status_matrix.sh[2335292]: running case type-05--legacy-populated
Oct 02 03:18:13 server record_context_hot_cue_getter_status_matrix.sh[2335292]: running case type-05--legacy-empty
Oct 02 03:18:13 server record_context_hot_cue_getter_status_matrix.sh[2335292]: running case type-05--extended-populated
Oct 02 03:18:13 server record_context_hot_cue_getter_status_matrix.sh[2335292]: running case type-05--extended-empty
Oct 02 03:18:13 server record_context_hot_cue_getter_status_matrix.sh[2335292]: running case type-06--legacy-populated
Oct 02 03:18:13 server record_context_hot_cue_getter_status_matrix.sh[2335292]: running case type-06--legacy-empty
Oct 02 03:18:13 server record_context_hot_cue_getter_status_matrix.sh[2335292]: running case type-06--extended-populated
Oct 02 03:18:13 server record_context_hot_cue_getter_status_matrix.sh[2335292]: running case type-06--extended-empty
Oct 02 03:18:13 server record_context_hot_cue_getter_status_matrix.sh[2335292]: verified 28 cases against /home/evan/workspace/rx3-research/rekordbox-link-export-research/conformance/goldens/rekordbox-7.2.19/cdj-3000-status/context-hot-cue-getter-status-extended.json.next
Oct 02 03:18:13 server record_context_hot_cue_getter_status_matrix.sh[2329097]: === cdj-3000-status / context-hot-cue-getter-status-player-1-extended: promoted ===
Oct 02 03:18:13 server record_context_hot_cue_getter_status_matrix.sh[2329097]: === cdj-3000-status / context-hot-cue-getter-status-player-1-legacy: attempt 1 ===
Oct 02 03:18:14 server record_context_hot_cue_getter_status_matrix.sh[2335333]: ** WARNING: connection is not using a post-quantum key exchange algorithm.
Oct 02 03:18:14 server record_context_hot_cue_getter_status_matrix.sh[2335333]: ** This session may be vulnerable to "store now, decrypt later" attacks.
Oct 02 03:18:14 server record_context_hot_cue_getter_status_matrix.sh[2335333]: ** The server may need to be upgraded. See https://openssh.com/pq.html
Oct 02 03:18:15 server record_context_hot_cue_getter_status_matrix.sh[2335333]: Guest staging directory is ready.
Oct 02 03:18:16 server record_context_hot_cue_getter_status_matrix.sh[2335386]: ** WARNING: connection is not using a post-quantum key exchange algorithm.
Oct 02 03:18:16 server record_context_hot_cue_getter_status_matrix.sh[2335386]: ** This session may be vulnerable to "store now, decrypt later" attacks.
Oct 02 03:18:16 server record_context_hot_cue_getter_status_matrix.sh[2335386]: ** The server may need to be upgraded. See https://openssh.com/pq.html
Oct 02 03:18:18 server record_context_hot_cue_getter_status_matrix.sh[2335434]: ** WARNING: connection is not using a post-quantum key exchange algorithm.
Oct 02 03:18:18 server record_context_hot_cue_getter_status_matrix.sh[2335434]: ** This session may be vulnerable to "store now, decrypt later" attacks.
Oct 02 03:18:18 server record_context_hot_cue_getter_status_matrix.sh[2335434]: ** The server may need to be upgraded. See https://openssh.com/pq.html
Oct 02 03:18:19 server record_context_hot_cue_getter_status_matrix.sh[2335438]: ** WARNING: connection is not using a post-quantum key exchange algorithm.
Oct 02 03:18:19 server record_context_hot_cue_getter_status_matrix.sh[2335438]: ** This session may be vulnerable to "store now, decrypt later" attacks.
Oct 02 03:18:19 server record_context_hot_cue_getter_status_matrix.sh[2335438]: ** The server may need to be upgraded. See https://openssh.com/pq.html
Oct 02 03:18:20 server record_context_hot_cue_getter_status_matrix.sh[2335484]: ** WARNING: connection is not using a post-quantum key exchange algorithm.
Oct 02 03:18:20 server record_context_hot_cue_getter_status_matrix.sh[2335484]: ** This session may be vulnerable to "store now, decrypt later" attacks.
Oct 02 03:18:20 server record_context_hot_cue_getter_status_matrix.sh[2335484]: ** The server may need to be upgraded. See https://openssh.com/pq.html
Oct 02 03:18:28 server record_context_hot_cue_getter_status_matrix.sh[2335484]: Rekordbox is stopped.
Oct 02 03:18:29 server record_context_hot_cue_getter_status_matrix.sh[2335638]: Research@172.31.96.96 is ready
Oct 02 03:18:30 server record_context_hot_cue_getter_status_matrix.sh[2335694]: ** WARNING: connection is not using a post-quantum key exchange algorithm.
Oct 02 03:18:30 server record_context_hot_cue_getter_status_matrix.sh[2335694]: ** This session may be vulnerable to "store now, decrypt later" attacks.
Oct 02 03:18:30 server record_context_hot_cue_getter_status_matrix.sh[2335694]: ** The server may need to be upgraded. See https://openssh.com/pq.html
Oct 02 03:18:31 server record_context_hot_cue_getter_status_matrix.sh[2335694]: {
Oct 02 03:18:31 server record_context_hot_cue_getter_status_matrix.sh[2335694]:   "fixture_version": 1,
Oct 02 03:18:31 server record_context_hot_cue_getter_status_matrix.sh[2335694]:   "profile": "hot-cue-banks",
Oct 02 03:18:31 server record_context_hot_cue_getter_status_matrix.sh[2335694]:   "database_sha256": "066cfa954e435346f80e5abac35dac7631ac4e3023e662d12e0080382f6041dc",
Oct 02 03:18:31 server record_context_hot_cue_getter_status_matrix.sh[2335694]:   "fixture_fingerprint": "718db45aea9624ec7f8c6cd70140ec6ba4b99d0cae4739aa3830ca4d0528b9b7",
Oct 02 03:18:31 server record_context_hot_cue_getter_status_matrix.sh[2335694]:   "integrity": "ok",
Oct 02 03:18:31 server record_context_hot_cue_getter_status_matrix.sh[2335694]:   "track_count": 8,
Oct 02 03:18:31 server record_context_hot_cue_getter_status_matrix.sh[2335694]:   "ids": {
Oct 02 03:18:31 server record_context_hot_cue_getter_status_matrix.sh[2335694]:     "artist.alpha": 1001,
Oct 02 03:18:31 server record_context_hot_cue_getter_status_matrix.sh[2335694]:     "artist.beta": 1002,
Oct 02 03:18:31 server record_context_hot_cue_getter_status_matrix.sh[2335694]:     "artist.remixer": 1003,
Oct 02 03:18:31 server record_context_hot_cue_getter_status_matrix.sh[2335694]:     "artist.original": 1004,
Oct 02 03:18:31 server record_context_hot_cue_getter_status_matrix.sh[2335694]:     "album.one": 2001,
Oct 02 03:18:31 server record_context_hot_cue_getter_status_matrix.sh[2335694]:     "album.two": 2002,
Oct 02 03:18:31 server record_context_hot_cue_getter_status_matrix.sh[2335694]:     "album.three": 2003,
Oct 02 03:18:31 server record_context_hot_cue_getter_status_matrix.sh[2335694]:     "genre.house": 3001,
Oct 02 03:18:31 server record_context_hot_cue_getter_status_matrix.sh[2335694]:     "genre.techno": 3002,
Oct 02 03:18:31 server record_context_hot_cue_getter_status_matrix.sh[2335694]:     "label.one": 4001,
Oct 02 03:18:31 server record_context_hot_cue_getter_status_matrix.sh[2335694]:     "label.two": 4002,
Oct 02 03:18:31 server record_context_hot_cue_getter_status_matrix.sh[2335694]:     "key.am": 5001,
Oct 02 03:18:31 server record_context_hot_cue_getter_status_matrix.sh[2335694]:     "key.c": 5002,
Oct 02 03:18:31 server record_context_hot_cue_getter_status_matrix.sh[2335694]:     "playlist.cue_analysis": 200000,
Oct 02 03:18:31 server record_context_hot_cue_getter_status_matrix.sh[2335694]:     "playlist.folder": 6001,
Oct 02 03:18:31 server record_context_hot_cue_getter_status_matrix.sh[2335694]:     "playlist.primary": 6002,
Oct 02 03:18:31 server record_context_hot_cue_getter_status_matrix.sh[2335694]:     "playlist.empty": 6003,
Oct 02 03:18:31 server record_context_hot_cue_getter_status_matrix.sh[2335694]:     "playlist.smart_rule_only": 6010,
Oct 02 03:18:31 server record_context_hot_cue_getter_status_matrix.sh[2335694]:     "playlist.smart_contradiction": 6011,
Oct 02 03:18:31 server record_context_hot_cue_getter_status_matrix.sh[2335694]:     "playlist.smart_malformed": 6012,
Oct 02 03:18:31 server record_context_hot_cue_getter_status_matrix.sh[2335694]:     "playlist.ordinary_with_rule": 6013,
Oct 02 03:18:31 server record_context_hot_cue_getter_status_matrix.sh[2335694]:     "playlist.smart_without_rule": 6014,
Oct 02 03:18:31 server record_context_hot_cue_getter_status_matrix.sh[2335694]:     "playlist.visibility_smart": 6015,
Oct 02 03:18:31 server record_context_hot_cue_getter_status_matrix.sh[2335694]:     "history.one": 7001,
Oct 02 03:18:31 server record_context_hot_cue_getter_status_matrix.sh[2335694]:     "hotcue.folder": 8001,
Oct 02 03:18:31 server record_context_hot_cue_getter_status_matrix.sh[2335694]:     "hotcue.bank": 8002,
Oct 02 03:18:31 server record_context_hot_cue_getter_status_matrix.sh[2335694]:     "mytag.group.genre": 8501,
Oct 02 03:18:31 server record_context_hot_cue_getter_status_matrix.sh[2335694]:     "mytag.warmup": 8502,
Oct 02 03:18:31 server record_context_hot_cue_getter_status_matrix.sh[2335694]:     "mytag.group.components": 8503,
Oct 02 03:18:31 server record_context_hot_cue_getter_status_matrix.sh[2335694]:     "mytag.vocal": 8504,
Oct 02 03:18:31 server record_context_hot_cue_getter_status_matrix.sh[2335694]:     "mytag.empty": 8505,
Oct 02 03:18:31 server record_context_hot_cue_getter_status_matrix.sh[2335694]:     "mytag.default.group.genre": 1,
Oct 02 03:18:31 server record_context_hot_cue_getter_status_matrix.sh[2335694]:     "mytag.default.group.components": 2,
Oct 02 03:18:31 server record_context_hot_cue_getter_status_matrix.sh[2335694]:     "mytag.default.group.situation": 3,
Oct 02 03:18:31 server record_context_hot_cue_getter_status_matrix.sh[2335694]:     "mytag.default.group.untitled": 4,
Oct 02 03:18:31 server record_context_hot_cue_getter_status_matrix.sh[2335694]:     "mytag.default.sub_bass": 79324672,
Oct 02 03:18:31 server record_context_hot_cue_getter_status_matrix.sh[2335694]:     "mytag.default.percussion": 154495003,
Oct 02 03:18:31 server record_context_hot_cue_getter_status_matrix.sh[2335694]:     "mytag.default.dark": 158455786,
Oct 02 03:18:31 server record_context_hot_cue_getter_status_matrix.sh[2335694]:     "mytag.default.nu_disco": 463364308,
Oct 02 03:18:31 server record_context_hot_cue_getter_status_matrix.sh[2335694]:     "mytag.default.acid_house": 539841621,
Oct 02 03:18:31 server record_context_hot_cue_getter_status_matrix.sh[2335694]:     "mytag.default.build_up": 832445659,
Oct 02 03:18:31 server record_context_hot_cue_getter_status_matrix.sh[2335694]:     "mytag.default.my_comment": 857457019,
Oct 02 03:18:31 server record_context_hot_cue_getter_status_matrix.sh[2335694]:     "mytag.default.second_floor": 917243188,
Oct 02 03:18:31 server record_context_hot_cue_getter_status_matrix.sh[2335694]:     "mytag.default.deep_house": 999625328,
Oct 02 03:18:31 server record_context_hot_cue_getter_status_matrix.sh[2335694]:     "mytag.default.peak_time": 1156949736,
Oct 02 03:18:31 server record_context_hot_cue_getter_status_matrix.sh[2335694]:     "mytag.default.trap": 1308912924,
Oct 02 03:18:31 server record_context_hot_cue_getter_status_matrix.sh[2335694]:     "mytag.default.vocal": 1387538896,
Oct 02 03:18:31 server record_context_hot_cue_getter_status_matrix.sh[2335694]:     "mytag.default.lounge": 1493684869,
Oct 02 03:18:31 server record_context_hot_cue_getter_status_matrix.sh[2335694]:     "mytag.default.techno": 1628431659,
Oct 02 03:18:31 server record_context_hot_cue_getter_status_matrix.sh[2335694]:     "mytag.default.electro_house": 1971960657,
Oct 02 03:18:31 server record_context_hot_cue_getter_status_matrix.sh[2335694]:     "mytag.default.synth": 2005851049,
Oct 02 03:18:31 server record_context_hot_cue_getter_status_matrix.sh[2335694]:     "mytag.default.morning": 2045957214,
Oct 02 03:18:31 server record_context_hot_cue_getter_status_matrix.sh[2335694]:     "mytag.default.upper": 2169337181,
Oct 02 03:18:31 server record_context_hot_cue_getter_status_matrix.sh[2335694]:     "mytag.default.build_down": 2320977753,
Oct 02 03:18:31 server record_context_hot_cue_getter_status_matrix.sh[2335694]:     "mytag.default.beat": 2487691792,
Oct 02 03:18:31 server record_context_hot_cue_getter_status_matrix.sh[2335694]:     "mytag.default.bass_music": 2502627224,
Oct 02 03:18:31 server record_context_hot_cue_getter_status_matrix.sh[2335694]:     "mytag.default.main_floor": 2538315910,
Oct 02 03:18:31 server record_context_hot_cue_getter_status_matrix.sh[2335694]:     "mytag.default.mid_night": 3354707172,
Oct 02 03:18:31 server record_context_hot_cue_getter_status_matrix.sh[2335694]:     "mytag.default.piano": 3596715289,
Oct 02 03:18:31 server record_context_hot_cue_getter_status_matrix.sh[2335694]:     "track.first": 10001,
Oct 02 03:18:31 server record_context_hot_cue_getter_status_matrix.sh[2335694]:     "track.second": 10002,
Oct 02 03:18:31 server record_context_hot_cue_getter_status_matrix.sh[2335694]:     "track.third": 10003,
Oct 02 03:18:31 server record_context_hot_cue_getter_status_matrix.sh[2335694]:     "track.fourth": 10004,
Oct 02 03:18:31 server record_context_hot_cue_getter_status_matrix.sh[2335694]:     "track.fifth": 10005,
Oct 02 03:18:31 server record_context_hot_cue_getter_status_matrix.sh[2335694]:     "track.sixth": 10006,
Oct 02 03:18:31 server record_context_hot_cue_getter_status_matrix.sh[2335694]:     "track.seventh": 10007,
Oct 02 03:18:31 server record_context_hot_cue_getter_status_matrix.sh[2335694]:     "track.eighth": 10008,
Oct 02 03:18:31 server record_context_hot_cue_getter_status_matrix.sh[2335694]:     "track.ninth": 10009,
Oct 02 03:18:31 server record_context_hot_cue_getter_status_matrix.sh[2335694]:     "track.tenth": 10010,
Oct 02 03:18:31 server record_context_hot_cue_getter_status_matrix.sh[2335694]:     "track.eleventh": 10011,
Oct 02 03:18:31 server record_context_hot_cue_getter_status_matrix.sh[2335694]:     "track.twelfth": 10012,
Oct 02 03:18:31 server record_context_hot_cue_getter_status_matrix.sh[2335694]:     "track.thirteenth": 10013,
Oct 02 03:18:31 server record_context_hot_cue_getter_status_matrix.sh[2335694]:     "track.fourteenth": 10014,
Oct 02 03:18:31 server record_context_hot_cue_getter_status_matrix.sh[2335694]:     "track.deleted": 10999,
Oct 02 03:18:31 server record_context_hot_cue_getter_status_matrix.sh[2335694]:     "playlist.smart_matrix.genre_operator_01": 6301,
Oct 02 03:18:31 server record_context_hot_cue_getter_status_matrix.sh[2335694]:     "playlist.smart_matrix.genre_operator_02": 6302,
Oct 02 03:18:31 server record_context_hot_cue_getter_status_matrix.sh[2335694]:     "playlist.smart_matrix.genre_operator_03": 6303,
Oct 02 03:18:31 server record_context_hot_cue_getter_status_matrix.sh[2335694]:     "playlist.smart_matrix.genre_operator_04": 6304,
Oct 02 03:18:31 server record_context_hot_cue_getter_status_matrix.sh[2335694]:     "playlist.smart_matrix.genre_operator_05": 6305,
Oct 02 03:18:31 server record_context_hot_cue_getter_status_matrix.sh[2335694]:     "playlist.smart_matrix.genre_operator_06": 6306,
Oct 02 03:18:31 server record_context_hot_cue_getter_status_matrix.sh[2335694]:     "playlist.smart_matrix.genre_operator_07": 6307,
Oct 02 03:18:31 server record_context_hot_cue_getter_status_matrix.sh[2335694]:     "playlist.smart_matrix.genre_operator_08": 6308,
Oct 02 03:18:31 server record_context_hot_cue_getter_status_matrix.sh[2335694]:     "playlist.smart_matrix.genre_operator_09": 6309,
Oct 02 03:18:31 server record_context_hot_cue_getter_status_matrix.sh[2335694]:     "playlist.smart_matrix.genre_operator_10": 6310,
Oct 02 03:18:31 server record_context_hot_cue_getter_status_matrix.sh[2335694]:     "playlist.smart_matrix.genre_operator_11": 6311,
Oct 02 03:18:31 server record_context_hot_cue_getter_status_matrix.sh[2335694]:     "playlist.smart_matrix.bpm_operator_01": 6312,
Oct 02 03:18:31 server record_context_hot_cue_getter_status_matrix.sh[2335694]:     "playlist.smart_matrix.bpm_operator_02": 6313,
Oct 02 03:18:31 server record_context_hot_cue_getter_status_matrix.sh[2335694]:     "playlist.smart_matrix.bpm_operator_03": 6314,
Oct 02 03:18:31 server record_context_hot_cue_getter_status_matrix.sh[2335694]:     "playlist.smart_matrix.bpm_operator_04": 6315,
Oct 02 03:18:31 server record_context_hot_cue_getter_status_matrix.sh[2335694]:     "playlist.smart_matrix.bpm_operator_05": 6316,
Oct 02 03:18:31 server record_context_hot_cue_getter_status_matrix.sh[2335694]:     "playlist.smart_matrix.bpm_operator_06": 6317,
Oct 02 03:18:31 server record_context_hot_cue_getter_status_matrix.sh[2335694]:     "playlist.smart_matrix.bpm_operator_07": 6318,
Oct 02 03:18:31 server record_context_hot_cue_getter_status_matrix.sh[2335694]:     "playlist.smart_matrix.bpm_operator_08": 6319,
Oct 02 03:18:31 server record_context_hot_cue_getter_status_matrix.sh[2335694]:     "playlist.smart_matrix.bpm_operator_09": 6320,
Oct 02 03:18:31 server record_context_hot_cue_getter_status_matrix.sh[2335694]:     "playlist.smart_matrix.bpm_operator_10": 6321,
Oct 02 03:18:31 server record_context_hot_cue_getter_status_matrix.sh[2335694]:     "playlist.smart_matrix.bpm_operator_11": 6322,
Oct 02 03:18:31 server record_context_hot_cue_getter_status_matrix.sh[2335694]:     "playlist.smart_matrix.logic_all": 6323,
Oct 02 03:18:31 server record_context_hot_cue_getter_status_matrix.sh[2335694]:     "playlist.smart_matrix.logic_any": 6324,
Oct 02 03:18:31 server record_context_hot_cue_getter_status_matrix.sh[2335694]:     "playlist.smart_matrix.nested_all": 6325,
Oct 02 03:18:31 server record_context_hot_cue_getter_status_matrix.sh[2335694]:     "playlist.smart_matrix.nested_any": 6326,
Oct 02 03:18:31 server record_context_hot_cue_getter_status_matrix.sh[2335694]:     "playlist.smart_matrix.empty_all": 6327,
Oct 02 03:18:31 server record_context_hot_cue_getter_status_matrix.sh[2335694]:     "playlist.smart_matrix.empty_any": 6328,
Oct 02 03:18:31 server record_context_hot_cue_getter_status_matrix.sh[2335694]:     "playlist.smart_matrix.unknown_operator": 6329,
Oct 02 03:18:31 server record_context_hot_cue_getter_status_matrix.sh[2335694]:     "playlist.smart_matrix.unknown_property": 6330,
Oct 02 03:18:31 server record_context_hot_cue_getter_status_matrix.sh[2335694]:     "playlist.smart_matrix.condition_outside_node": 6331,
Oct 02 03:18:31 server record_context_hot_cue_getter_status_matrix.sh[2335694]:     "playlist.smart_matrix.two_roots": 6332,
Oct 02 03:18:31 server record_context_hot_cue_getter_status_matrix.sh[2335694]:     "playlist.smart_matrix.missing_logical_operator": 6333,
Oct 02 03:18:31 server record_context_hot_cue_getter_status_matrix.sh[2335694]:     "playlist.smart_matrix.logical_operator_zero": 6334,
Oct 02 03:18:31 server record_context_hot_cue_getter_status_matrix.sh[2335694]:     "playlist.smart_matrix.logical_operator_three": 6335,
Oct 02 03:18:31 server record_context_hot_cue_getter_status_matrix.sh[2335694]:     "playlist.smart_matrix.automatic_update_zero": 6336,
Oct 02 03:18:31 server record_context_hot_cue_getter_status_matrix.sh[2335694]:     "playlist.smart_matrix.missing_automatic_update": 6337,
Oct 02 03:18:31 server record_context_hot_cue_getter_status_matrix.sh[2335694]:     "playlist.smart_matrix.mismatched_id": 6338,
Oct 02 03:18:31 server record_context_hot_cue_getter_status_matrix.sh[2335694]:     "playlist.smart_matrix.missing_id": 6339,
Oct 02 03:18:31 server record_context_hot_cue_getter_status_matrix.sh[2335694]:     "playlist.smart_numeric.bpm_operator_01": 6401,
Oct 02 03:18:31 server record_context_hot_cue_getter_status_matrix.sh[2335694]:     "playlist.smart_numeric.bpm_operator_02": 6402,
Oct 02 03:18:31 server record_context_hot_cue_getter_status_matrix.sh[2335694]:     "playlist.smart_numeric.bpm_operator_03": 6403,
Oct 02 03:18:31 server record_context_hot_cue_getter_status_matrix.sh[2335694]:     "playlist.smart_numeric.bpm_operator_04": 6404,
Oct 02 03:18:31 server record_context_hot_cue_getter_status_matrix.sh[2335694]:     "playlist.smart_numeric.bpm_operator_05": 6405,
Oct 02 03:18:31 server record_context_hot_cue_getter_status_matrix.sh[2335694]:     "playlist.smart_numeric.rating_operator_01": 6406,
Oct 02 03:18:31 server record_context_hot_cue_getter_status_matrix.sh[2335694]:     "playlist.smart_numeric.rating_operator_02": 6407,
Oct 02 03:18:31 server record_context_hot_cue_getter_status_matrix.sh[2335694]:     "playlist.smart_numeric.rating_operator_03": 6408,
Oct 02 03:18:31 server record_context_hot_cue_getter_status_matrix.sh[2335694]:     "playlist.smart_numeric.rating_operator_04": 6409,
Oct 02 03:18:31 server record_context_hot_cue_getter_status_matrix.sh[2335694]:     "playlist.smart_numeric.rating_operator_05": 6410,
Oct 02 03:18:31 server record_context_hot_cue_getter_status_matrix.sh[2335694]:     "playlist.smart_numeric.play_count_operator_01": 6411,
Oct 02 03:18:31 server record_context_hot_cue_getter_status_matrix.sh[2335694]:     "playlist.smart_numeric.play_count_operator_02": 6412,
Oct 02 03:18:31 server record_context_hot_cue_getter_status_matrix.sh[2335694]:     "playlist.smart_numeric.play_count_operator_03": 6413,
Oct 02 03:18:31 server record_context_hot_cue_getter_status_matrix.sh[2335694]:     "playlist.smart_numeric.play_count_operator_04": 6414,
Oct 02 03:18:31 server record_context_hot_cue_getter_status_matrix.sh[2335694]:     "playlist.smart_numeric.play_count_operator_05": 6415,
Oct 02 03:18:31 server record_context_hot_cue_getter_status_matrix.sh[2335694]:     "playlist.smart_numeric.duration_operator_01": 6416,
Oct 02 03:18:31 server record_context_hot_cue_getter_status_matrix.sh[2335694]:     "playlist.smart_numeric.duration_operator_02": 6417,
Oct 02 03:18:31 server record_context_hot_cue_getter_status_matrix.sh[2335694]:     "playlist.smart_numeric.duration_operator_03": 6418,
Oct 02 03:18:31 server record_context_hot_cue_getter_status_matrix.sh[2335694]:     "playlist.smart_numeric.duration_operator_04": 6419,
Oct 02 03:18:31 server record_context_hot_cue_getter_status_matrix.sh[2335694]:     "playlist.smart_numeric.duration_operator_05": 6420,
Oct 02 03:18:31 server record_context_hot_cue_getter_status_matrix.sh[2335694]:     "playlist.smart_numeric.year_operator_01": 6421,
Oct 02 03:18:31 server record_context_hot_cue_getter_status_matrix.sh[2335694]:     "playlist.smart_numeric.year_operator_02": 6422,
Oct 02 03:18:31 server record_context_hot_cue_getter_status_matrix.sh[2335694]:     "playlist.smart_numeric.year_operator_03": 6423,
Oct 02 03:18:31 server record_context_hot_cue_getter_status_matrix.sh[2335694]:     "playlist.smart_numeric.year_operator_04": 6424,
Oct 02 03:18:31 server record_context_hot_cue_getter_status_matrix.sh[2335694]:     "playlist.smart_numeric.year_operator_05": 6425,
Oct 02 03:18:31 server record_context_hot_cue_getter_status_matrix.sh[2335694]:     "playlist.smart_numeric.bpm_reversed_range": 6426,
Oct 02 03:18:31 server record_context_hot_cue_getter_status_matrix.sh[2335694]:     "playlist.smart_numeric.rating_reversed_range": 6427,
Oct 02 03:18:31 server record_context_hot_cue_getter_status_matrix.sh[2335694]:     "playlist.smart_numeric.play_count_reversed_range": 6428,
Oct 02 03:18:31 server record_context_hot_cue_getter_status_matrix.sh[2335694]:     "playlist.smart_numeric.duration_reversed_range": 6429,
Oct 02 03:18:31 server record_context_hot_cue_getter_status_matrix.sh[2335694]:     "playlist.smart_numeric.year_reversed_range": 6430,
Oct 02 03:18:31 server record_context_hot_cue_getter_status_matrix.sh[2335694]:     "playlist.smart_numeric.bpm_empty_equal": 6431,
Oct 02 03:18:31 server record_context_hot_cue_getter_status_matrix.sh[2335694]:     "playlist.smart_numeric.bpm_empty_not_equal": 6432,
Oct 02 03:18:31 server record_context_hot_cue_getter_status_matrix.sh[2335694]:     "playlist.smart_numeric.rating_empty_equal": 6433,
Oct 02 03:18:31 server record_context_hot_cue_getter_status_matrix.sh[2335694]:     "playlist.smart_numeric.rating_empty_not_equal": 6434,
Oct 02 03:18:31 server record_context_hot_cue_getter_status_matrix.sh[2335694]:     "playlist.smart_numeric.play_count_empty_equal": 6435,
Oct 02 03:18:31 server record_context_hot_cue_getter_status_matrix.sh[2335694]:     "playlist.smart_numeric.play_count_empty_not_equal": 6436,
Oct 02 03:18:31 server record_context_hot_cue_getter_status_matrix.sh[2335694]:     "playlist.smart_numeric.duration_empty_equal": 6437,
Oct 02 03:18:31 server record_context_hot_cue_getter_status_matrix.sh[2335694]:     "playlist.smart_numeric.duration_empty_not_equal": 6438,
Oct 02 03:18:31 server record_context_hot_cue_getter_status_matrix.sh[2335694]:     "playlist.smart_numeric.year_empty_equal": 6439,
Oct 02 03:18:31 server record_context_hot_cue_getter_status_matrix.sh[2335694]:     "playlist.smart_numeric.year_empty_not_equal": 6440,
Oct 02 03:18:31 server record_context_hot_cue_getter_status_matrix.sh[2335694]:     "playlist.smart_numeric.bpm_invalid_equal": 6441,
Oct 02 03:18:31 server record_context_hot_cue_getter_status_matrix.sh[2335694]:     "playlist.smart_numeric.bpm_invalid_not_equal": 6442,
Oct 02 03:18:31 server record_context_hot_cue_getter_status_matrix.sh[2335694]:     "playlist.smart_numeric.rating_invalid_equal": 6443,
Oct 02 03:18:31 server record_context_hot_cue_getter_status_matrix.sh[2335694]:     "playlist.smart_numeric.rating_invalid_not_equal": 6444,
Oct 02 03:18:31 server record_context_hot_cue_getter_status_matrix.sh[2335694]:     "playlist.smart_numeric.play_count_invalid_equal": 6445,
Oct 02 03:18:31 server record_context_hot_cue_getter_status_matrix.sh[2335694]:     "playlist.smart_numeric.play_count_invalid_not_equal": 6446,
Oct 02 03:18:31 server record_context_hot_cue_getter_status_matrix.sh[2335694]:     "playlist.smart_numeric.duration_invalid_equal": 6447,
Oct 02 03:18:31 server record_context_hot_cue_getter_status_matrix.sh[2335694]:     "playlist.smart_numeric.duration_invalid_not_equal": 6448,
Oct 02 03:18:31 server record_context_hot_cue_getter_status_matrix.sh[2335694]:     "playlist.smart_numeric.year_invalid_equal": 6449,
Oct 02 03:18:31 server record_context_hot_cue_getter_status_matrix.sh[2335694]:     "playlist.smart_numeric.year_invalid_not_equal": 6450,
Oct 02 03:18:31 server record_context_hot_cue_getter_status_matrix.sh[2335694]:     "playlist.smart_numeric.bpm_negative_equal": 6451,
Oct 02 03:18:31 server record_context_hot_cue_getter_status_matrix.sh[2335694]:     "playlist.smart_numeric.bpm_negative_not_equal": 6452,
Oct 02 03:18:31 server record_context_hot_cue_getter_status_matrix.sh[2335694]:     "playlist.smart_numeric.bpm_negative_greater": 6453,
Oct 02 03:18:31 server record_context_hot_cue_getter_status_matrix.sh[2335694]:     "playlist.smart_numeric.bpm_negative_less": 6454,
Oct 02 03:18:31 server record_context_hot_cue_getter_status_matrix.sh[2335694]:     "playlist.smart_numeric.bpm_negative_range": 6455,
Oct 02 03:18:31 server record_context_hot_cue_getter_status_matrix.sh[2335694]:     "playlist.smart_numeric.bpm_overflow_equal": 6456,
Oct 02 03:18:31 server record_context_hot_cue_getter_status_matrix.sh[2335694]:     "playlist.smart_numeric.bpm_overflow_not_equal": 6457,
Oct 02 03:18:31 server record_context_hot_cue_getter_status_matrix.sh[2335694]:     "playlist.smart_numeric.bpm_overflow_greater": 6458,
Oct 02 03:18:31 server record_context_hot_cue_getter_status_matrix.sh[2335694]:     "playlist.smart_numeric.bpm_overflow_less": 6459,
Oct 02 03:18:31 server record_context_hot_cue_getter_status_matrix.sh[2335694]:     "playlist.smart_numeric.bpm_overflow_range": 6460,
Oct 02 03:18:31 server record_context_hot_cue_getter_status_matrix.sh[2335694]:     "track.smart_numeric_boundary.null": 35001,
Oct 02 03:18:31 server record_context_hot_cue_getter_status_matrix.sh[2335694]:     "track.smart_numeric_boundary.zero": 35002,
Oct 02 03:18:31 server record_context_hot_cue_getter_status_matrix.sh[2335694]:     "track.smart_numeric_boundary.half": 35003,
Oct 02 03:18:31 server record_context_hot_cue_getter_status_matrix.sh[2335694]:     "track.smart_numeric_boundary.one_half": 35004,
Oct 02 03:18:31 server record_context_hot_cue_getter_status_matrix.sh[2335694]:     "track.smart_numeric_boundary.minus_half": 35005,
Oct 02 03:18:31 server record_context_hot_cue_getter_status_matrix.sh[2335694]:     "track.smart_numeric_boundary.minus_one": 35006,
Oct 02 03:18:31 server record_context_hot_cue_getter_status_matrix.sh[2335694]:     "track.smart_numeric_boundary.int32_max": 35007,
Oct 02 03:18:31 server record_context_hot_cue_getter_status_matrix.sh[2335694]:     "track.smart_numeric_boundary.int32_plus_one": 35008,
Oct 02 03:18:31 server record_context_hot_cue_getter_status_matrix.sh[2335694]:     "track.smart_numeric_boundary.uint32_max": 35009,
Oct 02 03:18:31 server record_context_hot_cue_getter_status_matrix.sh[2335694]:     "track.smart_numeric_boundary.uint32_plus_one": 35010,
Oct 02 03:18:31 server record_context_hot_cue_getter_status_matrix.sh[2335694]:     "playlist.smart_numeric_boundary.bpm_equal_zero": 7601,
Oct 02 03:18:31 server record_context_hot_cue_getter_status_matrix.sh[2335694]:     "playlist.smart_numeric_boundary.bpm_not_equal_zero": 7602,
Oct 02 03:18:31 server record_context_hot_cue_getter_status_matrix.sh[2335694]:     "playlist.smart_numeric_boundary.bpm_greater_zero": 7603,
Oct 02 03:18:31 server record_context_hot_cue_getter_status_matrix.sh[2335694]:     "playlist.smart_numeric_boundary.bpm_less_zero": 7604,
Oct 02 03:18:31 server record_context_hot_cue_getter_status_matrix.sh[2335694]:     "playlist.smart_numeric_boundary.bpm_range_minus_one_to_one": 7605,
Oct 02 03:18:31 server record_context_hot_cue_getter_status_matrix.sh[2335694]:     "playlist.smart_numeric_boundary.bpm_equal_half": 7606,
Oct 02 03:18:31 server record_context_hot_cue_getter_status_matrix.sh[2335694]:     "playlist.smart_numeric_boundary.bpm_not_equal_half": 7607,
Oct 02 03:18:31 server record_context_hot_cue_getter_status_matrix.sh[2335694]:     "playlist.smart_numeric_boundary.bpm_greater_half": 7608,
Oct 02 03:18:31 server record_context_hot_cue_getter_status_matrix.sh[2335694]:     "playlist.smart_numeric_boundary.bpm_less_half": 7609,
Oct 02 03:18:31 server record_context_hot_cue_getter_status_matrix.sh[2335694]:     "playlist.smart_numeric_boundary.bpm_range_half_to_one_half": 7610,
Oct 02 03:18:31 server record_context_hot_cue_getter_status_matrix.sh[2335694]:     "playlist.smart_numeric_boundary.bpm_equal_int32_max": 7611,
Oct 02 03:18:31 server record_context_hot_cue_getter_status_matrix.sh[2335694]:     "playlist.smart_numeric_boundary.bpm_greater_int32_max": 7612,
Oct 02 03:18:31 server record_context_hot_cue_getter_status_matrix.sh[2335694]:     "playlist.smart_numeric_boundary.bpm_equal_int32_plus_one": 7613,
Oct 02 03:18:31 server record_context_hot_cue_getter_status_matrix.sh[2335694]:     "playlist.smart_numeric_boundary.bpm_equal_uint32_max": 7614,
Oct 02 03:18:31 server record_context_hot_cue_getter_status_matrix.sh[2335694]:     "playlist.smart_numeric_boundary.bpm_equal_uint32_plus_one": 7615,
Oct 02 03:18:31 server record_context_hot_cue_getter_status_matrix.sh[2335694]:     "playlist.smart_numeric_boundary.bpm_missing_left_equal": 7616,
Oct 02 03:18:31 server record_context_hot_cue_getter_status_matrix.sh[2335694]:     "playlist.smart_numeric_boundary.bpm_missing_left_not_equal": 7617,
Oct 02 03:18:31 server record_context_hot_cue_getter_status_matrix.sh[2335694]:     "playlist.smart_numeric_boundary.bpm_range_missing_left": 7618,
Oct 02 03:18:31 server record_context_hot_cue_getter_status_matrix.sh[2335694]:     "playlist.smart_numeric_boundary.bpm_range_missing_right": 7619,
Oct 02 03:18:31 server record_context_hot_cue_getter_status_matrix.sh[2335694]:     "playlist.smart_numeric_boundary.bpm_range_both_missing": 7620,
Oct 02 03:18:31 server record_context_hot_cue_getter_status_matrix.sh[2335694]:     "playlist.smart_numeric_boundary.rating_equal_zero": 7621,
Oct 02 03:18:31 server record_context_hot_cue_getter_status_matrix.sh[2335694]:     "playlist.smart_numeric_boundary.rating_not_equal_zero": 7622,
Oct 02 03:18:31 server record_context_hot_cue_getter_status_matrix.sh[2335694]:     "playlist.smart_numeric_boundary.rating_greater_zero": 7623,
Oct 02 03:18:31 server record_context_hot_cue_getter_status_matrix.sh[2335694]:     "playlist.smart_numeric_boundary.rating_less_zero": 7624,
Oct 02 03:18:31 server record_context_hot_cue_getter_status_matrix.sh[2335694]:     "playlist.smart_numeric_boundary.rating_range_minus_one_to_one": 7625,
Oct 02 03:18:31 server record_context_hot_cue_getter_status_matrix.sh[2335694]:     "playlist.smart_numeric_boundary.rating_equal_half": 7626,
Oct 02 03:18:31 server record_context_hot_cue_getter_status_matrix.sh[2335694]:     "playlist.smart_numeric_boundary.rating_not_equal_half": 7627,
Oct 02 03:18:31 server record_context_hot_cue_getter_status_matrix.sh[2335694]:     "playlist.smart_numeric_boundary.rating_greater_half": 7628,
Oct 02 03:18:31 server record_context_hot_cue_getter_status_matrix.sh[2335694]:     "playlist.smart_numeric_boundary.rating_less_half": 7629,
Oct 02 03:18:31 server record_context_hot_cue_getter_status_matrix.sh[2335694]:     "playlist.smart_numeric_boundary.rating_range_half_to_one_half": 7630,
Oct 02 03:18:31 server record_context_hot_cue_getter_status_matrix.sh[2335694]:     "playlist.smart_numeric_boundary.rating_equal_int32_max": 7631,
Oct 02 03:18:31 server record_context_hot_cue_getter_status_matrix.sh[2335694]:     "playlist.smart_numeric_boundary.rating_greater_int32_max": 7632,
Oct 02 03:18:31 server record_context_hot_cue_getter_status_matrix.sh[2335694]:     "playlist.smart_numeric_boundary.rating_equal_int32_plus_one": 7633,
Oct 02 03:18:31 server record_context_hot_cue_getter_status_matrix.sh[2335694]:     "playlist.smart_numeric_boundary.rating_equal_uint32_max": 7634,
Oct 02 03:18:31 server record_context_hot_cue_getter_status_matrix.sh[2335694]:     "playlist.smart_numeric_boundary.rating_equal_uint32_plus_one": 7635,
Oct 02 03:18:31 server record_context_hot_cue_getter_status_matrix.sh[2335694]:     "playlist.smart_numeric_boundary.rating_missing_left_equal": 7636,
Oct 02 03:18:31 server record_context_hot_cue_getter_status_matrix.sh[2335694]:     "playlist.smart_numeric_boundary.rating_missing_left_not_equal": 7637,
Oct 02 03:18:31 server record_context_hot_cue_getter_status_matrix.sh[2335694]:     "playlist.smart_numeric_boundary.rating_range_missing_left": 7638,
Oct 02 03:18:31 server record_context_hot_cue_getter_status_matrix.sh[2335694]:     "playlist.smart_numeric_boundary.rating_range_missing_right": 7639,
Oct 02 03:18:31 server record_context_hot_cue_getter_status_matrix.sh[2335694]:     "playlist.smart_numeric_boundary.rating_range_both_missing": 7640,
Oct 02 03:18:31 server record_context_hot_cue_getter_status_matrix.sh[2335694]:     "playlist.smart_numeric_boundary.play_count_equal_zero": 7641,
Oct 02 03:18:31 server record_context_hot_cue_getter_status_matrix.sh[2335694]:     "playlist.smart_numeric_boundary.play_count_not_equal_zero": 7642,
Oct 02 03:18:31 server record_context_hot_cue_getter_status_matrix.sh[2335694]:     "playlist.smart_numeric_boundary.play_count_greater_zero": 7643,
Oct 02 03:18:31 server record_context_hot_cue_getter_status_matrix.sh[2335694]:     "playlist.smart_numeric_boundary.play_count_less_zero": 7644,
Oct 02 03:18:31 server record_context_hot_cue_getter_status_matrix.sh[2335694]:     "playlist.smart_numeric_boundary.play_count_range_minus_one_to_one": 7645,
Oct 02 03:18:31 server record_context_hot_cue_getter_status_matrix.sh[2335694]:     "playlist.smart_numeric_boundary.play_count_equal_half": 7646,
Oct 02 03:18:31 server record_context_hot_cue_getter_status_matrix.sh[2335694]:     "playlist.smart_numeric_boundary.play_count_not_equal_half": 7647,
Oct 02 03:18:31 server record_context_hot_cue_getter_status_matrix.sh[2335694]:     "playlist.smart_numeric_boundary.play_count_greater_half": 7648,
Oct 02 03:18:31 server record_context_hot_cue_getter_status_matrix.sh[2335694]:     "playlist.smart_numeric_boundary.play_count_less_half": 7649,
Oct 02 03:18:31 server record_context_hot_cue_getter_status_matrix.sh[2335694]:     "playlist.smart_numeric_boundary.play_count_range_half_to_one_half": 7650,
Oct 02 03:18:31 server record_context_hot_cue_getter_status_matrix.sh[2335694]:     "playlist.smart_numeric_boundary.play_count_equal_int32_max": 7651,
Oct 02 03:18:31 server record_context_hot_cue_getter_status_matrix.sh[2335694]:     "playlist.smart_numeric_boundary.play_count_greater_int32_max": 7652,
Oct 02 03:18:31 server record_context_hot_cue_getter_status_matrix.sh[2335694]:     "playlist.smart_numeric_boundary.play_count_equal_int32_plus_one": 7653,
Oct 02 03:18:31 server record_context_hot_cue_getter_status_matrix.sh[2335694]:     "playlist.smart_numeric_boundary.play_count_equal_uint32_max": 7654,
Oct 02 03:18:31 server record_context_hot_cue_getter_status_matrix.sh[2335694]:     "playlist.smart_numeric_boundary.play_count_equal_uint32_plus_one": 7655,
Oct 02 03:18:31 server record_context_hot_cue_getter_status_matrix.sh[2335694]:     "playlist.smart_numeric_boundary.play_count_missing_left_equal": 7656,
Oct 02 03:18:31 server record_context_hot_cue_getter_status_matrix.sh[2335694]:     "playlist.smart_numeric_boundary.play_count_missing_left_not_equal": 7657,
Oct 02 03:18:31 server record_context_hot_cue_getter_status_matrix.sh[2335694]:     "playlist.smart_numeric_boundary.play_count_range_missing_left": 7658,
Oct 02 03:18:31 server record_context_hot_cue_getter_status_matrix.sh[2335694]:     "playlist.smart_numeric_boundary.play_count_range_missing_right": 7659,
Oct 02 03:18:31 server record_context_hot_cue_getter_status_matrix.sh[2335694]:     "playlist.smart_numeric_boundary.play_count_range_both_missing": 7660,
Oct 02 03:18:31 server record_context_hot_cue_getter_status_matrix.sh[2335694]:     "playlist.smart_numeric_boundary.duration_equal_zero": 7661,
Oct 02 03:18:31 server record_context_hot_cue_getter_status_matrix.sh[2335694]:     "playlist.smart_numeric_boundary.duration_not_equal_zero": 7662,
Oct 02 03:18:31 server record_context_hot_cue_getter_status_matrix.sh[2335694]:     "playlist.smart_numeric_boundary.duration_greater_zero": 7663,
Oct 02 03:18:31 server record_context_hot_cue_getter_status_matrix.sh[2335694]:     "playlist.smart_numeric_boundary.duration_less_zero": 7664,
Oct 02 03:18:31 server record_context_hot_cue_getter_status_matrix.sh[2335694]:     "playlist.smart_numeric_boundary.duration_range_minus_one_to_one": 7665,
Oct 02 03:18:31 server record_context_hot_cue_getter_status_matrix.sh[2335694]:     "playlist.smart_numeric_boundary.duration_equal_half": 7666,
Oct 02 03:18:31 server record_context_hot_cue_getter_status_matrix.sh[2335694]:     "playlist.smart_numeric_boundary.duration_not_equal_half": 7667,
Oct 02 03:18:31 server record_context_hot_cue_getter_status_matrix.sh[2335694]:     "playlist.smart_numeric_boundary.duration_greater_half": 7668,
Oct 02 03:18:31 server record_context_hot_cue_getter_status_matrix.sh[2335694]:     "playlist.smart_numeric_boundary.duration_less_half": 7669,
Oct 02 03:18:31 server record_context_hot_cue_getter_status_matrix.sh[2335694]:     "playlist.smart_numeric_boundary.duration_range_half_to_one_half": 7670,
Oct 02 03:18:31 server record_context_hot_cue_getter_status_matrix.sh[2335694]:     "playlist.smart_numeric_boundary.duration_equal_int32_max": 7671,
Oct 02 03:18:31 server record_context_hot_cue_getter_status_matrix.sh[2335694]:     "playlist.smart_numeric_boundary.duration_greater_int32_max": 7672,
Oct 02 03:18:31 server record_context_hot_cue_getter_status_matrix.sh[2335694]:     "playlist.smart_numeric_boundary.duration_equal_int32_plus_one": 7673,
Oct 02 03:18:31 server record_context_hot_cue_getter_status_matrix.sh[2335694]:     "playlist.smart_numeric_boundary.duration_equal_uint32_max": 7674,
Oct 02 03:18:31 server record_context_hot_cue_getter_status_matrix.sh[2335694]:     "playlist.smart_numeric_boundary.duration_equal_uint32_plus_one": 7675,
Oct 02 03:18:31 server record_context_hot_cue_getter_status_matrix.sh[2335694]:     "playlist.smart_numeric_boundary.duration_missing_left_equal": 7676,
Oct 02 03:18:31 server record_context_hot_cue_getter_status_matrix.sh[2335694]:     "playlist.smart_numeric_boundary.duration_missing_left_not_equal": 7677,
Oct 02 03:18:31 server record_context_hot_cue_getter_status_matrix.sh[2335694]:     "playlist.smart_numeric_boundary.duration_range_missing_left": 7678,
Oct 02 03:18:31 server record_context_hot_cue_getter_status_matrix.sh[2335694]:     "playlist.smart_numeric_boundary.duration_range_missing_right": 7679,
Oct 02 03:18:31 server record_context_hot_cue_getter_status_matrix.sh[2335694]:     "playlist.smart_numeric_boundary.duration_range_both_missing": 7680,
Oct 02 03:18:31 server record_context_hot_cue_getter_status_matrix.sh[2335694]:     "playlist.smart_numeric_boundary.year_equal_zero": 7681,
Oct 02 03:18:31 server record_context_hot_cue_getter_status_matrix.sh[2335694]:     "playlist.smart_numeric_boundary.year_not_equal_zero": 7682,
Oct 02 03:18:31 server record_context_hot_cue_getter_status_matrix.sh[2335694]:     "playlist.smart_numeric_boundary.year_greater_zero": 7683,
Oct 02 03:18:31 server record_context_hot_cue_getter_status_matrix.sh[2335694]:     "playlist.smart_numeric_boundary.year_less_zero": 7684,
Oct 02 03:18:31 server record_context_hot_cue_getter_status_matrix.sh[2335694]:     "playlist.smart_numeric_boundary.year_range_minus_one_to_one": 7685,
Oct 02 03:18:31 server record_context_hot_cue_getter_status_matrix.sh[2335694]:     "playlist.smart_numeric_boundary.year_equal_half": 7686,
Oct 02 03:18:31 server record_context_hot_cue_getter_status_matrix.sh[2335694]:     "playlist.smart_numeric_boundary.year_not_equal_half": 7687,
Oct 02 03:18:31 server record_context_hot_cue_getter_status_matrix.sh[2335694]:     "playlist.smart_numeric_boundary.year_greater_half": 7688,
Oct 02 03:18:31 server record_context_hot_cue_getter_status_matrix.sh[2335694]:     "playlist.smart_numeric_boundary.year_less_half": 7689,
Oct 02 03:18:31 server record_context_hot_cue_getter_status_matrix.sh[2335694]:     "playlist.smart_numeric_boundary.year_range_half_to_one_half": 7690,
Oct 02 03:18:31 server record_context_hot_cue_getter_status_matrix.sh[2335694]:     "playlist.smart_numeric_boundary.year_equal_int32_max": 7691,
Oct 02 03:18:31 server record_context_hot_cue_getter_status_matrix.sh[2335694]:     "playlist.smart_numeric_boundary.year_greater_int32_max": 7692,
Oct 02 03:18:31 server record_context_hot_cue_getter_status_matrix.sh[2335694]:     "playlist.smart_numeric_boundary.year_equal_int32_plus_one": 7693,
Oct 02 03:18:31 server record_context_hot_cue_getter_status_matrix.sh[2335694]:     "playlist.smart_numeric_boundary.year_equal_uint32_max": 7694,
Oct 02 03:18:31 server record_context_hot_cue_getter_status_matrix.sh[2335694]:     "playlist.smart_numeric_boundary.year_equal_uint32_plus_one": 7695,
Oct 02 03:18:31 server record_context_hot_cue_getter_status_matrix.sh[2335694]:     "playlist.smart_numeric_boundary.year_missing_left_equal": 7696,
Oct 02 03:18:31 server record_context_hot_cue_getter_status_matrix.sh[2335694]:     "playlist.smart_numeric_boundary.year_missing_left_not_equal": 7697,
Oct 02 03:18:31 server record_context_hot_cue_getter_status_matrix.sh[2335694]:     "playlist.smart_numeric_boundary.year_range_missing_left": 7698,
Oct 02 03:18:31 server record_context_hot_cue_getter_status_matrix.sh[2335694]:     "playlist.smart_numeric_boundary.year_range_missing_right": 7699,
Oct 02 03:18:31 server record_context_hot_cue_getter_status_matrix.sh[2335694]:     "playlist.smart_numeric_boundary.year_range_both_missing": 7700,
Oct 02 03:18:31 server record_context_hot_cue_getter_status_matrix.sh[2335694]:     "playlist.smart_property.artist": 6501,
Oct 02 03:18:31 server record_context_hot_cue_getter_status_matrix.sh[2335694]:     "playlist.smart_property.album": 6502,
Oct 02 03:18:31 server record_context_hot_cue_getter_status_matrix.sh[2335694]:     "playlist.smart_property.album_artist": 6503,
Oct 02 03:18:31 server record_context_hot_cue_getter_status_matrix.sh[2335694]:     "playlist.smart_property.original_artist": 6504,
Oct 02 03:18:31 server record_context_hot_cue_getter_status_matrix.sh[2335694]:     "playlist.smart_property.bpm": 6505,
Oct 02 03:18:31 server record_context_hot_cue_getter_status_matrix.sh[2335694]:     "playlist.smart_property.grouping": 6506,
Oct 02 03:18:31 server record_context_hot_cue_getter_status_matrix.sh[2335694]:     "playlist.smart_property.comments": 6507,
Oct 02 03:18:31 server record_context_hot_cue_getter_status_matrix.sh[2335694]:     "playlist.smart_property.producer": 6508,
Oct 02 03:18:31 server record_context_hot_cue_getter_status_matrix.sh[2335694]:     "playlist.smart_property.stock_date": 6509,
Oct 02 03:18:31 server record_context_hot_cue_getter_status_matrix.sh[2335694]:     "playlist.smart_property.date_created_field": 6510,
Oct 02 03:18:31 server record_context_hot_cue_getter_status_matrix.sh[2335694]:     "playlist.smart_property.date_created_audit": 6511,
Oct 02 03:18:31 server record_context_hot_cue_getter_status_matrix.sh[2335694]:     "playlist.smart_property.counter": 6512,
Oct 02 03:18:31 server record_context_hot_cue_getter_status_matrix.sh[2335694]:     "playlist.smart_property.file_name": 6513,
Oct 02 03:18:31 server record_context_hot_cue_getter_status_matrix.sh[2335694]:     "playlist.smart_property.genre": 6514,
Oct 02 03:18:31 server record_context_hot_cue_getter_status_matrix.sh[2335694]:     "playlist.smart_property.key": 6515,
Oct 02 03:18:31 server record_context_hot_cue_getter_status_matrix.sh[2335694]:     "playlist.smart_property.label": 6516,
Oct 02 03:18:31 server record_context_hot_cue_getter_status_matrix.sh[2335694]:     "playlist.smart_property.mix_name": 6517,
Oct 02 03:18:31 server record_context_hot_cue_getter_status_matrix.sh[2335694]:     "playlist.smart_property.my_tag_warmup_raw": 6518,
Oct 02 03:18:31 server record_context_hot_cue_getter_status_matrix.sh[2335694]:     "playlist.smart_property.my_tag_warmup_signed": 6519,
Oct 02 03:18:31 server record_context_hot_cue_getter_status_matrix.sh[2335694]:     "playlist.smart_property.my_tag_vocal_raw": 6520,
Oct 02 03:18:31 server record_context_hot_cue_getter_status_matrix.sh[2335694]:     "playlist.smart_property.my_tag_vocal_signed": 6521,
Oct 02 03:18:31 server record_context_hot_cue_getter_status_matrix.sh[2335694]:     "playlist.smart_property.rating": 6522,
Oct 02 03:18:31 server record_context_hot_cue_getter_status_matrix.sh[2335694]:     "playlist.smart_property.date_released": 6523,
Oct 02 03:18:31 server record_context_hot_cue_getter_status_matrix.sh[2335694]:     "playlist.smart_property.remixed_by": 6524,
Oct 02 03:18:31 server record_context_hot_cue_getter_status_matrix.sh[2335694]:     "playlist.smart_property.duration": 6525,
Oct 02 03:18:31 server record_context_hot_cue_getter_status_matrix.sh[2335694]:     "playlist.smart_property.name": 6526,
Oct 02 03:18:31 server record_context_hot_cue_getter_status_matrix.sh[2335694]:     "playlist.smart_property.year": 6527,
Oct 02 03:18:31 server record_context_hot_cue_getter_status_matrix.sh[2335694]:     "playlist.smart_property.alias_title": 6528,
Oct 02 03:18:31 server record_context_hot_cue_getter_status_matrix.sh[2335694]:     "playlist.smart_property.alias_color": 6529,
Oct 02 03:18:31 server record_context_hot_cue_getter_status_matrix.sh[2335694]:     "playlist.smart_property.alias_play_count": 6530,
Oct 02 03:18:31 server record_context_hot_cue_getter_status_matrix.sh[2335694]:     "playlist.smart_property.alias_remixer": 6531,
Oct 02 03:18:31 server record_context_hot_cue_getter_status_matrix.sh[2335694]:     "playlist.smart_property.alias_composer": 6532,
Oct 02 03:18:31 server record_context_hot_cue_getter_status_matrix.sh[2335694]:     "playlist.smart_property.alias_filename_lowercase": 6533,
Oct 02 03:18:31 server record_context_hot_cue_getter_status_matrix.sh[2335694]:     "playlist.smart_date.stock_date_operator_01": 6701,
Oct 02 03:18:31 server record_context_hot_cue_getter_status_matrix.sh[2335694]:     "playlist.smart_date.stock_date_operator_02": 6702,
Oct 02 03:18:31 server record_context_hot_cue_getter_status_matrix.sh[2335694]:     "playlist.smart_date.stock_date_operator_03": 6703,
Oct 02 03:18:31 server record_context_hot_cue_getter_status_matrix.sh[2335694]:     "playlist.smart_date.stock_date_operator_04": 6704,
Oct 02 03:18:31 server record_context_hot_cue_getter_status_matrix.sh[2335694]:     "playlist.smart_date.stock_date_operator_05": 6705,
Oct 02 03:18:31 server record_context_hot_cue_getter_status_matrix.sh[2335694]:     "playlist.smart_date.stock_date_reversed_range": 6706,
Oct 02 03:18:31 server record_context_hot_cue_getter_status_matrix.sh[2335694]:     "playlist.smart_date.stock_date_blank_equal": 6707,
Oct 02 03:18:31 server record_context_hot_cue_getter_status_matrix.sh[2335694]:     "playlist.smart_date.stock_date_blank_not_equal": 6708,
Oct 02 03:18:31 server record_context_hot_cue_getter_status_matrix.sh[2335694]:     "playlist.smart_date.stock_date_invalid_equal": 6709,
Oct 02 03:18:31 server record_context_hot_cue_getter_status_matrix.sh[2335694]:     "playlist.smart_date.stock_date_invalid_not_equal": 6710,
Oct 02 03:18:31 server record_context_hot_cue_getter_status_matrix.sh[2335694]:     "playlist.smart_date.date_created_operator_01": 6711,
Oct 02 03:18:31 server record_context_hot_cue_getter_status_matrix.sh[2335694]:     "playlist.smart_date.date_created_operator_02": 6712,
Oct 02 03:18:31 server record_context_hot_cue_getter_status_matrix.sh[2335694]:     "playlist.smart_date.date_created_operator_03": 6713,
Oct 02 03:18:31 server record_context_hot_cue_getter_status_matrix.sh[2335694]:     "playlist.smart_date.date_created_operator_04": 6714,
Oct 02 03:18:31 server record_context_hot_cue_getter_status_matrix.sh[2335694]:     "playlist.smart_date.date_created_operator_05": 6715,
Oct 02 03:18:31 server record_context_hot_cue_getter_status_matrix.sh[2335694]:     "playlist.smart_date.date_created_reversed_range": 6716,
Oct 02 03:18:31 server record_context_hot_cue_getter_status_matrix.sh[2335694]:     "playlist.smart_date.date_created_blank_equal": 6717,
Oct 02 03:18:31 server record_context_hot_cue_getter_status_matrix.sh[2335694]:     "playlist.smart_date.date_created_blank_not_equal": 6718,
Oct 02 03:18:31 server record_context_hot_cue_getter_status_matrix.sh[2335694]:     "playlist.smart_date.date_created_invalid_equal": 6719,
Oct 02 03:18:31 server record_context_hot_cue_getter_status_matrix.sh[2335694]:     "playlist.smart_date.date_created_invalid_not_equal": 6720,
Oct 02 03:18:31 server record_context_hot_cue_getter_status_matrix.sh[2335694]:     "playlist.smart_date.date_released_operator_01": 6721,
Oct 02 03:18:31 server record_context_hot_cue_getter_status_matrix.sh[2335694]:     "playlist.smart_date.date_released_operator_02": 6722,
Oct 02 03:18:31 server record_context_hot_cue_getter_status_matrix.sh[2335694]:     "playlist.smart_date.date_released_operator_03": 6723,
Oct 02 03:18:31 server record_context_hot_cue_getter_status_matrix.sh[2335694]:     "playlist.smart_date.date_released_operator_04": 6724,
Oct 02 03:18:31 server record_context_hot_cue_getter_status_matrix.sh[2335694]:     "playlist.smart_date.date_released_operator_05": 6725,
Oct 02 03:18:31 server record_context_hot_cue_getter_status_matrix.sh[2335694]:     "playlist.smart_date.date_released_reversed_range": 6726,
Oct 02 03:18:31 server record_context_hot_cue_getter_status_matrix.sh[2335694]:     "playlist.smart_date.date_released_blank_equal": 6727,
Oct 02 03:18:31 server record_context_hot_cue_getter_status_matrix.sh[2335694]:     "playlist.smart_date.date_released_blank_not_equal": 6728,
Oct 02 03:18:31 server record_context_hot_cue_getter_status_matrix.sh[2335694]:     "playlist.smart_date.date_released_invalid_equal": 6729,
Oct 02 03:18:31 server record_context_hot_cue_getter_status_matrix.sh[2335694]:     "playlist.smart_date.date_released_invalid_not_equal": 6730,
Oct 02 03:18:31 server record_context_hot_cue_getter_status_matrix.sh[2335694]:     "playlist.smart_relative_date.stock_date_day_operator_06": 6801,
Oct 02 03:18:31 server record_context_hot_cue_getter_status_matrix.sh[2335694]:     "playlist.smart_relative_date.stock_date_day_operator_07": 6802,
Oct 02 03:18:31 server record_context_hot_cue_getter_status_matrix.sh[2335694]:     "playlist.smart_relative_date.stock_date_week_operator_06": 6803,
Oct 02 03:18:31 server record_context_hot_cue_getter_status_matrix.sh[2335694]:     "playlist.smart_relative_date.stock_date_week_operator_07": 6804,
Oct 02 03:18:31 server record_context_hot_cue_getter_status_matrix.sh[2335694]:     "playlist.smart_relative_date.stock_date_month_operator_06": 6805,
Oct 02 03:18:31 server record_context_hot_cue_getter_status_matrix.sh[2335694]:     "playlist.smart_relative_date.stock_date_month_operator_07": 6806,
Oct 02 03:18:31 server record_context_hot_cue_getter_status_matrix.sh[2335694]:     "playlist.smart_relative_date.stock_date_year_operator_06": 6807,
Oct 02 03:18:31 server record_context_hot_cue_getter_status_matrix.sh[2335694]:     "playlist.smart_relative_date.stock_date_year_operator_07": 6808,
Oct 02 03:18:31 server record_context_hot_cue_getter_status_matrix.sh[2335694]:     "playlist.smart_relative_date.date_created_day_operator_06": 6809,
Oct 02 03:18:31 server record_context_hot_cue_getter_status_matrix.sh[2335694]:     "playlist.smart_relative_date.date_created_day_operator_07": 6810,
Oct 02 03:18:31 server record_context_hot_cue_getter_status_matrix.sh[2335694]:     "playlist.smart_relative_date.date_created_week_operator_06": 6811,
Oct 02 03:18:31 server record_context_hot_cue_getter_status_matrix.sh[2335694]:     "playlist.smart_relative_date.date_created_week_operator_07": 6812,
Oct 02 03:18:31 server record_context_hot_cue_getter_status_matrix.sh[2335694]:     "playlist.smart_relative_date.date_created_month_operator_06": 6813,
Oct 02 03:18:31 server record_context_hot_cue_getter_status_matrix.sh[2335694]:     "playlist.smart_relative_date.date_created_month_operator_07": 6814,
Oct 02 03:18:31 server record_context_hot_cue_getter_status_matrix.sh[2335694]:     "playlist.smart_relative_date.date_created_year_operator_06": 6815,
Oct 02 03:18:31 server record_context_hot_cue_getter_status_matrix.sh[2335694]:     "playlist.smart_relative_date.date_created_year_operator_07": 6816,
Oct 02 03:18:31 server record_context_hot_cue_getter_status_matrix.sh[2335694]:     "playlist.smart_relative_date.date_released_day_operator_06": 6817,
Oct 02 03:18:31 server record_context_hot_cue_getter_status_matrix.sh[2335694]:     "playlist.smart_relative_date.date_released_day_operator_07": 6818,
Oct 02 03:18:31 server record_context_hot_cue_getter_status_matrix.sh[2335694]:     "playlist.smart_relative_date.date_released_week_operator_06": 6819,
Oct 02 03:18:31 server record_context_hot_cue_getter_status_matrix.sh[2335694]:     "playlist.smart_relative_date.date_released_week_operator_07": 6820,
Oct 02 03:18:31 server record_context_hot_cue_getter_status_matrix.sh[2335694]:     "playlist.smart_relative_date.date_released_month_operator_06": 6821,
Oct 02 03:18:31 server record_context_hot_cue_getter_status_matrix.sh[2335694]:     "playlist.smart_relative_date.date_released_month_operator_07": 6822,
Oct 02 03:18:31 server record_context_hot_cue_getter_status_matrix.sh[2335694]:     "playlist.smart_relative_date.date_released_year_operator_06": 6823,
Oct 02 03:18:31 server record_context_hot_cue_getter_status_matrix.sh[2335694]:     "playlist.smart_relative_date.date_released_year_operator_07": 6824,
Oct 02 03:18:31 server record_context_hot_cue_getter_status_matrix.sh[2335694]:     "playlist.smart_relative_date.stock_date_unit_days_operator_06": 6825,
Oct 02 03:18:31 server record_context_hot_cue_getter_status_matrix.sh[2335694]:     "playlist.smart_relative_date.stock_date_unit_days_operator_07": 6826,
Oct 02 03:18:31 server record_context_hot_cue_getter_status_matrix.sh[2335694]:     "playlist.smart_relative_date.stock_date_unit_weeks_operator_06": 6827,
Oct 02 03:18:31 server record_context_hot_cue_getter_status_matrix.sh[2335694]:     "playlist.smart_relative_date.stock_date_unit_weeks_operator_07": 6828,
Oct 02 03:18:31 server record_context_hot_cue_getter_status_matrix.sh[2335694]:     "playlist.smart_relative_date.stock_date_unit_months_operator_06": 6829,
Oct 02 03:18:31 server record_context_hot_cue_getter_status_matrix.sh[2335694]:     "playlist.smart_relative_date.stock_date_unit_months_operator_07": 6830,
Oct 02 03:18:31 server record_context_hot_cue_getter_status_matrix.sh[2335694]:     "playlist.smart_relative_date.stock_date_unit_years_operator_06": 6831,
Oct 02 03:18:31 server record_context_hot_cue_getter_status_matrix.sh[2335694]:     "playlist.smart_relative_date.stock_date_unit_years_operator_07": 6832,
Oct 02 03:18:31 server record_context_hot_cue_getter_status_matrix.sh[2335694]:     "playlist.smart_relative_date.stock_date_unit_uppercase_month_operator_06": 6833,
Oct 02 03:18:31 server record_context_hot_cue_getter_status_matrix.sh[2335694]:     "playlist.smart_relative_date.stock_date_unit_uppercase_month_operator_07": 6834,
Oct 02 03:18:31 server record_context_hot_cue_getter_status_matrix.sh[2335694]:     "playlist.smart_relative_date.stock_date_unit_empty_operator_06": 6835,
Oct 02 03:18:31 server record_context_hot_cue_getter_status_matrix.sh[2335694]:     "playlist.smart_relative_date.stock_date_unit_empty_operator_07": 6836,
Oct 02 03:18:31 server record_context_hot_cue_getter_status_matrix.sh[2335694]:     "playlist.smart_relative_date.stock_date_unit_unknown_operator_06": 6837,
Oct 02 03:18:31 server record_context_hot_cue_getter_status_matrix.sh[2335694]:     "playlist.smart_relative_date.stock_date_unit_unknown_operator_07": 6838,
Oct 02 03:18:31 server record_context_hot_cue_getter_status_matrix.sh[2335694]:     "playlist.smart_relative_date.stock_date_count_zero_operator_06": 6839,
Oct 02 03:18:31 server record_context_hot_cue_getter_status_matrix.sh[2335694]:     "playlist.smart_relative_date.stock_date_count_zero_operator_07": 6840,
Oct 02 03:18:31 server record_context_hot_cue_getter_status_matrix.sh[2335694]:     "playlist.smart_relative_date.stock_date_count_negative_operator_06": 6841,
Oct 02 03:18:31 server record_context_hot_cue_getter_status_matrix.sh[2335694]:     "playlist.smart_relative_date.stock_date_count_negative_operator_07": 6842,
Oct 02 03:18:31 server record_context_hot_cue_getter_status_matrix.sh[2335694]:     "playlist.smart_relative_date.stock_date_count_blank_operator_06": 6843,
Oct 02 03:18:31 server record_context_hot_cue_getter_status_matrix.sh[2335694]:     "playlist.smart_relative_date.stock_date_count_blank_operator_07": 6844,
Oct 02 03:18:31 server record_context_hot_cue_getter_status_matrix.sh[2335694]:     "playlist.smart_relative_date.stock_date_count_invalid_operator_06": 6845,
Oct 02 03:18:31 server record_context_hot_cue_getter_status_matrix.sh[2335694]:     "playlist.smart_relative_date.stock_date_count_invalid_operator_07": 6846,
Oct 02 03:18:31 server record_context_hot_cue_getter_status_matrix.sh[2335694]:     "playlist.smart_relative_date.stock_date_count_fractional_operator_06": 6847,
Oct 02 03:18:31 server record_context_hot_cue_getter_status_matrix.sh[2335694]:     "playlist.smart_relative_date.stock_date_count_fractional_operator_07": 6848,
Oct 02 03:18:31 server record_context_hot_cue_getter_status_matrix.sh[2335694]:     "playlist.smart_relative_date.stock_date_count_two_operator_06": 6849,
Oct 02 03:18:31 server record_context_hot_cue_getter_status_matrix.sh[2335694]:     "playlist.smart_relative_date.stock_date_count_two_operator_07": 6850,
Oct 02 03:18:31 server record_context_hot_cue_getter_status_matrix.sh[2335694]:     "playlist.smart_relative_date.stock_date_count_thirty_one_operator_06": 6851,
Oct 02 03:18:31 server record_context_hot_cue_getter_status_matrix.sh[2335694]:     "playlist.smart_relative_date.stock_date_count_thirty_one_operator_07": 6852,
Oct 02 03:18:31 server record_context_hot_cue_getter_status_matrix.sh[2335694]:     "playlist.smart_relative_date.stock_date_month_count_two_operator_06": 6853,
Oct 02 03:18:31 server record_context_hot_cue_getter_status_matrix.sh[2335694]:     "playlist.smart_relative_date.stock_date_month_count_two_operator_07": 6854,
Oct 02 03:18:31 server record_context_hot_cue_getter_status_matrix.sh[2335694]:     "playlist.smart_relative_date.stock_date_right_31_operator_06": 6855,
Oct 02 03:18:31 server record_context_hot_cue_getter_status_matrix.sh[2335694]:     "playlist.smart_relative_date.stock_date_right_31_operator_07": 6856,
Oct 02 03:18:31 server record_context_hot_cue_getter_status_matrix.sh[2335694]:     "track.date_format.canonical_jan_31": 11001,
Oct 02 03:18:31 server record_context_hot_cue_getter_status_matrix.sh[2335694]:     "track.date_format.canonical_leap_day": 11002,
Oct 02 03:18:31 server record_context_hot_cue_getter_status_matrix.sh[2335694]:     "track.date_format.canonical_epoch": 11003,
Oct 02 03:18:31 server record_context_hot_cue_getter_status_matrix.sh[2335694]:     "track.date_format.pre_epoch": 11004,
Oct 02 03:18:31 server record_context_hot_cue_getter_status_matrix.sh[2335694]:     "track.date_format.year_zero": 11005,
Oct 02 03:18:31 server record_context_hot_cue_getter_status_matrix.sh[2335694]:     "track.date_format.year_9999": 11006,
Oct 02 03:18:31 server record_context_hot_cue_getter_status_matrix.sh[2335694]:     "track.date_format.separator_slash": 11007,
Oct 02 03:18:31 server record_context_hot_cue_getter_status_matrix.sh[2335694]:     "track.date_format.separator_dot": 11008,
Oct 02 03:18:31 server record_context_hot_cue_getter_status_matrix.sh[2335694]:     "track.date_format.separator_space": 11009,
Oct 02 03:18:31 server record_context_hot_cue_getter_status_matrix.sh[2335694]:     "track.date_format.separator_letters": 11010,
Oct 02 03:18:31 server record_context_hot_cue_getter_status_matrix.sh[2335694]:     "track.date_format.separator_unicode": 11011,
Oct 02 03:18:31 server record_context_hot_cue_getter_status_matrix.sh[2335694]:     "track.date_format.separator_newline": 11012,
Oct 02 03:18:31 server record_context_hot_cue_getter_status_matrix.sh[2335694]:     "track.date_format.nonleap_feb_29": 11013,
Oct 02 03:18:31 server record_context_hot_cue_getter_status_matrix.sh[2335694]:     "track.date_format.leap_feb_30": 11014,
Oct 02 03:18:31 server record_context_hot_cue_getter_status_matrix.sh[2335694]:     "track.date_format.nonleap_feb_30": 11015,
Oct 02 03:18:31 server record_context_hot_cue_getter_status_matrix.sh[2335694]:     "track.date_format.nonleap_feb_31": 11016,
Oct 02 03:18:31 server record_context_hot_cue_getter_status_matrix.sh[2335694]:     "track.date_format.april_31": 11017,
Oct 02 03:18:31 server record_context_hot_cue_getter_status_matrix.sh[2335694]:     "track.date_format.month_zero": 11018,
Oct 02 03:18:31 server record_context_hot_cue_getter_status_matrix.sh[2335694]:     "track.date_format.month_13": 11019,
Oct 02 03:18:31 server record_context_hot_cue_getter_status_matrix.sh[2335694]:     "track.date_format.day_zero": 11020,
Oct 02 03:18:31 server record_context_hot_cue_getter_status_matrix.sh[2335694]:     "track.date_format.day_32": 11021,
Oct 02 03:18:31 server record_context_hot_cue_getter_status_matrix.sh[2335694]:     "track.date_format.month_99": 11022,
Oct 02 03:18:31 server record_context_hot_cue_getter_status_matrix.sh[2335694]:     "track.date_format.day_99": 11023,
Oct 02 03:18:31 server record_context_hot_cue_getter_status_matrix.sh[2335694]:     "track.date_format.single_digit_month": 11024,
Oct 02 03:18:31 server record_context_hot_cue_getter_status_matrix.sh[2335694]:     "track.date_format.single_digit_day": 11025,
Oct 02 03:18:31 server record_context_hot_cue_getter_status_matrix.sh[2335694]:     "track.date_format.five_digit_year": 11026,
Oct 02 03:18:31 server record_context_hot_cue_getter_status_matrix.sh[2335694]:     "track.date_format.timestamp_t": 11027,
Oct 02 03:18:31 server record_context_hot_cue_getter_status_matrix.sh[2335694]:     "track.date_format.timestamp_space": 11028,
Oct 02 03:18:31 server record_context_hot_cue_getter_status_matrix.sh[2335694]:     "track.date_format.leading_space": 11029,
Oct 02 03:18:31 server record_context_hot_cue_getter_status_matrix.sh[2335694]:     "track.date_format.trailing_space": 11030,
Oct 02 03:18:31 server record_context_hot_cue_getter_status_matrix.sh[2335694]:     "track.date_format.not_a_date": 11031,
Oct 02 03:18:31 server record_context_hot_cue_getter_status_matrix.sh[2335694]:     "track.date_format.ascii_letters": 11032,
Oct 02 03:18:31 server record_context_hot_cue_getter_status_matrix.sh[2335694]:     "track.date_format.zero_digits": 11033,
Oct 02 03:18:31 server record_context_hot_cue_getter_status_matrix.sh[2335694]:     "track.date_format.letter_in_year": 11034,
Oct 02 03:18:31 server record_context_hot_cue_getter_status_matrix.sh[2335694]:     "track.date_format.plus_year": 11035,
Oct 02 03:18:31 server record_context_hot_cue_getter_status_matrix.sh[2335694]:     "track.date_format.minus_year": 11036,
Oct 02 03:18:31 server record_context_hot_cue_getter_status_matrix.sh[2335694]:     "track.date_format.fullwidth_digits": 11037,
Oct 02 03:18:31 server record_context_hot_cue_getter_status_matrix.sh[2335694]:     "track.date_format.empty": 11038,
Oct 02 03:18:31 server record_context_hot_cue_getter_status_matrix.sh[2335694]:     "track.date_format.embedded_nul": 11039,
Oct 02 03:18:31 server record_context_hot_cue_getter_status_matrix.sh[2335694]:     "track.date_format.null": 11040,
Oct 02 03:18:31 server record_context_hot_cue_getter_status_matrix.sh[2335694]:     "playlist.smart_date_format.stock_date_canonical_jan_31_equal": 6901,
Oct 02 03:18:31 server record_context_hot_cue_getter_status_matrix.sh[2335694]:     "playlist.smart_date_format.stock_date_canonical_leap_day_equal": 6902,
Oct 02 03:18:31 server record_context_hot_cue_getter_status_matrix.sh[2335694]:     "playlist.smart_date_format.stock_date_canonical_epoch_equal": 6903,
Oct 02 03:18:31 server record_context_hot_cue_getter_status_matrix.sh[2335694]:     "playlist.smart_date_format.stock_date_pre_epoch_equal": 6904,
Oct 02 03:18:31 server record_context_hot_cue_getter_status_matrix.sh[2335694]:     "playlist.smart_date_format.stock_date_year_zero_equal": 6905,
Oct 02 03:18:31 server record_context_hot_cue_getter_status_matrix.sh[2335694]:     "playlist.smart_date_format.stock_date_year_9999_equal": 6906,
Oct 02 03:18:31 server record_context_hot_cue_getter_status_matrix.sh[2335694]:     "playlist.smart_date_format.stock_date_separator_slash_equal": 6907,
Oct 02 03:18:31 server record_context_hot_cue_getter_status_matrix.sh[2335694]:     "playlist.smart_date_format.stock_date_separator_dot_equal": 6908,
Oct 02 03:18:31 server record_context_hot_cue_getter_status_matrix.sh[2335694]:     "playlist.smart_date_format.stock_date_separator_space_equal": 6909,
Oct 02 03:18:31 server record_context_hot_cue_getter_status_matrix.sh[2335694]:     "playlist.smart_date_format.stock_date_separator_letters_equal": 6910,
Oct 02 03:18:31 server record_context_hot_cue_getter_status_matrix.sh[2335694]:     "playlist.smart_date_format.stock_date_separator_unicode_equal": 6911,
Oct 02 03:18:31 server record_context_hot_cue_getter_status_matrix.sh[2335694]:     "playlist.smart_date_format.stock_date_separator_newline_equal": 6912,
Oct 02 03:18:31 server record_context_hot_cue_getter_status_matrix.sh[2335694]:     "playlist.smart_date_format.stock_date_nonleap_feb_29_equal": 6913,
Oct 02 03:18:31 server record_context_hot_cue_getter_status_matrix.sh[2335694]:     "playlist.smart_date_format.stock_date_leap_feb_30_equal": 6914,
Oct 02 03:18:31 server record_context_hot_cue_getter_status_matrix.sh[2335694]:     "playlist.smart_date_format.stock_date_nonleap_feb_30_equal": 6915,
Oct 02 03:18:31 server record_context_hot_cue_getter_status_matrix.sh[2335694]:     "playlist.smart_date_format.stock_date_nonleap_feb_31_equal": 6916,
Oct 02 03:18:31 server record_context_hot_cue_getter_status_matrix.sh[2335694]:     "playlist.smart_date_format.stock_date_april_31_equal": 6917,
Oct 02 03:18:31 server record_context_hot_cue_getter_status_matrix.sh[2335694]:     "playlist.smart_date_format.stock_date_month_zero_equal": 6918,
Oct 02 03:18:31 server record_context_hot_cue_getter_status_matrix.sh[2335694]:     "playlist.smart_date_format.stock_date_month_13_equal": 6919,
Oct 02 03:18:31 server record_context_hot_cue_getter_status_matrix.sh[2335694]:     "playlist.smart_date_format.stock_date_day_zero_equal": 6920,
Oct 02 03:18:31 server record_context_hot_cue_getter_status_matrix.sh[2335694]:     "playlist.smart_date_format.stock_date_day_32_equal": 6921,
Oct 02 03:18:31 server record_context_hot_cue_getter_status_matrix.sh[2335694]:     "playlist.smart_date_format.stock_date_month_99_equal": 6922,
Oct 02 03:18:31 server record_context_hot_cue_getter_status_matrix.sh[2335694]:     "playlist.smart_date_format.stock_date_day_99_equal": 6923,
Oct 02 03:18:31 server record_context_hot_cue_getter_status_matrix.sh[2335694]:     "playlist.smart_date_format.stock_date_single_digit_month_equal": 6924,
Oct 02 03:18:31 server record_context_hot_cue_getter_status_matrix.sh[2335694]:     "playlist.smart_date_format.stock_date_single_digit_day_equal": 6925,
Oct 02 03:18:31 server record_context_hot_cue_getter_status_matrix.sh[2335694]:     "playlist.smart_date_format.stock_date_five_digit_year_equal": 6926,
Oct 02 03:18:31 server record_context_hot_cue_getter_status_matrix.sh[2335694]:     "playlist.smart_date_format.stock_date_timestamp_t_equal": 6927,
Oct 02 03:18:31 server record_context_hot_cue_getter_status_matrix.sh[2335694]:     "playlist.smart_date_format.stock_date_timestamp_space_equal": 6928,
Oct 02 03:18:31 server record_context_hot_cue_getter_status_matrix.sh[2335694]:     "playlist.smart_date_format.stock_date_leading_space_equal": 6929,
Oct 02 03:18:31 server record_context_hot_cue_getter_status_matrix.sh[2335694]:     "playlist.smart_date_format.stock_date_trailing_space_equal": 6930,
Oct 02 03:18:31 server record_context_hot_cue_getter_status_matrix.sh[2335694]:     "playlist.smart_date_format.stock_date_not_a_date_equal": 6931,
Oct 02 03:18:31 server record_context_hot_cue_getter_status_matrix.sh[2335694]:     "playlist.smart_date_format.stock_date_ascii_letters_equal": 6932,
Oct 02 03:18:31 server record_context_hot_cue_getter_status_matrix.sh[2335694]:     "playlist.smart_date_format.stock_date_zero_digits_equal": 6933,
Oct 02 03:18:31 server record_context_hot_cue_getter_status_matrix.sh[2335694]:     "playlist.smart_date_format.stock_date_letter_in_year_equal": 6934,
Oct 02 03:18:31 server record_context_hot_cue_getter_status_matrix.sh[2335694]:     "playlist.smart_date_format.stock_date_plus_year_equal": 6935,
Oct 02 03:18:31 server record_context_hot_cue_getter_status_matrix.sh[2335694]:     "playlist.smart_date_format.stock_date_minus_year_equal": 6936,
Oct 02 03:18:31 server record_context_hot_cue_getter_status_matrix.sh[2335694]:     "playlist.smart_date_format.stock_date_fullwidth_digits_equal": 6937,
Oct 02 03:18:31 server record_context_hot_cue_getter_status_matrix.sh[2335694]:     "playlist.smart_date_format.stock_date_empty_equal": 6938,
Oct 02 03:18:31 server record_context_hot_cue_getter_status_matrix.sh[2335694]:     "playlist.smart_date_format.stock_date_canonical_not_equal": 6939,
Oct 02 03:18:31 server record_context_hot_cue_getter_status_matrix.sh[2335694]:     "playlist.smart_date_format.date_created_canonical_jan_31_equal": 6940,
Oct 02 03:18:31 server record_context_hot_cue_getter_status_matrix.sh[2335694]:     "playlist.smart_date_format.date_created_canonical_leap_day_equal": 6941,
Oct 02 03:18:31 server record_context_hot_cue_getter_status_matrix.sh[2335694]:     "playlist.smart_date_format.date_created_canonical_epoch_equal": 6942,
Oct 02 03:18:31 server record_context_hot_cue_getter_status_matrix.sh[2335694]:     "playlist.smart_date_format.date_created_pre_epoch_equal": 6943,
Oct 02 03:18:31 server record_context_hot_cue_getter_status_matrix.sh[2335694]:     "playlist.smart_date_format.date_created_year_zero_equal": 6944,
Oct 02 03:18:31 server record_context_hot_cue_getter_status_matrix.sh[2335694]:     "playlist.smart_date_format.date_created_year_9999_equal": 6945,
Oct 02 03:18:31 server record_context_hot_cue_getter_status_matrix.sh[2335694]:     "playlist.smart_date_format.date_created_separator_slash_equal": 6946,
Oct 02 03:18:31 server record_context_hot_cue_getter_status_matrix.sh[2335694]:     "playlist.smart_date_format.date_created_separator_dot_equal": 6947,
Oct 02 03:18:31 server record_context_hot_cue_getter_status_matrix.sh[2335694]:     "playlist.smart_date_format.date_created_separator_space_equal": 6948,
Oct 02 03:18:31 server record_context_hot_cue_getter_status_matrix.sh[2335694]:     "playlist.smart_date_format.date_created_separator_letters_equal": 6949,
Oct 02 03:18:31 server record_context_hot_cue_getter_status_matrix.sh[2335694]:     "playlist.smart_date_format.date_created_separator_unicode_equal": 6950,
Oct 02 03:18:31 server record_context_hot_cue_getter_status_matrix.sh[2335694]:     "playlist.smart_date_format.date_created_separator_newline_equal": 6951,
Oct 02 03:18:31 server record_context_hot_cue_getter_status_matrix.sh[2335694]:     "playlist.smart_date_format.date_created_nonleap_feb_29_equal": 6952,
Oct 02 03:18:31 server record_context_hot_cue_getter_status_matrix.sh[2335694]:     "playlist.smart_date_format.date_created_leap_feb_30_equal": 6953,
Oct 02 03:18:31 server record_context_hot_cue_getter_status_matrix.sh[2335694]:     "playlist.smart_date_format.date_created_nonleap_feb_30_equal": 6954,
Oct 02 03:18:31 server record_context_hot_cue_getter_status_matrix.sh[2335694]:     "playlist.smart_date_format.date_created_nonleap_feb_31_equal": 6955,
Oct 02 03:18:31 server record_context_hot_cue_getter_status_matrix.sh[2335694]:     "playlist.smart_date_format.date_created_april_31_equal": 6956,
Oct 02 03:18:31 server record_context_hot_cue_getter_status_matrix.sh[2335694]:     "playlist.smart_date_format.date_created_month_zero_equal": 6957,
Oct 02 03:18:31 server record_context_hot_cue_getter_status_matrix.sh[2335694]:     "playlist.smart_date_format.date_created_month_13_equal": 6958,
Oct 02 03:18:31 server record_context_hot_cue_getter_status_matrix.sh[2335694]:     "playlist.smart_date_format.date_created_day_zero_equal": 6959,
Oct 02 03:18:31 server record_context_hot_cue_getter_status_matrix.sh[2335694]:     "playlist.smart_date_format.date_created_day_32_equal": 6960,
Oct 02 03:18:31 server record_context_hot_cue_getter_status_matrix.sh[2335694]:     "playlist.smart_date_format.date_created_month_99_equal": 6961,
Oct 02 03:18:31 server record_context_hot_cue_getter_status_matrix.sh[2335694]:     "playlist.smart_date_format.date_created_day_99_equal": 6962,
Oct 02 03:18:31 server record_context_hot_cue_getter_status_matrix.sh[2335694]:     "playlist.smart_date_format.date_created_single_digit_month_equal": 6963,
Oct 02 03:18:31 server record_context_hot_cue_getter_status_matrix.sh[2335694]:     "playlist.smart_date_format.date_created_single_digit_day_equal": 6964,
Oct 02 03:18:31 server record_context_hot_cue_getter_status_matrix.sh[2335694]:     "playlist.smart_date_format.date_created_five_digit_year_equal": 6965,
Oct 02 03:18:31 server record_context_hot_cue_getter_status_matrix.sh[2335694]:     "playlist.smart_date_format.date_created_timestamp_t_equal": 6966,
Oct 02 03:18:31 server record_context_hot_cue_getter_status_matrix.sh[2335694]:     "playlist.smart_date_format.date_created_timestamp_space_equal": 6967,
Oct 02 03:18:31 server record_context_hot_cue_getter_status_matrix.sh[2335694]:     "playlist.smart_date_format.date_created_leading_space_equal": 6968,
Oct 02 03:18:31 server record_context_hot_cue_getter_status_matrix.sh[2335694]:     "playlist.smart_date_format.date_created_trailing_space_equal": 6969,
Oct 02 03:18:31 server record_context_hot_cue_getter_status_matrix.sh[2335694]:     "playlist.smart_date_format.date_created_not_a_date_equal": 6970,
Oct 02 03:18:31 server record_context_hot_cue_getter_status_matrix.sh[2335694]:     "playlist.smart_date_format.date_created_ascii_letters_equal": 6971,
Oct 02 03:18:31 server record_context_hot_cue_getter_status_matrix.sh[2335694]:     "playlist.smart_date_format.date_created_zero_digits_equal": 6972,
Oct 02 03:18:31 server record_context_hot_cue_getter_status_matrix.sh[2335694]:     "playlist.smart_date_format.date_created_letter_in_year_equal": 6973,
Oct 02 03:18:31 server record_context_hot_cue_getter_status_matrix.sh[2335694]:     "playlist.smart_date_format.date_created_plus_year_equal": 6974,
Oct 02 03:18:31 server record_context_hot_cue_getter_status_matrix.sh[2335694]:     "playlist.smart_date_format.date_created_minus_year_equal": 6975,
Oct 02 03:18:31 server record_context_hot_cue_getter_status_matrix.sh[2335694]:     "playlist.smart_date_format.date_created_fullwidth_digits_equal": 6976,
Oct 02 03:18:31 server record_context_hot_cue_getter_status_matrix.sh[2335694]:     "playlist.smart_date_format.date_created_empty_equal": 6977,
Oct 02 03:18:31 server record_context_hot_cue_getter_status_matrix.sh[2335694]:     "playlist.smart_date_format.date_created_canonical_not_equal": 6978,
Oct 02 03:18:31 server record_context_hot_cue_getter_status_matrix.sh[2335694]:     "playlist.smart_date_format.date_released_canonical_jan_31_equal": 6979,
Oct 02 03:18:31 server record_context_hot_cue_getter_status_matrix.sh[2335694]:     "playlist.smart_date_format.date_released_canonical_leap_day_equal": 6980,
Oct 02 03:18:31 server record_context_hot_cue_getter_status_matrix.sh[2335694]:     "playlist.smart_date_format.date_released_canonical_epoch_equal": 6981,
Oct 02 03:18:31 server record_context_hot_cue_getter_status_matrix.sh[2335694]:     "playlist.smart_date_format.date_released_pre_epoch_equal": 6982,
Oct 02 03:18:31 server record_context_hot_cue_getter_status_matrix.sh[2335694]:     "playlist.smart_date_format.date_released_year_zero_equal": 6983,
Oct 02 03:18:31 server record_context_hot_cue_getter_status_matrix.sh[2335694]:     "playlist.smart_date_format.date_released_year_9999_equal": 6984,
Oct 02 03:18:31 server record_context_hot_cue_getter_status_matrix.sh[2335694]:     "playlist.smart_date_format.date_released_separator_slash_equal": 6985,
Oct 02 03:18:31 server record_context_hot_cue_getter_status_matrix.sh[2335694]:     "playlist.smart_date_format.date_released_separator_dot_equal": 6986,
Oct 02 03:18:31 server record_context_hot_cue_getter_status_matrix.sh[2335694]:     "playlist.smart_date_format.date_released_separator_space_equal": 6987,
Oct 02 03:18:31 server record_context_hot_cue_getter_status_matrix.sh[2335694]:     "playlist.smart_date_format.date_released_separator_letters_equal": 6988,
Oct 02 03:18:31 server record_context_hot_cue_getter_status_matrix.sh[2335694]:     "playlist.smart_date_format.date_released_separator_unicode_equal": 6989,
Oct 02 03:18:31 server record_context_hot_cue_getter_status_matrix.sh[2335694]:     "playlist.smart_date_format.date_released_separator_newline_equal": 6990,
Oct 02 03:18:31 server record_context_hot_cue_getter_status_matrix.sh[2335694]:     "playlist.smart_date_format.date_released_nonleap_feb_29_equal": 6991,
Oct 02 03:18:31 server record_context_hot_cue_getter_status_matrix.sh[2335694]:     "playlist.smart_date_format.date_released_leap_feb_30_equal": 6992,
Oct 02 03:18:31 server record_context_hot_cue_getter_status_matrix.sh[2335694]:     "playlist.smart_date_format.date_released_nonleap_feb_30_equal": 6993,
Oct 02 03:18:31 server record_context_hot_cue_getter_status_matrix.sh[2335694]:     "playlist.smart_date_format.date_released_nonleap_feb_31_equal": 6994,
Oct 02 03:18:31 server record_context_hot_cue_getter_status_matrix.sh[2335694]:     "playlist.smart_date_format.date_released_april_31_equal": 6995,
Oct 02 03:18:31 server record_context_hot_cue_getter_status_matrix.sh[2335694]:     "playlist.smart_date_format.date_released_month_zero_equal": 6996,
Oct 02 03:18:31 server record_context_hot_cue_getter_status_matrix.sh[2335694]:     "playlist.smart_date_format.date_released_month_13_equal": 6997,
Oct 02 03:18:31 server record_context_hot_cue_getter_status_matrix.sh[2335694]:     "playlist.smart_date_format.date_released_day_zero_equal": 6998,
Oct 02 03:18:31 server record_context_hot_cue_getter_status_matrix.sh[2335694]:     "playlist.smart_date_format.date_released_day_32_equal": 6999,
Oct 02 03:18:31 server record_context_hot_cue_getter_status_matrix.sh[2335694]:     "playlist.smart_date_format.date_released_month_99_equal": 7000,
Oct 02 03:18:31 server record_context_hot_cue_getter_status_matrix.sh[2335694]:     "playlist.smart_date_format.date_released_day_99_equal": 7001,
Oct 02 03:18:31 server record_context_hot_cue_getter_status_matrix.sh[2335694]:     "playlist.smart_date_format.date_released_single_digit_month_equal": 7002,
Oct 02 03:18:31 server record_context_hot_cue_getter_status_matrix.sh[2335694]:     "playlist.smart_date_format.date_released_single_digit_day_equal": 7003,
Oct 02 03:18:31 server record_context_hot_cue_getter_status_matrix.sh[2335694]:     "playlist.smart_date_format.date_released_five_digit_year_equal": 7004,
Oct 02 03:18:31 server record_context_hot_cue_getter_status_matrix.sh[2335694]:     "playlist.smart_date_format.date_released_timestamp_t_equal": 7005,
Oct 02 03:18:31 server record_context_hot_cue_getter_status_matrix.sh[2335694]:     "playlist.smart_date_format.date_released_timestamp_space_equal": 7006,
Oct 02 03:18:31 server record_context_hot_cue_getter_status_matrix.sh[2335694]:     "playlist.smart_date_format.date_released_leading_space_equal": 7007,
Oct 02 03:18:31 server record_context_hot_cue_getter_status_matrix.sh[2335694]:     "playlist.smart_date_format.date_released_trailing_space_equal": 7008,
Oct 02 03:18:31 server record_context_hot_cue_getter_status_matrix.sh[2335694]:     "playlist.smart_date_format.date_released_not_a_date_equal": 7009,
Oct 02 03:18:31 server record_context_hot_cue_getter_status_matrix.sh[2335694]:     "playlist.smart_date_format.date_released_ascii_letters_equal": 7010,
Oct 02 03:18:31 server record_context_hot_cue_getter_status_matrix.sh[2335694]:     "playlist.smart_date_format.date_released_zero_digits_equal": 7011,
Oct 02 03:18:31 server record_context_hot_cue_getter_status_matrix.sh[2335694]:     "playlist.smart_date_format.date_released_letter_in_year_equal": 7012,
Oct 02 03:18:31 server record_context_hot_cue_getter_status_matrix.sh[2335694]:     "playlist.smart_date_format.date_released_plus_year_equal": 7013,
Oct 02 03:18:31 server record_context_hot_cue_getter_status_matrix.sh[2335694]:     "playlist.smart_date_format.date_released_minus_year_equal": 7014,
Oct 02 03:18:31 server record_context_hot_cue_getter_status_matrix.sh[2335694]:     "playlist.smart_date_format.date_released_fullwidth_digits_equal": 7015,
Oct 02 03:18:31 server record_context_hot_cue_getter_status_matrix.sh[2335694]:     "playlist.smart_date_format.date_released_empty_equal": 7016,
Oct 02 03:18:31 server record_context_hot_cue_getter_status_matrix.sh[2335694]:     "playlist.smart_date_format.date_released_canonical_not_equal": 7017,
Oct 02 03:18:31 server record_context_hot_cue_getter_status_matrix.sh[2335694]:     "track.smart_text.alpha_upper": 12001,
Oct 02 03:18:31 server record_context_hot_cue_getter_status_matrix.sh[2335694]:     "track.smart_text.alpha_lower": 12002,
Oct 02 03:18:31 server record_context_hot_cue_getter_status_matrix.sh[2335694]:     "track.smart_text.alpha_acute_precomposed": 12003,
Oct 02 03:18:31 server record_context_hot_cue_getter_status_matrix.sh[2335694]:     "track.smart_text.alpha_acute_decomposed": 12004,
Oct 02 03:18:31 server record_context_hot_cue_getter_status_matrix.sh[2335694]:     "track.smart_text.alpha_diaeresis_upper": 12005,
Oct 02 03:18:31 server record_context_hot_cue_getter_status_matrix.sh[2335694]:     "track.smart_text.alpha_prefix": 12006,
Oct 02 03:18:31 server record_context_hot_cue_getter_status_matrix.sh[2335694]:     "track.smart_text.alpha_suffix": 12007,
Oct 02 03:18:31 server record_context_hot_cue_getter_status_matrix.sh[2335694]:     "track.smart_text.alpha_middle": 12008,
Oct 02 03:18:31 server record_context_hot_cue_getter_status_matrix.sh[2335694]:     "track.smart_text.alpha_spaced": 12009,
Oct 02 03:18:31 server record_context_hot_cue_getter_status_matrix.sh[2335694]:     "track.smart_text.empty": 12010,
Oct 02 03:18:31 server record_context_hot_cue_getter_status_matrix.sh[2335694]:     "track.smart_text.null": 12011,
Oct 02 03:18:31 server record_context_hot_cue_getter_status_matrix.sh[2335694]:     "track.smart_text.embedded_nul_suffix": 12012,
Oct 02 03:18:31 server record_context_hot_cue_getter_status_matrix.sh[2335694]:     "track.smart_text.embedded_nul_prefix": 12013,
Oct 02 03:18:31 server record_context_hot_cue_getter_status_matrix.sh[2335694]:     "track.smart_text.emoji_prefix": 12014,
Oct 02 03:18:31 server record_context_hot_cue_getter_status_matrix.sh[2335694]:     "track.smart_text.emoji_suffix": 12015,
Oct 02 03:18:31 server record_context_hot_cue_getter_status_matrix.sh[2335694]:     "track.smart_text.emoji_only": 12016,
Oct 02 03:18:31 server record_context_hot_cue_getter_status_matrix.sh[2335694]:     "track.smart_text.sharp_s": 12017,
Oct 02 03:18:31 server record_context_hot_cue_getter_status_matrix.sh[2335694]:     "track.smart_text.sharp_s_expanded": 12018,
Oct 02 03:18:31 server record_context_hot_cue_getter_status_matrix.sh[2335694]:     "track.smart_text.ligature": 12019,
Oct 02 03:18:31 server record_context_hot_cue_getter_status_matrix.sh[2335694]:     "track.smart_text.ligature_expanded": 12020,
Oct 02 03:18:31 server record_context_hot_cue_getter_status_matrix.sh[2335694]:     "track.smart_text.fullwidth": 12021,
Oct 02 03:18:31 server record_context_hot_cue_getter_status_matrix.sh[2335694]:     "track.smart_text.turkish_ascii": 12022,
Oct 02 03:18:31 server record_context_hot_cue_getter_status_matrix.sh[2335694]:     "track.smart_text.turkish_dotted": 12023,
Oct 02 03:18:31 server record_context_hot_cue_getter_status_matrix.sh[2335694]:     "track.smart_text.turkish_dotless": 12024,
Oct 02 03:18:31 server record_context_hot_cue_getter_status_matrix.sh[2335694]:     "track.smart_text.greek_upper": 12025,
Oct 02 03:18:31 server record_context_hot_cue_getter_status_matrix.sh[2335694]:     "track.smart_text.greek_sigma": 12026,
Oct 02 03:18:31 server record_context_hot_cue_getter_status_matrix.sh[2335694]:     "track.smart_text.greek_final_sigma": 12027,
Oct 02 03:18:31 server record_context_hot_cue_getter_status_matrix.sh[2335694]:     "track.smart_text.katakana": 12028,
Oct 02 03:18:31 server record_context_hot_cue_getter_status_matrix.sh[2335694]:     "track.smart_text.hiragana": 12029,
Oct 02 03:18:31 server record_context_hot_cue_getter_status_matrix.sh[2335694]:     "track.smart_text.combining_dot_acute": 12030,
Oct 02 03:18:31 server record_context_hot_cue_getter_status_matrix.sh[2335694]:     "track.smart_text.combining_acute_dot": 12031,
Oct 02 03:18:31 server record_context_hot_cue_getter_status_matrix.sh[2335694]:     "track.smart_text.punctuation_hyphen": 12032,
Oct 02 03:18:31 server record_context_hot_cue_getter_status_matrix.sh[2335694]:     "track.smart_text.punctuation_none": 12033,
Oct 02 03:18:31 server record_context_hot_cue_getter_status_matrix.sh[2335694]:     "track.smart_text.tab": 12034,
Oct 02 03:18:31 server record_context_hot_cue_getter_status_matrix.sh[2335694]:     "track.smart_text.newline": 12035,
Oct 02 03:18:31 server record_context_hot_cue_getter_status_matrix.sh[2335694]:     "track.smart_text.cyrillic_alpha": 12036,
Oct 02 03:18:31 server record_context_hot_cue_getter_status_matrix.sh[2335694]:     "track.smart_text.greek_alpha": 12037,
Oct 02 03:18:31 server record_context_hot_cue_getter_status_matrix.sh[2335694]:     "track.smart_text.trailing_combining": 12038,
Oct 02 03:18:31 server record_context_hot_cue_getter_status_matrix.sh[2335694]:     "track.smart_text.angstrom_sign": 12039,
Oct 02 03:18:31 server record_context_hot_cue_getter_status_matrix.sh[2335694]:     "track.smart_text.a_ring": 12040,
Oct 02 03:18:31 server record_context_hot_cue_getter_status_matrix.sh[2335694]:     "track.smart_text.ampersand": 12041,
Oct 02 03:18:31 server record_context_hot_cue_getter_status_matrix.sh[2335694]:     "track.smart_text.double_quote": 12042,
Oct 02 03:18:31 server record_context_hot_cue_getter_status_matrix.sh[2335694]:     "track.smart_text.apostrophe": 12043,
Oct 02 03:18:31 server record_context_hot_cue_getter_status_matrix.sh[2335694]:     "track.smart_string_property.alpha_upper": 13001,
Oct 02 03:18:31 server record_context_hot_cue_getter_status_matrix.sh[2335694]:     "track.smart_string_property.alpha_lower": 13002,
Oct 02 03:18:31 server record_context_hot_cue_getter_status_matrix.sh[2335694]:     "track.smart_string_property.alpha_acute_precomposed": 13003,
Oct 02 03:18:31 server record_context_hot_cue_getter_status_matrix.sh[2335694]:     "track.smart_string_property.alpha_acute_decomposed": 13004,
Oct 02 03:18:31 server record_context_hot_cue_getter_status_matrix.sh[2335694]:     "track.smart_string_property.fullwidth": 13005,
Oct 02 03:18:31 server record_context_hot_cue_getter_status_matrix.sh[2335694]:     "track.smart_string_property.alpha_prefix": 13006,
Oct 02 03:18:31 server record_context_hot_cue_getter_status_matrix.sh[2335694]:     "track.smart_string_property.alpha_suffix": 13007,
Oct 02 03:18:31 server record_context_hot_cue_getter_status_matrix.sh[2335694]:     "track.smart_string_property.beta": 13008,
Oct 02 03:18:31 server record_context_hot_cue_getter_status_matrix.sh[2335694]:     "track.smart_string_property.empty": 13009,
Oct 02 03:18:31 server record_context_hot_cue_getter_status_matrix.sh[2335694]:     "track.smart_string_property.null": 13010,
Oct 02 03:18:31 server record_context_hot_cue_getter_status_matrix.sh[2335694]:     "playlist.smart_string_property.artist_alpha_equal": 7201,
Oct 02 03:18:31 server record_context_hot_cue_getter_status_matrix.sh[2335694]:     "playlist.smart_string_property.artist_alpha_not_equal": 7202,
Oct 02 03:18:31 server record_context_hot_cue_getter_status_matrix.sh[2335694]:     "playlist.smart_string_property.artist_alpha_contains": 7203,
Oct 02 03:18:31 server record_context_hot_cue_getter_status_matrix.sh[2335694]:     "playlist.smart_string_property.artist_alpha_not_contains": 7204,
Oct 02 03:18:31 server record_context_hot_cue_getter_status_matrix.sh[2335694]:     "playlist.smart_string_property.artist_alpha_starts": 7205,
Oct 02 03:18:31 server record_context_hot_cue_getter_status_matrix.sh[2335694]:     "playlist.smart_string_property.artist_alpha_ends": 7206,
Oct 02 03:18:31 server record_context_hot_cue_getter_status_matrix.sh[2335694]:     "playlist.smart_string_property.artist_empty_equal": 7207,
Oct 02 03:18:31 server record_context_hot_cue_getter_status_matrix.sh[2335694]:     "playlist.smart_string_property.artist_empty_not_equal": 7208,
Oct 02 03:18:31 server record_context_hot_cue_getter_status_matrix.sh[2335694]:     "playlist.smart_string_property.album_alpha_equal": 7209,
Oct 02 03:18:31 server record_context_hot_cue_getter_status_matrix.sh[2335694]:     "playlist.smart_string_property.album_alpha_not_equal": 7210,
Oct 02 03:18:31 server record_context_hot_cue_getter_status_matrix.sh[2335694]:     "playlist.smart_string_property.album_alpha_contains": 7211,
Oct 02 03:18:31 server record_context_hot_cue_getter_status_matrix.sh[2335694]:     "playlist.smart_string_property.album_alpha_not_contains": 7212,
Oct 02 03:18:31 server record_context_hot_cue_getter_status_matrix.sh[2335694]:     "playlist.smart_string_property.album_alpha_starts": 7213,
Oct 02 03:18:31 server record_context_hot_cue_getter_status_matrix.sh[2335694]:     "playlist.smart_string_property.album_alpha_ends": 7214,
Oct 02 03:18:31 server record_context_hot_cue_getter_status_matrix.sh[2335694]:     "playlist.smart_string_property.album_empty_equal": 7215,
Oct 02 03:18:31 server record_context_hot_cue_getter_status_matrix.sh[2335694]:     "playlist.smart_string_property.album_empty_not_equal": 7216,
Oct 02 03:18:31 server record_context_hot_cue_getter_status_matrix.sh[2335694]:     "playlist.smart_string_property.album_artist_alpha_equal": 7217,
Oct 02 03:18:31 server record_context_hot_cue_getter_status_matrix.sh[2335694]:     "playlist.smart_string_property.album_artist_alpha_not_equal": 7218,
Oct 02 03:18:31 server record_context_hot_cue_getter_status_matrix.sh[2335694]:     "playlist.smart_string_property.album_artist_alpha_contains": 7219,
Oct 02 03:18:31 server record_context_hot_cue_getter_status_matrix.sh[2335694]:     "playlist.smart_string_property.album_artist_alpha_not_contains": 7220,
Oct 02 03:18:31 server record_context_hot_cue_getter_status_matrix.sh[2335694]:     "playlist.smart_string_property.album_artist_alpha_starts": 7221,
Oct 02 03:18:31 server record_context_hot_cue_getter_status_matrix.sh[2335694]:     "playlist.smart_string_property.album_artist_alpha_ends": 7222,
Oct 02 03:18:31 server record_context_hot_cue_getter_status_matrix.sh[2335694]:     "playlist.smart_string_property.album_artist_empty_equal": 7223,
Oct 02 03:18:31 server record_context_hot_cue_getter_status_matrix.sh[2335694]:     "playlist.smart_string_property.album_artist_empty_not_equal": 7224,
Oct 02 03:18:31 server record_context_hot_cue_getter_status_matrix.sh[2335694]:     "playlist.smart_string_property.original_artist_alpha_equal": 7225,
Oct 02 03:18:31 server record_context_hot_cue_getter_status_matrix.sh[2335694]:     "playlist.smart_string_property.original_artist_alpha_not_equal": 7226,
Oct 02 03:18:31 server record_context_hot_cue_getter_status_matrix.sh[2335694]:     "playlist.smart_string_property.original_artist_alpha_contains": 7227,
Oct 02 03:18:31 server record_context_hot_cue_getter_status_matrix.sh[2335694]:     "playlist.smart_string_property.original_artist_alpha_not_contains": 7228,
Oct 02 03:18:31 server record_context_hot_cue_getter_status_matrix.sh[2335694]:     "playlist.smart_string_property.original_artist_alpha_starts": 7229,
Oct 02 03:18:31 server record_context_hot_cue_getter_status_matrix.sh[2335694]:     "playlist.smart_string_property.original_artist_alpha_ends": 7230,
Oct 02 03:18:31 server record_context_hot_cue_getter_status_matrix.sh[2335694]:     "playlist.smart_string_property.original_artist_empty_equal": 7231,
Oct 02 03:18:31 server record_context_hot_cue_getter_status_matrix.sh[2335694]:     "playlist.smart_string_property.original_artist_empty_not_equal": 7232,
Oct 02 03:18:31 server record_context_hot_cue_getter_status_matrix.sh[2335694]:     "playlist.smart_string_property.producer_alpha_equal": 7233,
Oct 02 03:18:31 server record_context_hot_cue_getter_status_matrix.sh[2335694]:     "playlist.smart_string_property.producer_alpha_not_equal": 7234,
Oct 02 03:18:31 server record_context_hot_cue_getter_status_matrix.sh[2335694]:     "playlist.smart_string_property.producer_alpha_contains": 7235,
Oct 02 03:18:31 server record_context_hot_cue_getter_status_matrix.sh[2335694]:     "playlist.smart_string_property.producer_alpha_not_contains": 7236,
Oct 02 03:18:31 server record_context_hot_cue_getter_status_matrix.sh[2335694]:     "playlist.smart_string_property.producer_alpha_starts": 7237,
Oct 02 03:18:31 server record_context_hot_cue_getter_status_matrix.sh[2335694]:     "playlist.smart_string_property.producer_alpha_ends": 7238,
Oct 02 03:18:31 server record_context_hot_cue_getter_status_matrix.sh[2335694]:     "playlist.smart_string_property.producer_empty_equal": 7239,
Oct 02 03:18:31 server record_context_hot_cue_getter_status_matrix.sh[2335694]:     "playlist.smart_string_property.producer_empty_not_equal": 7240,
Oct 02 03:18:31 server record_context_hot_cue_getter_status_matrix.sh[2335694]:     "playlist.smart_string_property.genre_alpha_equal": 7241,
Oct 02 03:18:31 server record_context_hot_cue_getter_status_matrix.sh[2335694]:     "playlist.smart_string_property.genre_alpha_not_equal": 7242,
Oct 02 03:18:31 server record_context_hot_cue_getter_status_matrix.sh[2335694]:     "playlist.smart_string_property.genre_alpha_contains": 7243,
Oct 02 03:18:31 server record_context_hot_cue_getter_status_matrix.sh[2335694]:     "playlist.smart_string_property.genre_alpha_not_contains": 7244,
Oct 02 03:18:31 server record_context_hot_cue_getter_status_matrix.sh[2335694]:     "playlist.smart_string_property.genre_alpha_starts": 7245,
Oct 02 03:18:31 server record_context_hot_cue_getter_status_matrix.sh[2335694]:     "playlist.smart_string_property.genre_alpha_ends": 7246,
Oct 02 03:18:31 server record_context_hot_cue_getter_status_matrix.sh[2335694]:     "playlist.smart_string_property.genre_empty_equal": 7247,
Oct 02 03:18:31 server record_context_hot_cue_getter_status_matrix.sh[2335694]:     "playlist.smart_string_property.genre_empty_not_equal": 7248,
Oct 02 03:18:31 server record_context_hot_cue_getter_status_matrix.sh[2335694]:     "playlist.smart_string_property.key_alpha_equal": 7249,
Oct 02 03:18:31 server record_context_hot_cue_getter_status_matrix.sh[2335694]:     "playlist.smart_string_property.key_alpha_not_equal": 7250,
Oct 02 03:18:31 server record_context_hot_cue_getter_status_matrix.sh[2335694]:     "playlist.smart_string_property.key_alpha_contains": 7251,
Oct 02 03:18:31 server record_context_hot_cue_getter_status_matrix.sh[2335694]:     "playlist.smart_string_property.key_alpha_not_contains": 7252,
Oct 02 03:18:31 server record_context_hot_cue_getter_status_matrix.sh[2335694]:     "playlist.smart_string_property.key_alpha_starts": 7253,
Oct 02 03:18:31 server record_context_hot_cue_getter_status_matrix.sh[2335694]:     "playlist.smart_string_property.key_alpha_ends": 7254,
Oct 02 03:18:31 server record_context_hot_cue_getter_status_matrix.sh[2335694]:     "playlist.smart_string_property.key_empty_equal": 7255,
Oct 02 03:18:31 server record_context_hot_cue_getter_status_matrix.sh[2335694]:     "playlist.smart_string_property.key_empty_not_equal": 7256,
Oct 02 03:18:31 server record_context_hot_cue_getter_status_matrix.sh[2335694]:     "playlist.smart_string_property.label_alpha_equal": 7257,
Oct 02 03:18:31 server record_context_hot_cue_getter_status_matrix.sh[2335694]:     "playlist.smart_string_property.label_alpha_not_equal": 7258,
Oct 02 03:18:31 server record_context_hot_cue_getter_status_matrix.sh[2335694]:     "playlist.smart_string_property.label_alpha_contains": 7259,
Oct 02 03:18:31 server record_context_hot_cue_getter_status_matrix.sh[2335694]:     "playlist.smart_string_property.label_alpha_not_contains": 7260,
Oct 02 03:18:31 server record_context_hot_cue_getter_status_matrix.sh[2335694]:     "playlist.smart_string_property.label_alpha_starts": 7261,
Oct 02 03:18:31 server record_context_hot_cue_getter_status_matrix.sh[2335694]:     "playlist.smart_string_property.label_alpha_ends": 7262,
Oct 02 03:18:31 server record_context_hot_cue_getter_status_matrix.sh[2335694]:     "playlist.smart_string_property.label_empty_equal": 7263,
Oct 02 03:18:31 server record_context_hot_cue_getter_status_matrix.sh[2335694]:     "playlist.smart_string_property.label_empty_not_equal": 7264,
Oct 02 03:18:31 server record_context_hot_cue_getter_status_matrix.sh[2335694]:     "playlist.smart_string_property.remixed_by_alpha_equal": 7265,
Oct 02 03:18:31 server record_context_hot_cue_getter_status_matrix.sh[2335694]:     "playlist.smart_string_property.remixed_by_alpha_not_equal": 7266,
Oct 02 03:18:31 server record_context_hot_cue_getter_status_matrix.sh[2335694]:     "playlist.smart_string_property.remixed_by_alpha_contains": 7267,
Oct 02 03:18:31 server record_context_hot_cue_getter_status_matrix.sh[2335694]:     "playlist.smart_string_property.remixed_by_alpha_not_contains": 7268,
Oct 02 03:18:31 server record_context_hot_cue_getter_status_matrix.sh[2335694]:     "playlist.smart_string_property.remixed_by_alpha_starts": 7269,
Oct 02 03:18:31 server record_context_hot_cue_getter_status_matrix.sh[2335694]:     "playlist.smart_string_property.remixed_by_alpha_ends": 7270,
Oct 02 03:18:31 server record_context_hot_cue_getter_status_matrix.sh[2335694]:     "playlist.smart_string_property.remixed_by_empty_equal": 7271,
Oct 02 03:18:31 server record_context_hot_cue_getter_status_matrix.sh[2335694]:     "playlist.smart_string_property.remixed_by_empty_not_equal": 7272,
Oct 02 03:18:31 server record_context_hot_cue_getter_status_matrix.sh[2335694]:     "playlist.smart_string_property.comments_alpha_equal": 7273,
Oct 02 03:18:31 server record_context_hot_cue_getter_status_matrix.sh[2335694]:     "playlist.smart_string_property.comments_alpha_not_equal": 7274,
Oct 02 03:18:31 server record_context_hot_cue_getter_status_matrix.sh[2335694]:     "playlist.smart_string_property.comments_alpha_contains": 7275,
Oct 02 03:18:31 server record_context_hot_cue_getter_status_matrix.sh[2335694]:     "playlist.smart_string_property.comments_alpha_not_contains": 7276,
Oct 02 03:18:31 server record_context_hot_cue_getter_status_matrix.sh[2335694]:     "playlist.smart_string_property.comments_alpha_starts": 7277,
Oct 02 03:18:31 server record_context_hot_cue_getter_status_matrix.sh[2335694]:     "playlist.smart_string_property.comments_alpha_ends": 7278,
Oct 02 03:18:31 server record_context_hot_cue_getter_status_matrix.sh[2335694]:     "playlist.smart_string_property.comments_empty_equal": 7279,
Oct 02 03:18:31 server record_context_hot_cue_getter_status_matrix.sh[2335694]:     "playlist.smart_string_property.comments_empty_not_equal": 7280,
Oct 02 03:18:31 server record_context_hot_cue_getter_status_matrix.sh[2335694]:     "playlist.smart_string_property.file_name_alpha_equal": 7281,
Oct 02 03:18:31 server record_context_hot_cue_getter_status_matrix.sh[2335694]:     "playlist.smart_string_property.file_name_alpha_not_equal": 7282,
Oct 02 03:18:31 server record_context_hot_cue_getter_status_matrix.sh[2335694]:     "playlist.smart_string_property.file_name_alpha_contains": 7283,
Oct 02 03:18:31 server record_context_hot_cue_getter_status_matrix.sh[2335694]:     "playlist.smart_string_property.file_name_alpha_not_contains": 7284,
Oct 02 03:18:31 server record_context_hot_cue_getter_status_matrix.sh[2335694]:     "playlist.smart_string_property.file_name_alpha_starts": 7285,
Oct 02 03:18:31 server record_context_hot_cue_getter_status_matrix.sh[2335694]:     "playlist.smart_string_property.file_name_alpha_ends": 7286,
Oct 02 03:18:31 server record_context_hot_cue_getter_status_matrix.sh[2335694]:     "playlist.smart_string_property.file_name_empty_equal": 7287,
Oct 02 03:18:31 server record_context_hot_cue_getter_status_matrix.sh[2335694]:     "playlist.smart_string_property.file_name_empty_not_equal": 7288,
Oct 02 03:18:31 server record_context_hot_cue_getter_status_matrix.sh[2335694]:     "playlist.smart_string_property.mix_name_alpha_equal": 7289,
Oct 02 03:18:31 server record_context_hot_cue_getter_status_matrix.sh[2335694]:     "playlist.smart_string_property.mix_name_alpha_not_equal": 7290,
Oct 02 03:18:31 server record_context_hot_cue_getter_status_matrix.sh[2335694]:     "playlist.smart_string_property.mix_name_alpha_contains": 7291,
Oct 02 03:18:31 server record_context_hot_cue_getter_status_matrix.sh[2335694]:     "playlist.smart_string_property.mix_name_alpha_not_contains": 7292,
Oct 02 03:18:31 server record_context_hot_cue_getter_status_matrix.sh[2335694]:     "playlist.smart_string_property.mix_name_alpha_starts": 7293,
Oct 02 03:18:31 server record_context_hot_cue_getter_status_matrix.sh[2335694]:     "playlist.smart_string_property.mix_name_alpha_ends": 7294,
Oct 02 03:18:31 server record_context_hot_cue_getter_status_matrix.sh[2335694]:     "playlist.smart_string_property.mix_name_empty_equal": 7295,
Oct 02 03:18:31 server record_context_hot_cue_getter_status_matrix.sh[2335694]:     "playlist.smart_string_property.mix_name_empty_not_equal": 7296,
Oct 02 03:18:31 server record_context_hot_cue_getter_status_matrix.sh[2335694]:     "playlist.smart_string_property.name_alpha_equal": 7297,
Oct 02 03:18:31 server record_context_hot_cue_getter_status_matrix.sh[2335694]:     "playlist.smart_string_property.name_alpha_not_equal": 7298,
Oct 02 03:18:31 server record_context_hot_cue_getter_status_matrix.sh[2335694]:     "playlist.smart_string_property.name_alpha_contains": 7299,
Oct 02 03:18:31 server record_context_hot_cue_getter_status_matrix.sh[2335694]:     "playlist.smart_string_property.name_alpha_not_contains": 7300,
Oct 02 03:18:31 server record_context_hot_cue_getter_status_matrix.sh[2335694]:     "playlist.smart_string_property.name_alpha_starts": 7301,
Oct 02 03:18:31 server record_context_hot_cue_getter_status_matrix.sh[2335694]:     "playlist.smart_string_property.name_alpha_ends": 7302,
Oct 02 03:18:31 server record_context_hot_cue_getter_status_matrix.sh[2335694]:     "playlist.smart_string_property.name_empty_equal": 7303,
Oct 02 03:18:31 server record_context_hot_cue_getter_status_matrix.sh[2335694]:     "playlist.smart_string_property.name_empty_not_equal": 7304,
Oct 02 03:18:31 server record_context_hot_cue_getter_status_matrix.sh[2335694]:     "track.smart_mytag.tag_one": 19001,
Oct 02 03:18:31 server record_context_hot_cue_getter_status_matrix.sh[2335694]:     "track.smart_mytag.tag_int32_max": 19002,
Oct 02 03:18:31 server record_context_hot_cue_getter_status_matrix.sh[2335694]:     "track.smart_mytag.tag_high_bit": 19003,
Oct 02 03:18:31 server record_context_hot_cue_getter_status_matrix.sh[2335694]:     "track.smart_mytag.tag_uint32_max": 19004,
Oct 02 03:18:31 server record_context_hot_cue_getter_status_matrix.sh[2335694]:     "track.smart_mytag.tag_zero": 19005,
Oct 02 03:18:31 server record_context_hot_cue_getter_status_matrix.sh[2335694]:     "track.smart_mytag.tag_one_high_bit": 19006,
Oct 02 03:18:31 server record_context_hot_cue_getter_status_matrix.sh[2335694]:     "track.smart_mytag.tag_high_bit_uint32_max": 19007,
Oct 02 03:18:31 server record_context_hot_cue_getter_status_matrix.sh[2335694]:     "track.smart_mytag.untagged": 19008,
Oct 02 03:18:31 server record_context_hot_cue_getter_status_matrix.sh[2335694]:     "playlist.smart_mytag.operator_01": 7401,
Oct 02 03:18:31 server record_context_hot_cue_getter_status_matrix.sh[2335694]:     "playlist.smart_mytag.operator_02": 7402,
Oct 02 03:18:31 server record_context_hot_cue_getter_status_matrix.sh[2335694]:     "playlist.smart_mytag.operator_03": 7403,
Oct 02 03:18:31 server record_context_hot_cue_getter_status_matrix.sh[2335694]:     "playlist.smart_mytag.operator_04": 7404,
Oct 02 03:18:31 server record_context_hot_cue_getter_status_matrix.sh[2335694]:     "playlist.smart_mytag.operator_05": 7405,
Oct 02 03:18:31 server record_context_hot_cue_getter_status_matrix.sh[2335694]:     "playlist.smart_mytag.operator_06": 7406,
Oct 02 03:18:31 server record_context_hot_cue_getter_status_matrix.sh[2335694]:     "playlist.smart_mytag.operator_07": 7407,
Oct 02 03:18:31 server record_context_hot_cue_getter_status_matrix.sh[2335694]:     "playlist.smart_mytag.operator_08": 7408,
Oct 02 03:18:31 server record_context_hot_cue_getter_status_matrix.sh[2335694]:     "playlist.smart_mytag.operator_09": 7409,
Oct 02 03:18:31 server record_context_hot_cue_getter_status_matrix.sh[2335694]:     "playlist.smart_mytag.operator_10": 7410,
Oct 02 03:18:31 server record_context_hot_cue_getter_status_matrix.sh[2335694]:     "playlist.smart_mytag.operator_11": 7411,
Oct 02 03:18:31 server record_context_hot_cue_getter_status_matrix.sh[2335694]:     "playlist.smart_mytag.zero_operator_08": 7412,
Oct 02 03:18:31 server record_context_hot_cue_getter_status_matrix.sh[2335694]:     "playlist.smart_mytag.zero_operator_09": 7413,
Oct 02 03:18:31 server record_context_hot_cue_getter_status_matrix.sh[2335694]:     "playlist.smart_mytag.int32_max_operator_08": 7414,
Oct 02 03:18:31 server record_context_hot_cue_getter_status_matrix.sh[2335694]:     "playlist.smart_mytag.int32_max_operator_09": 7415,
Oct 02 03:18:31 server record_context_hot_cue_getter_status_matrix.sh[2335694]:     "playlist.smart_mytag.high_bit_raw_operator_08": 7416,
Oct 02 03:18:31 server record_context_hot_cue_getter_status_matrix.sh[2335694]:     "playlist.smart_mytag.high_bit_raw_operator_09": 7417,
Oct 02 03:18:31 server record_context_hot_cue_getter_status_matrix.sh[2335694]:     "playlist.smart_mytag.uint32_max_operator_08": 7418,
Oct 02 03:18:31 server record_context_hot_cue_getter_status_matrix.sh[2335694]:     "playlist.smart_mytag.uint32_max_operator_09": 7419,
Oct 02 03:18:31 server record_context_hot_cue_getter_status_matrix.sh[2335694]:     "playlist.smart_mytag.minus_one_operator_08": 7420,
Oct 02 03:18:31 server record_context_hot_cue_getter_status_matrix.sh[2335694]:     "playlist.smart_mytag.minus_one_operator_09": 7421,
Oct 02 03:18:31 server record_context_hot_cue_getter_status_matrix.sh[2335694]:     "playlist.smart_mytag.int32_min_operator_08": 7422,
Oct 02 03:18:31 server record_context_hot_cue_getter_status_matrix.sh[2335694]:     "playlist.smart_mytag.int32_min_operator_09": 7423,
Oct 02 03:18:31 server record_context_hot_cue_getter_status_matrix.sh[2335694]:     "playlist.smart_mytag.uint32_overflow_operator_08": 7424,
Oct 02 03:18:31 server record_context_hot_cue_getter_status_matrix.sh[2335694]:     "playlist.smart_mytag.uint32_overflow_operator_09": 7425,
Oct 02 03:18:31 server record_context_hot_cue_getter_status_matrix.sh[2335694]:     "playlist.smart_mytag.negative_overflow_operator_08": 7426,
Oct 02 03:18:31 server record_context_hot_cue_getter_status_matrix.sh[2335694]:     "playlist.smart_mytag.negative_overflow_operator_09": 7427,
Oct 02 03:18:31 server record_context_hot_cue_getter_status_matrix.sh[2335694]:     "playlist.smart_mytag.blank_operator_08": 7428,
Oct 02 03:18:31 server record_context_hot_cue_getter_status_matrix.sh[2335694]:     "playlist.smart_mytag.blank_operator_09": 7429,
Oct 02 03:18:31 server record_context_hot_cue_getter_status_matrix.sh[2335694]:     "playlist.smart_mytag.invalid_operator_08": 7430,
Oct 02 03:18:31 server record_context_hot_cue_getter_status_matrix.sh[2335694]:     "playlist.smart_mytag.invalid_operator_09": 7431,
Oct 02 03:18:31 server record_context_hot_cue_getter_status_matrix.sh[2335694]:     "playlist.smart_mytag.leading_zero_one_operator_08": 7432,
Oct 02 03:18:31 server record_context_hot_cue_getter_status_matrix.sh[2335694]:     "playlist.smart_mytag.leading_zero_one_operator_09": 7433,
Oct 02 03:18:31 server record_context_hot_cue_getter_status_matrix.sh[2335694]:     "playlist.smart_mytag.plus_one_operator_08": 7434,
Oct 02 03:18:31 server record_context_hot_cue_getter_status_matrix.sh[2335694]:     "playlist.smart_mytag.plus_one_operator_09": 7435,
Oct 02 03:18:31 server record_context_hot_cue_getter_status_matrix.sh[2335694]:     "playlist.smart_mytag.spaced_one_operator_08": 7436,
Oct 02 03:18:31 server record_context_hot_cue_getter_status_matrix.sh[2335694]:     "playlist.smart_mytag.spaced_one_operator_09": 7437,
Oct 02 03:18:31 server record_context_hot_cue_getter_status_matrix.sh[2335694]:     "playlist.smart_mytag.hex_one_operator_08": 7438,
Oct 02 03:18:31 server record_context_hot_cue_getter_status_matrix.sh[2335694]:     "playlist.smart_mytag.hex_one_operator_09": 7439,
Oct 02 03:18:31 server record_context_hot_cue_getter_status_matrix.sh[2335694]:     "playlist.smart_mytag.comma_pair_operator_08": 7440,
Oct 02 03:18:31 server record_context_hot_cue_getter_status_matrix.sh[2335694]:     "playlist.smart_mytag.comma_pair_operator_09": 7441,
Oct 02 03:18:31 server record_context_hot_cue_getter_status_matrix.sh[2335694]:     "playlist.smart_mytag.value_right_ignored": 7442,
Oct 02 03:18:31 server record_context_hot_cue_getter_status_matrix.sh[2335694]:     "playlist.smart_mytag.value_unit_ignored": 7443,
Oct 02 03:18:31 server record_context_hot_cue_getter_status_matrix.sh[2335694]:     "playlist.smart_mytag.all_contains_one_high_bit": 7444,
Oct 02 03:18:31 server record_context_hot_cue_getter_status_matrix.sh[2335694]:     "playlist.smart_mytag.any_contains_one_high_bit": 7445,
Oct 02 03:18:31 server record_context_hot_cue_getter_status_matrix.sh[2335694]:     "playlist.smart_mytag.all_not_contains_one_high_bit": 7446,
Oct 02 03:18:31 server record_context_hot_cue_getter_status_matrix.sh[2335694]:     "playlist.smart_mytag.any_not_contains_one_high_bit": 7447,
Oct 02 03:18:31 server record_context_hot_cue_getter_status_matrix.sh[2335694]:     "playlist.smart_mytag.all_contains_one_not_high_bit": 7448,
Oct 02 03:18:31 server record_context_hot_cue_getter_status_matrix.sh[2335694]:     "playlist.smart_mytag.any_contains_one_not_high_bit": 7449,
Oct 02 03:18:31 server record_context_hot_cue_getter_status_matrix.sh[2335694]:     "playlist.smart_xml.canonical_house": 7501,
Oct 02 03:18:31 server record_context_hot_cue_getter_status_matrix.sh[2335694]:     "playlist.smart_xml.lowercase_elements": 7502,
Oct 02 03:18:31 server record_context_hot_cue_getter_status_matrix.sh[2335694]:     "playlist.smart_xml.mixedcase_elements": 7503,
Oct 02 03:18:31 server record_context_hot_cue_getter_status_matrix.sh[2335694]:     "playlist.smart_xml.xml_declaration": 7504,
Oct 02 03:18:31 server record_context_hot_cue_getter_status_matrix.sh[2335694]:     "playlist.smart_xml.xml_declaration_encoding": 7505,
Oct 02 03:18:31 server record_context_hot_cue_getter_status_matrix.sh[2335694]:     "playlist.smart_xml.leading_bom": 7506,
Oct 02 03:18:31 server record_context_hot_cue_getter_status_matrix.sh[2335694]:     "playlist.smart_xml.leading_comment": 7507,
Oct 02 03:18:31 server record_context_hot_cue_getter_status_matrix.sh[2335694]:     "playlist.smart_xml.leading_processing_instruction": 7508,
Oct 02 03:18:31 server record_context_hot_cue_getter_status_matrix.sh[2335694]:     "playlist.smart_xml.trailing_comment": 7509,
Oct 02 03:18:31 server record_context_hot_cue_getter_status_matrix.sh[2335694]:     "playlist.smart_xml.surrounding_whitespace": 7510,
Oct 02 03:18:31 server record_context_hot_cue_getter_status_matrix.sh[2335694]:     "playlist.smart_xml.reordered_attributes": 7511,
Oct 02 03:18:31 server record_context_hot_cue_getter_status_matrix.sh[2335694]:     "playlist.smart_xml.single_quoted_attributes": 7512,
Oct 02 03:18:31 server record_context_hot_cue_getter_status_matrix.sh[2335694]:     "playlist.smart_xml.decimal_character_reference": 7513,
Oct 02 03:18:31 server record_context_hot_cue_getter_status_matrix.sh[2335694]:     "playlist.smart_xml.hex_character_reference": 7514,
Oct 02 03:18:31 server record_context_hot_cue_getter_status_matrix.sh[2335694]:     "playlist.smart_xml.empty_string": 7515,
Oct 02 03:18:31 server record_context_hot_cue_getter_status_matrix.sh[2335694]:     "playlist.smart_xml.whitespace_only": 7516,
Oct 02 03:18:31 server record_context_hot_cue_getter_status_matrix.sh[2335694]:     "playlist.smart_xml.text_only": 7517,
Oct 02 03:18:31 server record_context_hot_cue_getter_status_matrix.sh[2335694]:     "playlist.smart_xml.malformed_open": 7518,
Oct 02 03:18:31 server record_context_hot_cue_getter_status_matrix.sh[2335694]:     "playlist.smart_xml.unclosed_root": 7519,
Oct 02 03:18:31 server record_context_hot_cue_getter_status_matrix.sh[2335694]:     "playlist.smart_xml.mismatched_close": 7520,
Oct 02 03:18:31 server record_context_hot_cue_getter_status_matrix.sh[2335694]:     "playlist.smart_xml.unclosed_condition": 7521,
Oct 02 03:18:31 server record_context_hot_cue_getter_status_matrix.sh[2335694]:     "playlist.smart_xml.missing_attribute_quote": 7522,
Oct 02 03:18:31 server record_context_hot_cue_getter_status_matrix.sh[2335694]:     "playlist.smart_xml.unescaped_ampersand": 7523,
Oct 02 03:18:31 server record_context_hot_cue_getter_status_matrix.sh[2335694]:     "playlist.smart_xml.unknown_entity": 7524,
Oct 02 03:18:31 server record_context_hot_cue_getter_status_matrix.sh[2335694]:     "playlist.smart_xml.invalid_numeric_entity": 7525,
Oct 02 03:18:31 server record_context_hot_cue_getter_status_matrix.sh[2335694]:     "playlist.smart_xml.wrapper_root": 7526,
Oct 02 03:18:31 server record_context_hot_cue_getter_status_matrix.sh[2335694]:     "playlist.smart_xml.namespaced_root": 7527,
Oct 02 03:18:31 server record_context_hot_cue_getter_status_matrix.sh[2335694]:     "playlist.smart_xml.condition_as_root": 7528,
Oct 02 03:18:31 server record_context_hot_cue_getter_status_matrix.sh[2335694]:     "playlist.smart_xml.self_closing_node": 7529,
Oct 02 03:18:31 server record_context_hot_cue_getter_status_matrix.sh[2335694]:     "playlist.smart_xml.text_child_only": 7530,
Oct 02 03:18:31 server record_context_hot_cue_getter_status_matrix.sh[2335694]:     "playlist.smart_xml.comment_child_only": 7531,
Oct 02 03:18:31 server record_context_hot_cue_getter_status_matrix.sh[2335694]:     "playlist.smart_xml.cdata_child_only": 7532,
Oct 02 03:18:31 server record_context_hot_cue_getter_status_matrix.sh[2335694]:     "playlist.smart_xml.unknown_child": 7533,
Oct 02 03:18:31 server record_context_hot_cue_getter_status_matrix.sh[2335694]:     "playlist.smart_xml.unknown_wrapper_condition": 7534,
Oct 02 03:18:31 server record_context_hot_cue_getter_status_matrix.sh[2335694]:     "playlist.smart_xml.nested_node_only": 7535,
Oct 02 03:18:31 server record_context_hot_cue_getter_status_matrix.sh[2335694]:     "playlist.smart_xml.nested_then_direct_house": 7536,
Oct 02 03:18:31 server record_context_hot_cue_getter_status_matrix.sh[2335694]:     "playlist.smart_xml.direct_house_then_nested_techno": 7537,
Oct 02 03:18:31 server record_context_hot_cue_getter_status_matrix.sh[2335694]:     "playlist.smart_xml.two_direct_all": 7538,
Oct 02 03:18:31 server record_context_hot_cue_getter_status_matrix.sh[2335694]:     "playlist.smart_xml.two_direct_any": 7539,
Oct 02 03:18:31 server record_context_hot_cue_getter_status_matrix.sh[2335694]:     "playlist.smart_xml.condition_before_node": 7540,
Oct 02 03:18:31 server record_context_hot_cue_getter_status_matrix.sh[2335694]:     "playlist.smart_xml.two_roots_house_then_techno": 7541,
Oct 02 03:18:31 server record_context_hot_cue_getter_status_matrix.sh[2335694]:     "playlist.smart_xml.valid_root_trailing_text": 7542,
Oct 02 03:18:31 server record_context_hot_cue_getter_status_matrix.sh[2335694]:     "playlist.smart_xml.leading_text_valid_root": 7543,
Oct 02 03:18:31 server record_context_hot_cue_getter_status_matrix.sh[2335694]:     "playlist.smart_xml.missing_logical_operator": 7544,
Oct 02 03:18:31 server record_context_hot_cue_getter_status_matrix.sh[2335694]:     "playlist.smart_xml.blank_logical_operator": 7545,
Oct 02 03:18:31 server record_context_hot_cue_getter_status_matrix.sh[2335694]:     "playlist.smart_xml.invalid_logical_operator": 7546,
Oct 02 03:18:31 server record_context_hot_cue_getter_status_matrix.sh[2335694]:     "playlist.smart_xml.plus_two_logical_operator": 7547,
Oct 02 03:18:31 server record_context_hot_cue_getter_status_matrix.sh[2335694]:     "playlist.smart_xml.spaced_two_logical_operator": 7548,
Oct 02 03:18:31 server record_context_hot_cue_getter_status_matrix.sh[2335694]:     "playlist.smart_xml.duplicate_logical_one_then_two": 7549,
Oct 02 03:18:31 server record_context_hot_cue_getter_status_matrix.sh[2335694]:     "playlist.smart_xml.duplicate_logical_two_then_one": 7550,
Oct 02 03:18:31 server record_context_hot_cue_getter_status_matrix.sh[2335694]:     "playlist.smart_xml.lowercase_root_attributes": 7551,
Oct 02 03:18:31 server record_context_hot_cue_getter_status_matrix.sh[2335694]:     "playlist.smart_xml.uppercase_root_attributes": 7552,
Oct 02 03:18:31 server record_context_hot_cue_getter_status_matrix.sh[2335694]:     "playlist.smart_xml.missing_property": 7553,
Oct 02 03:18:31 server record_context_hot_cue_getter_status_matrix.sh[2335694]:     "playlist.smart_xml.blank_property": 7554,
Oct 02 03:18:31 server record_context_hot_cue_getter_status_matrix.sh[2335694]:     "playlist.smart_xml.whitespace_property": 7555,
Oct 02 03:18:31 server record_context_hot_cue_getter_status_matrix.sh[2335694]:     "playlist.smart_xml.uppercase_property_value": 7556,
Oct 02 03:18:31 server record_context_hot_cue_getter_status_matrix.sh[2335694]:     "playlist.smart_xml.property_leading_space": 7557,
Oct 02 03:18:31 server record_context_hot_cue_getter_status_matrix.sh[2335694]:     "playlist.smart_xml.missing_operator": 7558,
Oct 02 03:18:31 server record_context_hot_cue_getter_status_matrix.sh[2335694]:     "playlist.smart_xml.blank_operator": 7559,
Oct 02 03:18:31 server record_context_hot_cue_getter_status_matrix.sh[2335694]:     "playlist.smart_xml.invalid_operator_text": 7560,
Oct 02 03:18:31 server record_context_hot_cue_getter_status_matrix.sh[2335694]:     "playlist.smart_xml.plus_one_operator": 7561,
Oct 02 03:18:31 server record_context_hot_cue_getter_status_matrix.sh[2335694]:     "playlist.smart_xml.spaced_one_operator": 7562,
Oct 02 03:18:31 server record_context_hot_cue_getter_status_matrix.sh[2335694]:     "playlist.smart_xml.leading_zero_operator": 7563,
Oct 02 03:18:31 server record_context_hot_cue_getter_status_matrix.sh[2335694]:     "playlist.smart_xml.duplicate_operator_one_then_two": 7564,
Oct 02 03:18:31 server record_context_hot_cue_getter_status_matrix.sh[2335694]:     "playlist.smart_xml.duplicate_operator_two_then_one": 7565,
Oct 02 03:18:31 server record_context_hot_cue_getter_status_matrix.sh[2335694]:     "playlist.smart_xml.missing_value_left": 7566,
Oct 02 03:18:31 server record_context_hot_cue_getter_status_matrix.sh[2335694]:     "playlist.smart_xml.duplicate_value_house_then_techno": 7567,
Oct 02 03:18:31 server record_context_hot_cue_getter_status_matrix.sh[2335694]:     "playlist.smart_xml.duplicate_value_techno_then_house": 7568,
Oct 02 03:18:31 server record_context_hot_cue_getter_status_matrix.sh[2335694]:     "playlist.smart_xml.extra_condition_attributes": 7569,
Oct 02 03:18:31 server record_context_hot_cue_getter_status_matrix.sh[2335694]:     "playlist.smart_xml.condition_with_text_content": 7570,
Oct 02 03:18:31 server record_context_hot_cue_getter_status_matrix.sh[2335694]:     "playlist.smart_xml.namespaced_condition": 7571,
Oct 02 03:18:31 server record_context_hot_cue_getter_status_matrix.sh[2335694]:     "playlist.smart_xml.valid_root_then_nul_junk": 7572,
Oct 02 03:18:31 server record_context_hot_cue_getter_status_matrix.sh[2335694]:     "playlist.smart_xml.nul_before_root": 7573,
Oct 02 03:18:31 server record_context_hot_cue_getter_status_matrix.sh[2335694]:     "playlist.smart_text.alpha_operator_01": 7101,
Oct 02 03:18:31 server record_context_hot_cue_getter_status_matrix.sh[2335694]:     "playlist.smart_text.alpha_operator_02": 7102,
Oct 02 03:18:31 server record_context_hot_cue_getter_status_matrix.sh[2335694]:     "playlist.smart_text.alpha_operator_08": 7103,
Oct 02 03:18:31 server record_context_hot_cue_getter_status_matrix.sh[2335694]:     "playlist.smart_text.alpha_operator_09": 7104,
Oct 02 03:18:31 server record_context_hot_cue_getter_status_matrix.sh[2335694]:     "playlist.smart_text.alpha_operator_10": 7105,
Oct 02 03:18:31 server record_context_hot_cue_getter_status_matrix.sh[2335694]:     "playlist.smart_text.alpha_operator_11": 7106,
Oct 02 03:18:31 server record_context_hot_cue_getter_status_matrix.sh[2335694]:     "playlist.smart_text.alpha_lower_equal": 7107,
Oct 02 03:18:31 server record_context_hot_cue_getter_status_matrix.sh[2335694]:     "playlist.smart_text.alpha_acute_precomposed_equal": 7108,
Oct 02 03:18:31 server record_context_hot_cue_getter_status_matrix.sh[2335694]:     "playlist.smart_text.alpha_acute_decomposed_equal": 7109,
Oct 02 03:18:31 server record_context_hot_cue_getter_status_matrix.sh[2335694]:     "playlist.smart_text.alpha_diaeresis_equal": 7110,
Oct 02 03:18:31 server record_context_hot_cue_getter_status_matrix.sh[2335694]:     "playlist.smart_text.alpha_trailing_combining_equal": 7111,
Oct 02 03:18:31 server record_context_hot_cue_getter_status_matrix.sh[2335694]:     "playlist.smart_text.alpha_angstrom_equal": 7112,
Oct 02 03:18:31 server record_context_hot_cue_getter_status_matrix.sh[2335694]:     "playlist.smart_text.alpha_a_ring_equal": 7113,
Oct 02 03:18:31 server record_context_hot_cue_getter_status_matrix.sh[2335694]:     "playlist.smart_text.beta_contains": 7114,
Oct 02 03:18:31 server record_context_hot_cue_getter_status_matrix.sh[2335694]:     "playlist.smart_text.beta_not_contains": 7115,
Oct 02 03:18:31 server record_context_hot_cue_getter_status_matrix.sh[2335694]:     "playlist.smart_text.beta_starts": 7116,
Oct 02 03:18:31 server record_context_hot_cue_getter_status_matrix.sh[2335694]:     "playlist.smart_text.beta_ends": 7117,
Oct 02 03:18:31 server record_context_hot_cue_getter_status_matrix.sh[2335694]:     "playlist.smart_text.empty_operator_01": 7118,
Oct 02 03:18:31 server record_context_hot_cue_getter_status_matrix.sh[2335694]:     "playlist.smart_text.empty_operator_02": 7119,
Oct 02 03:18:31 server record_context_hot_cue_getter_status_matrix.sh[2335694]:     "playlist.smart_text.empty_operator_08": 7120,
Oct 02 03:18:31 server record_context_hot_cue_getter_status_matrix.sh[2335694]:     "playlist.smart_text.empty_operator_09": 7121,
Oct 02 03:18:31 server record_context_hot_cue_getter_status_matrix.sh[2335694]:     "playlist.smart_text.empty_operator_10": 7122,
Oct 02 03:18:31 server record_context_hot_cue_getter_status_matrix.sh[2335694]:     "playlist.smart_text.empty_operator_11": 7123,
Oct 02 03:18:31 server record_context_hot_cue_getter_status_matrix.sh[2335694]:     "playlist.smart_text.emoji_equal": 7124,
Oct 02 03:18:31 server record_context_hot_cue_getter_status_matrix.sh[2335694]:     "playlist.smart_text.emoji_contains": 7125,
Oct 02 03:18:31 server record_context_hot_cue_getter_status_matrix.sh[2335694]:     "playlist.smart_text.emoji_starts": 7126,
Oct 02 03:18:31 server record_context_hot_cue_getter_status_matrix.sh[2335694]:     "playlist.smart_text.emoji_ends": 7127,
Oct 02 03:18:31 server record_context_hot_cue_getter_status_matrix.sh[2335694]:     "playlist.smart_text.sharp_s_equal": 7128,
Oct 02 03:18:31 server record_context_hot_cue_getter_status_matrix.sh[2335694]:     "playlist.smart_text.sharp_s_expanded_equal": 7129,
Oct 02 03:18:31 server record_context_hot_cue_getter_status_matrix.sh[2335694]:     "playlist.smart_text.sharp_s_contains_ss": 7130,
Oct 02 03:18:31 server record_context_hot_cue_getter_status_matrix.sh[2335694]:     "playlist.smart_text.ligature_equal": 7131,
Oct 02 03:18:31 server record_context_hot_cue_getter_status_matrix.sh[2335694]:     "playlist.smart_text.ligature_expanded_equal": 7132,
Oct 02 03:18:31 server record_context_hot_cue_getter_status_matrix.sh[2335694]:     "playlist.smart_text.fullwidth_equal": 7133,
Oct 02 03:18:31 server record_context_hot_cue_getter_status_matrix.sh[2335694]:     "playlist.smart_text.turkish_ascii_equal": 7134,
Oct 02 03:18:31 server record_context_hot_cue_getter_status_matrix.sh[2335694]:     "playlist.smart_text.turkish_dotted_equal": 7135,
Oct 02 03:18:31 server record_context_hot_cue_getter_status_matrix.sh[2335694]:     "playlist.smart_text.turkish_dotless_equal": 7136,
Oct 02 03:18:31 server record_context_hot_cue_getter_status_matrix.sh[2335694]:     "playlist.smart_text.greek_upper_equal": 7137,
Oct 02 03:18:31 server record_context_hot_cue_getter_status_matrix.sh[2335694]:     "playlist.smart_text.greek_sigma_equal": 7138,
Oct 02 03:18:31 server record_context_hot_cue_getter_status_matrix.sh[2335694]:     "playlist.smart_text.greek_final_sigma_equal": 7139,
Oct 02 03:18:31 server record_context_hot_cue_getter_status_matrix.sh[2335694]:     "playlist.smart_text.katakana_equal": 7140,
Oct 02 03:18:31 server record_context_hot_cue_getter_status_matrix.sh[2335694]:     "playlist.smart_text.hiragana_equal": 7141,
Oct 02 03:18:31 server record_context_hot_cue_getter_status_matrix.sh[2335694]:     "playlist.smart_text.combining_dot_acute_equal": 7142,
Oct 02 03:18:31 server record_context_hot_cue_getter_status_matrix.sh[2335694]:     "playlist.smart_text.combining_acute_dot_equal": 7143,
Oct 02 03:18:31 server record_context_hot_cue_getter_status_matrix.sh[2335694]:     "playlist.smart_text.punctuation_none_equal": 7144,
Oct 02 03:18:31 server record_context_hot_cue_getter_status_matrix.sh[2335694]:     "playlist.smart_text.punctuation_none_contains": 7145,
Oct 02 03:18:31 server record_context_hot_cue_getter_status_matrix.sh[2335694]:     "playlist.smart_text.punctuation_hyphen_equal": 7146,
Oct 02 03:18:31 server record_context_hot_cue_getter_status_matrix.sh[2335694]:     "playlist.smart_text.punctuation_space_equal": 7147,
Oct 02 03:18:31 server record_context_hot_cue_getter_status_matrix.sh[2335694]:     "playlist.smart_text.tab_equal": 7148,
Oct 02 03:18:31 server record_context_hot_cue_getter_status_matrix.sh[2335694]:     "playlist.smart_text.newline_equal": 7149,
Oct 02 03:18:31 server record_context_hot_cue_getter_status_matrix.sh[2335694]:     "playlist.smart_text.cyrillic_alpha_equal": 7150,
Oct 02 03:18:31 server record_context_hot_cue_getter_status_matrix.sh[2335694]:     "playlist.smart_text.greek_alpha_equal": 7151,
Oct 02 03:18:31 server record_context_hot_cue_getter_status_matrix.sh[2335694]:     "playlist.smart_text.ampersand_equal": 7152,
Oct 02 03:18:31 server record_context_hot_cue_getter_status_matrix.sh[2335694]:     "playlist.smart_text.ampersand_contains": 7153,
Oct 02 03:18:31 server record_context_hot_cue_getter_status_matrix.sh[2335694]:     "playlist.smart_text.double_quote_equal": 7154,
Oct 02 03:18:31 server record_context_hot_cue_getter_status_matrix.sh[2335694]:     "playlist.smart_text.apostrophe_equal": 7155,
Oct 02 03:18:31 server record_context_hot_cue_getter_status_matrix.sh[2335694]:     "hotcue.folder.alpha": 9001,
Oct 02 03:18:31 server record_context_hot_cue_getter_status_matrix.sh[2335694]:     "hotcue.folder.beta": 9002,
Oct 02 03:18:31 server record_context_hot_cue_getter_status_matrix.sh[2335694]:     "hotcue.bank.root": 9003,
Oct 02 03:18:31 server record_context_hot_cue_getter_status_matrix.sh[2335694]:     "hotcue.folder.deep": 9011,
Oct 02 03:18:31 server record_context_hot_cue_getter_status_matrix.sh[2335694]:     "hotcue.bank.alpha": 9012,
Oct 02 03:18:31 server record_context_hot_cue_getter_status_matrix.sh[2335694]:     "hotcue.bank.empty": 9013,
Oct 02 03:18:31 server record_context_hot_cue_getter_status_matrix.sh[2335694]:     "hotcue.bank.deep": 9021,
Oct 02 03:18:31 server record_context_hot_cue_getter_status_matrix.sh[2335694]:     "hotcue.bank.beta_deleted": 9031,
Oct 02 03:18:31 server record_context_hot_cue_getter_status_matrix.sh[2335694]:     "hotcue.bank.beta": 9032
Oct 02 03:18:31 server record_context_hot_cue_getter_status_matrix.sh[2335694]:   }
Oct 02 03:18:31 server record_context_hot_cue_getter_status_matrix.sh[2335694]: }
Oct 02 03:18:31 server record_context_hot_cue_getter_status_matrix.sh[2335694]: Fixture installed. Start rekordbox manually after reviewing the manifest above.
Oct 02 03:18:32 server record_context_hot_cue_getter_status_matrix.sh[2335725]: ** WARNING: connection is not using a post-quantum key exchange algorithm.
Oct 02 03:18:32 server record_context_hot_cue_getter_status_matrix.sh[2335725]: ** This session may be vulnerable to "store now, decrypt later" attacks.
Oct 02 03:18:32 server record_context_hot_cue_getter_status_matrix.sh[2335725]: ** The server may need to be upgraded. See https://openssh.com/pq.html
Oct 02 03:18:32 server record_context_hot_cue_getter_status_matrix.sh[2335322]: Activated fixture /home/evan/workspace/rx3-research/rekordbox-link-export-research/conformance/fixtures/generated/hot-cue-banks (066cfa954e435346f80e5abac35dac7631ac4e3023e662d12e0080382f6041dc)
Oct 02 03:18:33 server record_context_hot_cue_getter_status_matrix.sh[2335765]: ** WARNING: connection is not using a post-quantum key exchange algorithm.
Oct 02 03:18:33 server record_context_hot_cue_getter_status_matrix.sh[2335765]: ** This session may be vulnerable to "store now, decrypt later" attacks.
Oct 02 03:18:33 server record_context_hot_cue_getter_status_matrix.sh[2335765]: ** The server may need to be upgraded. See https://openssh.com/pq.html
Oct 02 03:18:33 server record_context_hot_cue_getter_status_matrix.sh[2335771]: ** WARNING: connection is not using a post-quantum key exchange algorithm.
Oct 02 03:18:33 server record_context_hot_cue_getter_status_matrix.sh[2335771]: ** This session may be vulnerable to "store now, decrypt later" attacks.
Oct 02 03:18:33 server record_context_hot_cue_getter_status_matrix.sh[2335771]: ** The server may need to be upgraded. See https://openssh.com/pq.html
Oct 02 03:18:34 server record_context_hot_cue_getter_status_matrix.sh[2335778]: ** WARNING: connection is not using a post-quantum key exchange algorithm.
Oct 02 03:18:34 server record_context_hot_cue_getter_status_matrix.sh[2335778]: ** This session may be vulnerable to "store now, decrypt later" attacks.
Oct 02 03:18:34 server record_context_hot_cue_getter_status_matrix.sh[2335778]: ** The server may need to be upgraded. See https://openssh.com/pq.html
Oct 02 03:19:14 server record_context_hot_cue_getter_status_matrix.sh[2335778]: {
Oct 02 03:19:14 server record_context_hot_cue_getter_status_matrix.sh[2335778]:     "success":  true,
Oct 02 03:19:14 server record_context_hot_cue_getter_status_matrix.sh[2335778]:     "process_id":  5488,
Oct 02 03:19:14 server record_context_hot_cue_getter_status_matrix.sh[2335778]:     "main_window_handle":  263210,
Oct 02 03:19:14 server record_context_hot_cue_getter_status_matrix.sh[2335778]:     "ready_at":  1790925552
Oct 02 03:19:14 server record_context_hot_cue_getter_status_matrix.sh[2335778]: }
Oct 02 03:19:17 server systemd-run[2336836]: Running as unit: rekordbox-identity-1790925554.service; invocation ID: 73642f68d9af48faac332878e5f414fb
Oct 02 03:19:43 server record_context_hot_cue_getter_status_matrix.sh[2337311]:     Finished `release` profile [optimized] target(s) in 0.12s
Oct 02 03:19:43 server record_context_hot_cue_getter_status_matrix.sh[2337311]:      Running `conformance/target/release/link-export-conformance record --host 172.31.96.96 --suite /home/evan/workspace/rx3-research/rekordbox-link-export-research/conformance/suites/context-hot-cue-getter-status-player-1-legacy.json --manifest /home/evan/workspace/rx3-research/rekordbox-link-export-research/conformance/fixtures/generated/hot-cue-banks/manifest.json --identity /home/evan/workspace/rx3-research/rekordbox-link-export-research/conformance/runs/cdj-3000-player-1-status.json --backend rekordbox --backend-version 7.2.19 --golden /home/evan/workspace/rx3-research/rekordbox-link-export-research/conformance/goldens/rekordbox-7.2.19/cdj-3000-status/context-hot-cue-getter-status-legacy.json.next`
Oct 02 03:19:43 server record_context_hot_cue_getter_status_matrix.sh[2337311]: running case type-00--legacy-populated
Oct 02 03:19:43 server record_context_hot_cue_getter_status_matrix.sh[2337311]: running case type-00--legacy-empty
Oct 02 03:19:43 server record_context_hot_cue_getter_status_matrix.sh[2337311]: running case type-00--extended-populated
Oct 02 03:19:43 server record_context_hot_cue_getter_status_matrix.sh[2337311]: running case type-00--extended-empty
Oct 02 03:19:43 server record_context_hot_cue_getter_status_matrix.sh[2337311]: running case type-01--legacy-populated
Oct 02 03:19:43 server record_context_hot_cue_getter_status_matrix.sh[2337311]: running case type-01--legacy-empty
Oct 02 03:19:43 server record_context_hot_cue_getter_status_matrix.sh[2337311]: running case type-01--extended-populated
Oct 02 03:19:43 server record_context_hot_cue_getter_status_matrix.sh[2337311]: running case type-01--extended-empty
Oct 02 03:19:43 server record_context_hot_cue_getter_status_matrix.sh[2337311]: running case type-02--legacy-populated
Oct 02 03:19:43 server record_context_hot_cue_getter_status_matrix.sh[2337311]: running case type-02--legacy-empty
Oct 02 03:19:43 server record_context_hot_cue_getter_status_matrix.sh[2337311]: running case type-02--extended-populated
Oct 02 03:19:43 server record_context_hot_cue_getter_status_matrix.sh[2337311]: running case type-02--extended-empty
Oct 02 03:19:43 server record_context_hot_cue_getter_status_matrix.sh[2337311]: running case type-03--legacy-populated
Oct 02 03:19:43 server record_context_hot_cue_getter_status_matrix.sh[2337311]: running case type-03--legacy-empty
Oct 02 03:19:43 server record_context_hot_cue_getter_status_matrix.sh[2337311]: running case type-03--extended-populated
Oct 02 03:19:43 server record_context_hot_cue_getter_status_matrix.sh[2337311]: running case type-03--extended-empty
Oct 02 03:19:43 server record_context_hot_cue_getter_status_matrix.sh[2337311]: running case type-04--legacy-populated
Oct 02 03:19:43 server record_context_hot_cue_getter_status_matrix.sh[2337311]: running case type-04--legacy-empty
Oct 02 03:19:43 server record_context_hot_cue_getter_status_matrix.sh[2337311]: running case type-04--extended-populated
Oct 02 03:19:43 server record_context_hot_cue_getter_status_matrix.sh[2337311]: running case type-04--extended-empty
Oct 02 03:19:43 server record_context_hot_cue_getter_status_matrix.sh[2337311]: running case type-05--legacy-populated
Oct 02 03:19:43 server record_context_hot_cue_getter_status_matrix.sh[2337311]: running case type-05--legacy-empty
Oct 02 03:19:43 server record_context_hot_cue_getter_status_matrix.sh[2337311]: running case type-05--extended-populated
Oct 02 03:19:43 server record_context_hot_cue_getter_status_matrix.sh[2337311]: running case type-05--extended-empty
Oct 02 03:19:43 server record_context_hot_cue_getter_status_matrix.sh[2337311]: running case type-06--legacy-populated
Oct 02 03:19:43 server record_context_hot_cue_getter_status_matrix.sh[2337311]: running case type-06--legacy-empty
Oct 02 03:19:44 server record_context_hot_cue_getter_status_matrix.sh[2337311]: running case type-06--extended-populated
Oct 02 03:19:44 server record_context_hot_cue_getter_status_matrix.sh[2337311]: running case type-06--extended-empty
Oct 02 03:19:44 server record_context_hot_cue_getter_status_matrix.sh[2337311]: recorded 28 cases to /home/evan/workspace/rx3-research/rekordbox-link-export-research/conformance/goldens/rekordbox-7.2.19/cdj-3000-status/context-hot-cue-getter-status-legacy.json.next
Oct 02 03:19:44 server record_context_hot_cue_getter_status_matrix.sh[2337336]:     Finished `release` profile [optimized] target(s) in 0.12s
Oct 02 03:19:44 server record_context_hot_cue_getter_status_matrix.sh[2337336]:      Running `conformance/target/release/link-export-conformance verify --host 172.31.96.96 --suite /home/evan/workspace/rx3-research/rekordbox-link-export-research/conformance/suites/context-hot-cue-getter-status-player-1-legacy.json --manifest /home/evan/workspace/rx3-research/rekordbox-link-export-research/conformance/fixtures/generated/hot-cue-banks/manifest.json --identity /home/evan/workspace/rx3-research/rekordbox-link-export-research/conformance/runs/cdj-3000-player-1-status.json --backend rekordbox-repeat --backend-version 7.2.19 --golden /home/evan/workspace/rx3-research/rekordbox-link-export-research/conformance/goldens/rekordbox-7.2.19/cdj-3000-status/context-hot-cue-getter-status-legacy.json.next`
Oct 02 03:19:44 server record_context_hot_cue_getter_status_matrix.sh[2337336]: running case type-00--legacy-populated
Oct 02 03:19:44 server record_context_hot_cue_getter_status_matrix.sh[2337336]: running case type-00--legacy-empty
Oct 02 03:19:44 server record_context_hot_cue_getter_status_matrix.sh[2337336]: running case type-00--extended-populated
Oct 02 03:19:44 server record_context_hot_cue_getter_status_matrix.sh[2337336]: running case type-00--extended-empty
Oct 02 03:19:44 server record_context_hot_cue_getter_status_matrix.sh[2337336]: running case type-01--legacy-populated
Oct 02 03:19:44 server record_context_hot_cue_getter_status_matrix.sh[2337336]: running case type-01--legacy-empty
Oct 02 03:19:44 server record_context_hot_cue_getter_status_matrix.sh[2337336]: running case type-01--extended-populated
Oct 02 03:19:44 server record_context_hot_cue_getter_status_matrix.sh[2337336]: running case type-01--extended-empty
Oct 02 03:19:44 server record_context_hot_cue_getter_status_matrix.sh[2337336]: running case type-02--legacy-populated
Oct 02 03:19:44 server record_context_hot_cue_getter_status_matrix.sh[2337336]: running case type-02--legacy-empty
Oct 02 03:19:44 server record_context_hot_cue_getter_status_matrix.sh[2337336]: running case type-02--extended-populated
Oct 02 03:19:44 server record_context_hot_cue_getter_status_matrix.sh[2337336]: running case type-02--extended-empty
Oct 02 03:19:44 server record_context_hot_cue_getter_status_matrix.sh[2337336]: running case type-03--legacy-populated
Oct 02 03:19:44 server record_context_hot_cue_getter_status_matrix.sh[2337336]: running case type-03--legacy-empty
Oct 02 03:19:44 server record_context_hot_cue_getter_status_matrix.sh[2337336]: running case type-03--extended-populated
Oct 02 03:19:44 server record_context_hot_cue_getter_status_matrix.sh[2337336]: running case type-03--extended-empty
Oct 02 03:19:44 server record_context_hot_cue_getter_status_matrix.sh[2337336]: running case type-04--legacy-populated
Oct 02 03:19:44 server record_context_hot_cue_getter_status_matrix.sh[2337336]: running case type-04--legacy-empty
Oct 02 03:19:44 server record_context_hot_cue_getter_status_matrix.sh[2337336]: running case type-04--extended-populated
Oct 02 03:19:44 server record_context_hot_cue_getter_status_matrix.sh[2337336]: running case type-04--extended-empty
Oct 02 03:19:44 server record_context_hot_cue_getter_status_matrix.sh[2337336]: running case type-05--legacy-populated
Oct 02 03:19:44 server record_context_hot_cue_getter_status_matrix.sh[2337336]: running case type-05--legacy-empty
Oct 02 03:19:44 server record_context_hot_cue_getter_status_matrix.sh[2337336]: running case type-05--extended-populated
Oct 02 03:19:44 server record_context_hot_cue_getter_status_matrix.sh[2337336]: running case type-05--extended-empty
Oct 02 03:19:44 server record_context_hot_cue_getter_status_matrix.sh[2337336]: running case type-06--legacy-populated
Oct 02 03:19:44 server record_context_hot_cue_getter_status_matrix.sh[2337336]: running case type-06--legacy-empty
Oct 02 03:19:44 server record_context_hot_cue_getter_status_matrix.sh[2337336]: running case type-06--extended-populated
Oct 02 03:19:44 server record_context_hot_cue_getter_status_matrix.sh[2337336]: running case type-06--extended-empty
Oct 02 03:19:44 server record_context_hot_cue_getter_status_matrix.sh[2337336]: verified 28 cases against /home/evan/workspace/rx3-research/rekordbox-link-export-research/conformance/goldens/rekordbox-7.2.19/cdj-3000-status/context-hot-cue-getter-status-legacy.json.next
Oct 02 03:19:44 server record_context_hot_cue_getter_status_matrix.sh[2329097]: === cdj-3000-status / context-hot-cue-getter-status-player-1-legacy: promoted ===
Oct 02 03:19:44 server record_context_hot_cue_getter_status_matrix.sh[2329097]: === Context Hot Cue getter status matrix: complete ===
Oct 02 03:19:45 server record_context_hot_cue_getter_status_matrix.sh[2337410]: ** WARNING: connection is not using a post-quantum key exchange algorithm.
Oct 02 03:19:45 server record_context_hot_cue_getter_status_matrix.sh[2337410]: ** This session may be vulnerable to "store now, decrypt later" attacks.
Oct 02 03:19:45 server record_context_hot_cue_getter_status_matrix.sh[2337410]: ** The server may need to be upgraded. See https://openssh.com/pq.html
Oct 02 03:19:46 server record_context_hot_cue_getter_status_matrix.sh[2337410]: Guest staging directory is ready.
Oct 02 03:19:47 server record_context_hot_cue_getter_status_matrix.sh[2337459]: ** WARNING: connection is not using a post-quantum key exchange algorithm.
Oct 02 03:19:47 server record_context_hot_cue_getter_status_matrix.sh[2337459]: ** This session may be vulnerable to "store now, decrypt later" attacks.
Oct 02 03:19:47 server record_context_hot_cue_getter_status_matrix.sh[2337459]: ** The server may need to be upgraded. See https://openssh.com/pq.html
Oct 02 03:19:50 server record_context_hot_cue_getter_status_matrix.sh[2337506]: ** WARNING: connection is not using a post-quantum key exchange algorithm.
Oct 02 03:19:50 server record_context_hot_cue_getter_status_matrix.sh[2337506]: ** This session may be vulnerable to "store now, decrypt later" attacks.
Oct 02 03:19:50 server record_context_hot_cue_getter_status_matrix.sh[2337506]: ** The server may need to be upgraded. See https://openssh.com/pq.html
Oct 02 03:19:51 server record_context_hot_cue_getter_status_matrix.sh[2337510]: ** WARNING: connection is not using a post-quantum key exchange algorithm.
Oct 02 03:19:51 server record_context_hot_cue_getter_status_matrix.sh[2337510]: ** This session may be vulnerable to "store now, decrypt later" attacks.
Oct 02 03:19:51 server record_context_hot_cue_getter_status_matrix.sh[2337510]: ** The server may need to be upgraded. See https://openssh.com/pq.html
Oct 02 03:19:52 server record_context_hot_cue_getter_status_matrix.sh[2337557]: ** WARNING: connection is not using a post-quantum key exchange algorithm.
Oct 02 03:19:52 server record_context_hot_cue_getter_status_matrix.sh[2337557]: ** This session may be vulnerable to "store now, decrypt later" attacks.
Oct 02 03:19:52 server record_context_hot_cue_getter_status_matrix.sh[2337557]: ** The server may need to be upgraded. See https://openssh.com/pq.html
Oct 02 03:20:01 server record_context_hot_cue_getter_status_matrix.sh[2337557]: Rekordbox is stopped.
Oct 02 03:20:02 server record_context_hot_cue_getter_status_matrix.sh[2337838]: ** WARNING: connection is not using a post-quantum key exchange algorithm.
Oct 02 03:20:02 server record_context_hot_cue_getter_status_matrix.sh[2337838]: ** This session may be vulnerable to "store now, decrypt later" attacks.
Oct 02 03:20:02 server record_context_hot_cue_getter_status_matrix.sh[2337838]: ** The server may need to be upgraded. See https://openssh.com/pq.html
Oct 02 03:20:04 server record_context_hot_cue_getter_status_matrix.sh[2337838]: {
Oct 02 03:20:04 server record_context_hot_cue_getter_status_matrix.sh[2337838]:   "fixture_version": 1,
Oct 02 03:20:04 server record_context_hot_cue_getter_status_matrix.sh[2337838]:   "profile": "play-paths",
Oct 02 03:20:04 server record_context_hot_cue_getter_status_matrix.sh[2337838]:   "database_sha256": "8f197208a18a301980b039f3b688306b558a0f7667da75096ea6c082cd7591b6",
Oct 02 03:20:04 server record_context_hot_cue_getter_status_matrix.sh[2337838]:   "fixture_fingerprint": "c24aff6c06466a647d09e60f8cf5c872f6db8ae5d482a72cb31ef1d270db6f1a",
Oct 02 03:20:04 server record_context_hot_cue_getter_status_matrix.sh[2337838]:   "integrity": "ok",
Oct 02 03:20:04 server record_context_hot_cue_getter_status_matrix.sh[2337838]:   "track_count": 14,
Oct 02 03:20:04 server record_context_hot_cue_getter_status_matrix.sh[2337838]:   "ids": {
Oct 02 03:20:04 server record_context_hot_cue_getter_status_matrix.sh[2337838]:     "artist.alpha": 1001,
Oct 02 03:20:04 server record_context_hot_cue_getter_status_matrix.sh[2337838]:     "artist.beta": 1002,
Oct 02 03:20:04 server record_context_hot_cue_getter_status_matrix.sh[2337838]:     "artist.remixer": 1003,
Oct 02 03:20:04 server record_context_hot_cue_getter_status_matrix.sh[2337838]:     "artist.original": 1004,
Oct 02 03:20:04 server record_context_hot_cue_getter_status_matrix.sh[2337838]:     "album.one": 2001,
Oct 02 03:20:04 server record_context_hot_cue_getter_status_matrix.sh[2337838]:     "album.two": 2002,
Oct 02 03:20:04 server record_context_hot_cue_getter_status_matrix.sh[2337838]:     "album.three": 2003,
Oct 02 03:20:04 server record_context_hot_cue_getter_status_matrix.sh[2337838]:     "genre.house": 3001,
Oct 02 03:20:04 server record_context_hot_cue_getter_status_matrix.sh[2337838]:     "genre.techno": 3002,
Oct 02 03:20:04 server record_context_hot_cue_getter_status_matrix.sh[2337838]:     "label.one": 4001,
Oct 02 03:20:04 server record_context_hot_cue_getter_status_matrix.sh[2337838]:     "label.two": 4002,
Oct 02 03:20:04 server record_context_hot_cue_getter_status_matrix.sh[2337838]:     "key.am": 5001,
Oct 02 03:20:04 server record_context_hot_cue_getter_status_matrix.sh[2337838]:     "key.c": 5002,
Oct 02 03:20:04 server record_context_hot_cue_getter_status_matrix.sh[2337838]:     "playlist.cue_analysis": 200000,
Oct 02 03:20:04 server record_context_hot_cue_getter_status_matrix.sh[2337838]:     "playlist.folder": 6001,
Oct 02 03:20:04 server record_context_hot_cue_getter_status_matrix.sh[2337838]:     "playlist.primary": 6002,
Oct 02 03:20:04 server record_context_hot_cue_getter_status_matrix.sh[2337838]:     "playlist.empty": 6003,
Oct 02 03:20:04 server record_context_hot_cue_getter_status_matrix.sh[2337838]:     "history.one": 7001,
Oct 02 03:20:04 server record_context_hot_cue_getter_status_matrix.sh[2337838]:     "hotcue.folder": 8001,
Oct 02 03:20:04 server record_context_hot_cue_getter_status_matrix.sh[2337838]:     "hotcue.bank": 8002,
Oct 02 03:20:04 server record_context_hot_cue_getter_status_matrix.sh[2337838]:     "mytag.group.genre": 8501,
Oct 02 03:20:04 server record_context_hot_cue_getter_status_matrix.sh[2337838]:     "mytag.warmup": 8502,
Oct 02 03:20:04 server record_context_hot_cue_getter_status_matrix.sh[2337838]:     "mytag.group.components": 8503,
Oct 02 03:20:04 server record_context_hot_cue_getter_status_matrix.sh[2337838]:     "mytag.vocal": 8504,
Oct 02 03:20:04 server record_context_hot_cue_getter_status_matrix.sh[2337838]:     "mytag.empty": 8505,
Oct 02 03:20:04 server record_context_hot_cue_getter_status_matrix.sh[2337838]:     "mytag.default.group.genre": 1,
Oct 02 03:20:04 server record_context_hot_cue_getter_status_matrix.sh[2337838]:     "mytag.default.group.components": 2,
Oct 02 03:20:04 server record_context_hot_cue_getter_status_matrix.sh[2337838]:     "mytag.default.group.situation": 3,
Oct 02 03:20:04 server record_context_hot_cue_getter_status_matrix.sh[2337838]:     "mytag.default.group.untitled": 4,
Oct 02 03:20:04 server record_context_hot_cue_getter_status_matrix.sh[2337838]:     "mytag.default.sub_bass": 79324672,
Oct 02 03:20:04 server record_context_hot_cue_getter_status_matrix.sh[2337838]:     "mytag.default.percussion": 154495003,
Oct 02 03:20:04 server record_context_hot_cue_getter_status_matrix.sh[2337838]:     "mytag.default.dark": 158455786,
Oct 02 03:20:04 server record_context_hot_cue_getter_status_matrix.sh[2337838]:     "mytag.default.nu_disco": 463364308,
Oct 02 03:20:04 server record_context_hot_cue_getter_status_matrix.sh[2337838]:     "mytag.default.acid_house": 539841621,
Oct 02 03:20:04 server record_context_hot_cue_getter_status_matrix.sh[2337838]:     "mytag.default.build_up": 832445659,
Oct 02 03:20:04 server record_context_hot_cue_getter_status_matrix.sh[2337838]:     "mytag.default.my_comment": 857457019,
Oct 02 03:20:04 server record_context_hot_cue_getter_status_matrix.sh[2337838]:     "mytag.default.second_floor": 917243188,
Oct 02 03:20:04 server record_context_hot_cue_getter_status_matrix.sh[2337838]:     "mytag.default.deep_house": 999625328,
Oct 02 03:20:04 server record_context_hot_cue_getter_status_matrix.sh[2337838]:     "mytag.default.peak_time": 1156949736,
Oct 02 03:20:04 server record_context_hot_cue_getter_status_matrix.sh[2337838]:     "mytag.default.trap": 1308912924,
Oct 02 03:20:04 server record_context_hot_cue_getter_status_matrix.sh[2337838]:     "mytag.default.vocal": 1387538896,
Oct 02 03:20:04 server record_context_hot_cue_getter_status_matrix.sh[2337838]:     "mytag.default.lounge": 1493684869,
Oct 02 03:20:04 server record_context_hot_cue_getter_status_matrix.sh[2337838]:     "mytag.default.techno": 1628431659,
Oct 02 03:20:04 server record_context_hot_cue_getter_status_matrix.sh[2337838]:     "mytag.default.electro_house": 1971960657,
Oct 02 03:20:04 server record_context_hot_cue_getter_status_matrix.sh[2337838]:     "mytag.default.synth": 2005851049,
Oct 02 03:20:04 server record_context_hot_cue_getter_status_matrix.sh[2337838]:     "mytag.default.morning": 2045957214,
Oct 02 03:20:04 server record_context_hot_cue_getter_status_matrix.sh[2337838]:     "mytag.default.upper": 2169337181,
Oct 02 03:20:04 server record_context_hot_cue_getter_status_matrix.sh[2337838]:     "mytag.default.build_down": 2320977753,
Oct 02 03:20:04 server record_context_hot_cue_getter_status_matrix.sh[2337838]:     "mytag.default.beat": 2487691792,
Oct 02 03:20:04 server record_context_hot_cue_getter_status_matrix.sh[2337838]:     "mytag.default.bass_music": 2502627224,
Oct 02 03:20:04 server record_context_hot_cue_getter_status_matrix.sh[2337838]:     "mytag.default.main_floor": 2538315910,
Oct 02 03:20:04 server record_context_hot_cue_getter_status_matrix.sh[2337838]:     "mytag.default.mid_night": 3354707172,
Oct 02 03:20:04 server record_context_hot_cue_getter_status_matrix.sh[2337838]:     "mytag.default.piano": 3596715289,
Oct 02 03:20:04 server record_context_hot_cue_getter_status_matrix.sh[2337838]:     "track.first": 10001,
Oct 02 03:20:04 server record_context_hot_cue_getter_status_matrix.sh[2337838]:     "track.second": 10002,
Oct 02 03:20:04 server record_context_hot_cue_getter_status_matrix.sh[2337838]:     "track.third": 10003,
Oct 02 03:20:04 server record_context_hot_cue_getter_status_matrix.sh[2337838]:     "track.fourth": 10004,
Oct 02 03:20:04 server record_context_hot_cue_getter_status_matrix.sh[2337838]:     "track.fifth": 10005,
Oct 02 03:20:04 server record_context_hot_cue_getter_status_matrix.sh[2337838]:     "track.sixth": 10006,
Oct 02 03:20:04 server record_context_hot_cue_getter_status_matrix.sh[2337838]:     "track.seventh": 10007,
Oct 02 03:20:04 server record_context_hot_cue_getter_status_matrix.sh[2337838]:     "track.eighth": 10008,
Oct 02 03:20:04 server record_context_hot_cue_getter_status_matrix.sh[2337838]:     "track.ninth": 10009,
Oct 02 03:20:04 server record_context_hot_cue_getter_status_matrix.sh[2337838]:     "track.tenth": 10010,
Oct 02 03:20:04 server record_context_hot_cue_getter_status_matrix.sh[2337838]:     "track.eleventh": 10011,
Oct 02 03:20:04 server record_context_hot_cue_getter_status_matrix.sh[2337838]:     "track.twelfth": 10012,
Oct 02 03:20:04 server record_context_hot_cue_getter_status_matrix.sh[2337838]:     "track.thirteenth": 10013,
Oct 02 03:20:04 server record_context_hot_cue_getter_status_matrix.sh[2337838]:     "track.fourteenth": 10014,
Oct 02 03:20:04 server record_context_hot_cue_getter_status_matrix.sh[2337838]:     "track.deleted": 10999
Oct 02 03:20:04 server record_context_hot_cue_getter_status_matrix.sh[2337838]:   }
Oct 02 03:20:04 server record_context_hot_cue_getter_status_matrix.sh[2337838]: }
Oct 02 03:20:04 server record_context_hot_cue_getter_status_matrix.sh[2337838]: Fixture installed. Start rekordbox manually after reviewing the manifest above.
Oct 02 03:20:04 server record_context_hot_cue_getter_status_matrix.sh[2337888]: ** WARNING: connection is not using a post-quantum key exchange algorithm.
Oct 02 03:20:04 server record_context_hot_cue_getter_status_matrix.sh[2337888]: ** This session may be vulnerable to "store now, decrypt later" attacks.
Oct 02 03:20:04 server record_context_hot_cue_getter_status_matrix.sh[2337888]: ** The server may need to be upgraded. See https://openssh.com/pq.html
Oct 02 03:20:04 server systemd[992]: codex-rekordbox-context-hot-cue-getter-status-run-20261002.service: Consumed 4.275s CPU time over 6min 15.744s wall clock time, 82.9M memory peak.
