2026-10-02T01:45:18-04:00 systemd[992]: Started Codex: record Rekordbox context device setup matrix.
2026-10-02T01:45:18-04:00 record_context_device_setup_matrix.sh[2197074]: === xdj-rx3: reset and launch ===
2026-10-02T01:45:19-04:00 record_context_device_setup_matrix.sh[2197130]: ** WARNING: connection is not using a post-quantum key exchange algorithm.
2026-10-02T01:45:19-04:00 record_context_device_setup_matrix.sh[2197130]: ** This session may be vulnerable to "store now, decrypt later" attacks.
2026-10-02T01:45:19-04:00 record_context_device_setup_matrix.sh[2197130]: ** The server may need to be upgraded. See https://openssh.com/pq.html
2026-10-02T01:45:20-04:00 record_context_device_setup_matrix.sh[2197130]: Guest staging directory is ready.
2026-10-02T01:45:21-04:00 record_context_device_setup_matrix.sh[2197139]: ** WARNING: connection is not using a post-quantum key exchange algorithm.
2026-10-02T01:45:21-04:00 record_context_device_setup_matrix.sh[2197139]: ** This session may be vulnerable to "store now, decrypt later" attacks.
2026-10-02T01:45:21-04:00 record_context_device_setup_matrix.sh[2197139]: ** The server may need to be upgraded. See https://openssh.com/pq.html
2026-10-02T01:45:21-04:00 record_context_device_setup_matrix.sh[2197185]: ** WARNING: connection is not using a post-quantum key exchange algorithm.
2026-10-02T01:45:21-04:00 record_context_device_setup_matrix.sh[2197185]: ** This session may be vulnerable to "store now, decrypt later" attacks.
2026-10-02T01:45:21-04:00 record_context_device_setup_matrix.sh[2197185]: ** The server may need to be upgraded. See https://openssh.com/pq.html
2026-10-02T01:45:21-04:00 record_context_device_setup_matrix.sh[2197189]: ** WARNING: connection is not using a post-quantum key exchange algorithm.
2026-10-02T01:45:21-04:00 record_context_device_setup_matrix.sh[2197189]: ** This session may be vulnerable to "store now, decrypt later" attacks.
2026-10-02T01:45:21-04:00 record_context_device_setup_matrix.sh[2197189]: ** The server may need to be upgraded. See https://openssh.com/pq.html
2026-10-02T01:45:22-04:00 record_context_device_setup_matrix.sh[2197196]: ** WARNING: connection is not using a post-quantum key exchange algorithm.
2026-10-02T01:45:22-04:00 record_context_device_setup_matrix.sh[2197196]: ** This session may be vulnerable to "store now, decrypt later" attacks.
2026-10-02T01:45:22-04:00 record_context_device_setup_matrix.sh[2197196]: ** The server may need to be upgraded. See https://openssh.com/pq.html
2026-10-02T01:45:23-04:00 record_context_device_setup_matrix.sh[2197196]: Rekordbox is stopped.
2026-10-02T01:45:24-04:00 record_context_device_setup_matrix.sh[2197252]: ** WARNING: connection is not using a post-quantum key exchange algorithm.
2026-10-02T01:45:24-04:00 record_context_device_setup_matrix.sh[2197252]: ** This session may be vulnerable to "store now, decrypt later" attacks.
2026-10-02T01:45:24-04:00 record_context_device_setup_matrix.sh[2197252]: ** The server may need to be upgraded. See https://openssh.com/pq.html
2026-10-02T01:45:25-04:00 record_context_device_setup_matrix.sh[2197252]: {
2026-10-02T01:45:25-04:00 record_context_device_setup_matrix.sh[2197252]:   "fixture_version": 1,
2026-10-02T01:45:25-04:00 record_context_device_setup_matrix.sh[2197252]:   "profile": "full",
2026-10-02T01:45:25-04:00 record_context_device_setup_matrix.sh[2197252]:   "database_sha256": "e8c45a7020a70103d6a15d5cf9aaa32a3d8c758c6c1f3f33b2a8d80872f7c812",
2026-10-02T01:45:25-04:00 record_context_device_setup_matrix.sh[2197252]:   "fixture_fingerprint": "c7b0b834a1a1320faaa3526c4792f0d31430c617ea9b8b6008521c514b67853c",
2026-10-02T01:45:25-04:00 record_context_device_setup_matrix.sh[2197252]:   "integrity": "ok",
2026-10-02T01:45:25-04:00 record_context_device_setup_matrix.sh[2197252]:   "track_count": 8,
2026-10-02T01:45:25-04:00 record_context_device_setup_matrix.sh[2197252]:   "ids": {
2026-10-02T01:45:25-04:00 record_context_device_setup_matrix.sh[2197252]:     "artist.alpha": 1001,
2026-10-02T01:45:25-04:00 record_context_device_setup_matrix.sh[2197252]:     "artist.beta": 1002,
2026-10-02T01:45:25-04:00 record_context_device_setup_matrix.sh[2197252]:     "artist.remixer": 1003,
2026-10-02T01:45:25-04:00 record_context_device_setup_matrix.sh[2197252]:     "artist.original": 1004,
2026-10-02T01:45:25-04:00 record_context_device_setup_matrix.sh[2197252]:     "album.one": 2001,
2026-10-02T01:45:25-04:00 record_context_device_setup_matrix.sh[2197252]:     "album.two": 2002,
2026-10-02T01:45:25-04:00 record_context_device_setup_matrix.sh[2197252]:     "album.three": 2003,
2026-10-02T01:45:25-04:00 record_context_device_setup_matrix.sh[2197252]:     "genre.house": 3001,
2026-10-02T01:45:25-04:00 record_context_device_setup_matrix.sh[2197252]:     "genre.techno": 3002,
2026-10-02T01:45:25-04:00 record_context_device_setup_matrix.sh[2197252]:     "label.one": 4001,
2026-10-02T01:45:25-04:00 record_context_device_setup_matrix.sh[2197252]:     "label.two": 4002,
2026-10-02T01:45:25-04:00 record_context_device_setup_matrix.sh[2197252]:     "key.am": 5001,
2026-10-02T01:45:25-04:00 record_context_device_setup_matrix.sh[2197252]:     "key.c": 5002,
2026-10-02T01:45:25-04:00 record_context_device_setup_matrix.sh[2197252]:     "playlist.cue_analysis": 200000,
2026-10-02T01:45:25-04:00 record_context_device_setup_matrix.sh[2197252]:     "playlist.folder": 6001,
2026-10-02T01:45:25-04:00 record_context_device_setup_matrix.sh[2197252]:     "playlist.primary": 6002,
2026-10-02T01:45:25-04:00 record_context_device_setup_matrix.sh[2197252]:     "playlist.empty": 6003,
2026-10-02T01:45:25-04:00 record_context_device_setup_matrix.sh[2197252]:     "history.one": 7001,
2026-10-02T01:45:25-04:00 record_context_device_setup_matrix.sh[2197252]:     "hotcue.folder": 8001,
2026-10-02T01:45:25-04:00 record_context_device_setup_matrix.sh[2197252]:     "hotcue.bank": 8002,
2026-10-02T01:45:25-04:00 record_context_device_setup_matrix.sh[2197252]:     "mytag.group.genre": 8501,
2026-10-02T01:45:25-04:00 record_context_device_setup_matrix.sh[2197252]:     "mytag.warmup": 8502,
2026-10-02T01:45:25-04:00 record_context_device_setup_matrix.sh[2197252]:     "mytag.group.components": 8503,
2026-10-02T01:45:25-04:00 record_context_device_setup_matrix.sh[2197252]:     "mytag.vocal": 8504,
2026-10-02T01:45:25-04:00 record_context_device_setup_matrix.sh[2197252]:     "mytag.empty": 8505,
2026-10-02T01:45:25-04:00 record_context_device_setup_matrix.sh[2197252]:     "track.first": 10001,
2026-10-02T01:45:25-04:00 record_context_device_setup_matrix.sh[2197252]:     "track.second": 10002,
2026-10-02T01:45:25-04:00 record_context_device_setup_matrix.sh[2197252]:     "track.third": 10003,
2026-10-02T01:45:25-04:00 record_context_device_setup_matrix.sh[2197252]:     "track.fourth": 10004,
2026-10-02T01:45:25-04:00 record_context_device_setup_matrix.sh[2197252]:     "track.fifth": 10005,
2026-10-02T01:45:25-04:00 record_context_device_setup_matrix.sh[2197252]:     "track.sixth": 10006,
2026-10-02T01:45:25-04:00 record_context_device_setup_matrix.sh[2197252]:     "track.seventh": 10007,
2026-10-02T01:45:25-04:00 record_context_device_setup_matrix.sh[2197252]:     "track.eighth": 10008,
2026-10-02T01:45:25-04:00 record_context_device_setup_matrix.sh[2197252]:     "track.deleted": 10999
2026-10-02T01:45:25-04:00 record_context_device_setup_matrix.sh[2197252]:   }
2026-10-02T01:45:25-04:00 record_context_device_setup_matrix.sh[2197252]: }
2026-10-02T01:45:25-04:00 record_context_device_setup_matrix.sh[2197252]: Fixture installed. Start rekordbox manually after reviewing the manifest above.
2026-10-02T01:45:25-04:00 record_context_device_setup_matrix.sh[2197260]: ** WARNING: connection is not using a post-quantum key exchange algorithm.
2026-10-02T01:45:25-04:00 record_context_device_setup_matrix.sh[2197260]: ** This session may be vulnerable to "store now, decrypt later" attacks.
2026-10-02T01:45:25-04:00 record_context_device_setup_matrix.sh[2197260]: ** The server may need to be upgraded. See https://openssh.com/pq.html
2026-10-02T01:45:26-04:00 record_context_device_setup_matrix.sh[2197333]: ** WARNING: connection is not using a post-quantum key exchange algorithm.
2026-10-02T01:45:26-04:00 record_context_device_setup_matrix.sh[2197333]: ** This session may be vulnerable to "store now, decrypt later" attacks.
2026-10-02T01:45:26-04:00 record_context_device_setup_matrix.sh[2197333]: ** The server may need to be upgraded. See https://openssh.com/pq.html
2026-10-02T01:45:27-04:00 record_context_device_setup_matrix.sh[2197339]: ** WARNING: connection is not using a post-quantum key exchange algorithm.
2026-10-02T01:45:27-04:00 record_context_device_setup_matrix.sh[2197339]: ** This session may be vulnerable to "store now, decrypt later" attacks.
2026-10-02T01:45:27-04:00 record_context_device_setup_matrix.sh[2197339]: ** The server may need to be upgraded. See https://openssh.com/pq.html
2026-10-02T01:45:28-04:00 record_context_device_setup_matrix.sh[2197346]: ** WARNING: connection is not using a post-quantum key exchange algorithm.
2026-10-02T01:45:28-04:00 record_context_device_setup_matrix.sh[2197346]: ** This session may be vulnerable to "store now, decrypt later" attacks.
2026-10-02T01:45:28-04:00 record_context_device_setup_matrix.sh[2197346]: ** The server may need to be upgraded. See https://openssh.com/pq.html
2026-10-02T01:46:09-04:00 record_context_device_setup_matrix.sh[2197346]: {
2026-10-02T01:46:09-04:00 record_context_device_setup_matrix.sh[2197346]:     "success":  true,
2026-10-02T01:46:09-04:00 record_context_device_setup_matrix.sh[2197346]:     "process_id":  4788,
2026-10-02T01:46:09-04:00 record_context_device_setup_matrix.sh[2197346]:     "main_window_handle":  131236,
2026-10-02T01:46:09-04:00 record_context_device_setup_matrix.sh[2197346]:     "ready_at":  1790919967
2026-10-02T01:46:09-04:00 record_context_device_setup_matrix.sh[2197346]: }
2026-10-02T01:46:09-04:00 record_context_device_setup_matrix.sh[2197074]: === xdj-rx3: record and immediate repeat ===
2026-10-02T01:46:12-04:00 systemd-run[2198406]: Running as unit: rekordbox-identity-1790919969.service; invocation ID: a01be122353240e5911970d2c59594fe
2026-10-02T01:46:23-04:00 record_context_device_setup_matrix.sh[2198604]:     Finished `release` profile [optimized] target(s) in 0.20s
2026-10-02T01:46:23-04:00 record_context_device_setup_matrix.sh[2198604]:      Running `conformance/target/release/link-export-conformance record --host 172.31.96.96 --suite /home/evan/workspace/rx3-research/rekordbox-link-export-research/conformance/suites/context-device-setup-extended.json --manifest /home/evan/workspace/rx3-research/rekordbox-link-export-research/conformance/fixtures/generated/full/manifest.json --identity /home/evan/workspace/rx3-research/rekordbox-link-export-research/conformance/runs/xdj-rx3-player-11.json --backend rekordbox --backend-version 7.2.19 --golden /home/evan/workspace/rx3-research/rekordbox-link-export-research/conformance/goldens/rekordbox-7.2.19/xdj-rx3/context-device-setup-extended.json`
2026-10-02T01:46:23-04:00 record_context_device_setup_matrix.sh[2198604]: running case type-00--tracks
2026-10-02T01:46:23-04:00 record_context_device_setup_matrix.sh[2198604]: running case type-01--tracks
2026-10-02T01:46:23-04:00 record_context_device_setup_matrix.sh[2198604]: running case type-02--tracks
2026-10-02T01:46:23-04:00 record_context_device_setup_matrix.sh[2198604]: running case type-03--tracks
2026-10-02T01:46:26-04:00 record_context_device_setup_matrix.sh[2198604]: running case type-04--tracks
2026-10-02T01:46:29-04:00 record_context_device_setup_matrix.sh[2198604]: running case type-05--tracks
2026-10-02T01:46:29-04:00 record_context_device_setup_matrix.sh[2198604]: running case type-06--tracks
2026-10-02T01:46:30-04:00 record_context_device_setup_matrix.sh[2198604]: running case type-00--genre-tracks-all
2026-10-02T01:46:30-04:00 record_context_device_setup_matrix.sh[2198604]: running case type-01--genre-tracks-all
2026-10-02T01:46:30-04:00 record_context_device_setup_matrix.sh[2198604]: running case type-02--genre-tracks-all
2026-10-02T01:46:30-04:00 record_context_device_setup_matrix.sh[2198604]: running case type-05--genre-tracks-all
2026-10-02T01:46:30-04:00 record_context_device_setup_matrix.sh[2198604]: running case type-06--genre-tracks-all
2026-10-02T01:46:30-04:00 record_context_device_setup_matrix.sh[2198604]: running case type-00--root
2026-10-02T01:46:30-04:00 record_context_device_setup_matrix.sh[2198604]: running case type-01--root
2026-10-02T01:46:30-04:00 record_context_device_setup_matrix.sh[2198604]: running case type-00--search
2026-10-02T01:46:30-04:00 record_context_device_setup_matrix.sh[2198604]: running case type-01--search
2026-10-02T01:46:30-04:00 record_context_device_setup_matrix.sh[2198604]: recorded 16 cases to /home/evan/workspace/rx3-research/rekordbox-link-export-research/conformance/goldens/rekordbox-7.2.19/xdj-rx3/context-device-setup-extended.json
2026-10-02T01:46:30-04:00 record_context_device_setup_matrix.sh[2198785]:     Finished `release` profile [optimized] target(s) in 0.09s
2026-10-02T01:46:30-04:00 record_context_device_setup_matrix.sh[2198785]:      Running `conformance/target/release/link-export-conformance verify --host 172.31.96.96 --suite /home/evan/workspace/rx3-research/rekordbox-link-export-research/conformance/suites/context-device-setup-extended.json --manifest /home/evan/workspace/rx3-research/rekordbox-link-export-research/conformance/fixtures/generated/full/manifest.json --identity /home/evan/workspace/rx3-research/rekordbox-link-export-research/conformance/runs/xdj-rx3-player-11.json --backend rekordbox-repeat --backend-version 7.2.19 --golden /home/evan/workspace/rx3-research/rekordbox-link-export-research/conformance/goldens/rekordbox-7.2.19/xdj-rx3/context-device-setup-extended.json`
2026-10-02T01:46:30-04:00 record_context_device_setup_matrix.sh[2198785]: running case type-00--tracks
2026-10-02T01:46:30-04:00 record_context_device_setup_matrix.sh[2198785]: running case type-01--tracks
2026-10-02T01:46:30-04:00 record_context_device_setup_matrix.sh[2198785]: running case type-02--tracks
2026-10-02T01:46:30-04:00 record_context_device_setup_matrix.sh[2198785]: running case type-03--tracks
2026-10-02T01:46:33-04:00 record_context_device_setup_matrix.sh[2198785]: running case type-04--tracks
2026-10-02T01:46:37-04:00 record_context_device_setup_matrix.sh[2198785]: running case type-05--tracks
2026-10-02T01:46:37-04:00 record_context_device_setup_matrix.sh[2198785]: running case type-06--tracks
2026-10-02T01:46:37-04:00 record_context_device_setup_matrix.sh[2198785]: running case type-00--genre-tracks-all
2026-10-02T01:46:37-04:00 record_context_device_setup_matrix.sh[2198785]: running case type-01--genre-tracks-all
2026-10-02T01:46:37-04:00 record_context_device_setup_matrix.sh[2198785]: running case type-02--genre-tracks-all
2026-10-02T01:46:37-04:00 record_context_device_setup_matrix.sh[2198785]: running case type-05--genre-tracks-all
2026-10-02T01:46:37-04:00 record_context_device_setup_matrix.sh[2198785]: running case type-06--genre-tracks-all
2026-10-02T01:46:37-04:00 record_context_device_setup_matrix.sh[2198785]: running case type-00--root
2026-10-02T01:46:37-04:00 record_context_device_setup_matrix.sh[2198785]: running case type-01--root
2026-10-02T01:46:37-04:00 record_context_device_setup_matrix.sh[2198785]: running case type-00--search
2026-10-02T01:46:37-04:00 record_context_device_setup_matrix.sh[2198785]: running case type-01--search
2026-10-02T01:46:37-04:00 record_context_device_setup_matrix.sh[2198785]: verified 16 cases against /home/evan/workspace/rx3-research/rekordbox-link-export-research/conformance/goldens/rekordbox-7.2.19/xdj-rx3/context-device-setup-extended.json
2026-10-02T01:46:37-04:00 record_context_device_setup_matrix.sh[2198885]:     Finished `release` profile [optimized] target(s) in 0.09s
2026-10-02T01:46:37-04:00 record_context_device_setup_matrix.sh[2198885]:      Running `conformance/target/release/link-export-conformance record --host 172.31.96.96 --suite /home/evan/workspace/rx3-research/rekordbox-link-export-research/conformance/suites/context-device-setup-legacy.json --manifest /home/evan/workspace/rx3-research/rekordbox-link-export-research/conformance/fixtures/generated/full/manifest.json --identity /home/evan/workspace/rx3-research/rekordbox-link-export-research/conformance/runs/xdj-rx3-player-11.json --backend rekordbox --backend-version 7.2.19 --golden /home/evan/workspace/rx3-research/rekordbox-link-export-research/conformance/goldens/rekordbox-7.2.19/xdj-rx3/context-device-setup-legacy.json`
2026-10-02T01:46:37-04:00 record_context_device_setup_matrix.sh[2198885]: running case type-00--tracks
2026-10-02T01:46:37-04:00 record_context_device_setup_matrix.sh[2198885]: running case type-01--tracks
2026-10-02T01:46:37-04:00 record_context_device_setup_matrix.sh[2198885]: running case type-02--tracks
2026-10-02T01:46:37-04:00 record_context_device_setup_matrix.sh[2198885]: running case type-03--tracks
2026-10-02T01:46:40-04:00 record_context_device_setup_matrix.sh[2198885]: running case type-04--tracks
2026-10-02T01:46:43-04:00 record_context_device_setup_matrix.sh[2198885]: running case type-05--tracks
2026-10-02T01:46:43-04:00 record_context_device_setup_matrix.sh[2198885]: running case type-06--tracks
2026-10-02T01:46:43-04:00 record_context_device_setup_matrix.sh[2198885]: running case type-00--genre-tracks-all
2026-10-02T01:46:43-04:00 record_context_device_setup_matrix.sh[2198885]: running case type-01--genre-tracks-all
2026-10-02T01:46:43-04:00 record_context_device_setup_matrix.sh[2198885]: running case type-02--genre-tracks-all
2026-10-02T01:46:43-04:00 record_context_device_setup_matrix.sh[2198885]: running case type-05--genre-tracks-all
2026-10-02T01:46:44-04:00 record_context_device_setup_matrix.sh[2198885]: running case type-06--genre-tracks-all
2026-10-02T01:46:44-04:00 record_context_device_setup_matrix.sh[2198885]: running case type-00--root
2026-10-02T01:46:44-04:00 record_context_device_setup_matrix.sh[2198885]: running case type-01--root
2026-10-02T01:46:44-04:00 record_context_device_setup_matrix.sh[2198885]: running case type-00--search
2026-10-02T01:46:44-04:00 record_context_device_setup_matrix.sh[2198885]: running case type-01--search
2026-10-02T01:46:44-04:00 record_context_device_setup_matrix.sh[2198885]: recorded 16 cases to /home/evan/workspace/rx3-research/rekordbox-link-export-research/conformance/goldens/rekordbox-7.2.19/xdj-rx3/context-device-setup-legacy.json
2026-10-02T01:46:44-04:00 record_context_device_setup_matrix.sh[2199058]:     Finished `release` profile [optimized] target(s) in 0.09s
2026-10-02T01:46:44-04:00 record_context_device_setup_matrix.sh[2199058]:      Running `conformance/target/release/link-export-conformance verify --host 172.31.96.96 --suite /home/evan/workspace/rx3-research/rekordbox-link-export-research/conformance/suites/context-device-setup-legacy.json --manifest /home/evan/workspace/rx3-research/rekordbox-link-export-research/conformance/fixtures/generated/full/manifest.json --identity /home/evan/workspace/rx3-research/rekordbox-link-export-research/conformance/runs/xdj-rx3-player-11.json --backend rekordbox-repeat --backend-version 7.2.19 --golden /home/evan/workspace/rx3-research/rekordbox-link-export-research/conformance/goldens/rekordbox-7.2.19/xdj-rx3/context-device-setup-legacy.json`
2026-10-02T01:46:44-04:00 record_context_device_setup_matrix.sh[2199058]: running case type-00--tracks
2026-10-02T01:46:44-04:00 record_context_device_setup_matrix.sh[2199058]: running case type-01--tracks
2026-10-02T01:46:44-04:00 record_context_device_setup_matrix.sh[2199058]: running case type-02--tracks
2026-10-02T01:46:44-04:00 record_context_device_setup_matrix.sh[2199058]: running case type-03--tracks
2026-10-02T01:46:47-04:00 record_context_device_setup_matrix.sh[2199058]: running case type-04--tracks
2026-10-02T01:46:50-04:00 record_context_device_setup_matrix.sh[2199058]: running case type-05--tracks
2026-10-02T01:46:50-04:00 record_context_device_setup_matrix.sh[2199058]: running case type-06--tracks
2026-10-02T01:46:50-04:00 record_context_device_setup_matrix.sh[2199058]: running case type-00--genre-tracks-all
2026-10-02T01:46:50-04:00 record_context_device_setup_matrix.sh[2199058]: running case type-01--genre-tracks-all
2026-10-02T01:46:51-04:00 record_context_device_setup_matrix.sh[2199058]: running case type-02--genre-tracks-all
2026-10-02T01:46:51-04:00 record_context_device_setup_matrix.sh[2199058]: running case type-05--genre-tracks-all
2026-10-02T01:46:51-04:00 record_context_device_setup_matrix.sh[2199058]: running case type-06--genre-tracks-all
2026-10-02T01:46:51-04:00 record_context_device_setup_matrix.sh[2199058]: running case type-00--root
2026-10-02T01:46:51-04:00 record_context_device_setup_matrix.sh[2199058]: running case type-01--root
2026-10-02T01:46:51-04:00 record_context_device_setup_matrix.sh[2199058]: running case type-00--search
2026-10-02T01:46:51-04:00 record_context_device_setup_matrix.sh[2199058]: running case type-01--search
2026-10-02T01:46:51-04:00 record_context_device_setup_matrix.sh[2199058]: verified 16 cases against /home/evan/workspace/rx3-research/rekordbox-link-export-research/conformance/goldens/rekordbox-7.2.19/xdj-rx3/context-device-setup-legacy.json
2026-10-02T01:46:51-04:00 record_context_device_setup_matrix.sh[2197074]: === cdj-3000: reset and launch ===
2026-10-02T01:46:51-04:00 record_context_device_setup_matrix.sh[2199221]: ** WARNING: connection is not using a post-quantum key exchange algorithm.
2026-10-02T01:46:51-04:00 record_context_device_setup_matrix.sh[2199221]: ** This session may be vulnerable to "store now, decrypt later" attacks.
2026-10-02T01:46:51-04:00 record_context_device_setup_matrix.sh[2199221]: ** The server may need to be upgraded. See https://openssh.com/pq.html
2026-10-02T01:46:52-04:00 record_context_device_setup_matrix.sh[2199221]: Guest staging directory is ready.
2026-10-02T01:46:53-04:00 record_context_device_setup_matrix.sh[2199267]: ** WARNING: connection is not using a post-quantum key exchange algorithm.
2026-10-02T01:46:53-04:00 record_context_device_setup_matrix.sh[2199267]: ** This session may be vulnerable to "store now, decrypt later" attacks.
2026-10-02T01:46:53-04:00 record_context_device_setup_matrix.sh[2199267]: ** The server may need to be upgraded. See https://openssh.com/pq.html
2026-10-02T01:46:56-04:00 record_context_device_setup_matrix.sh[2199311]: ** WARNING: connection is not using a post-quantum key exchange algorithm.
2026-10-02T01:46:56-04:00 record_context_device_setup_matrix.sh[2199311]: ** This session may be vulnerable to "store now, decrypt later" attacks.
2026-10-02T01:46:56-04:00 record_context_device_setup_matrix.sh[2199311]: ** The server may need to be upgraded. See https://openssh.com/pq.html
2026-10-02T01:46:56-04:00 record_context_device_setup_matrix.sh[2199316]: ** WARNING: connection is not using a post-quantum key exchange algorithm.
2026-10-02T01:46:56-04:00 record_context_device_setup_matrix.sh[2199316]: ** This session may be vulnerable to "store now, decrypt later" attacks.
2026-10-02T01:46:56-04:00 record_context_device_setup_matrix.sh[2199316]: ** The server may need to be upgraded. See https://openssh.com/pq.html
2026-10-02T01:46:57-04:00 record_context_device_setup_matrix.sh[2199336]: ** WARNING: connection is not using a post-quantum key exchange algorithm.
2026-10-02T01:46:57-04:00 record_context_device_setup_matrix.sh[2199336]: ** This session may be vulnerable to "store now, decrypt later" attacks.
2026-10-02T01:46:57-04:00 record_context_device_setup_matrix.sh[2199336]: ** The server may need to be upgraded. See https://openssh.com/pq.html
2026-10-02T01:47:05-04:00 record_context_device_setup_matrix.sh[2199336]: Rekordbox is stopped.
2026-10-02T01:47:06-04:00 record_context_device_setup_matrix.sh[2199600]: ** WARNING: connection is not using a post-quantum key exchange algorithm.
2026-10-02T01:47:06-04:00 record_context_device_setup_matrix.sh[2199600]: ** This session may be vulnerable to "store now, decrypt later" attacks.
2026-10-02T01:47:06-04:00 record_context_device_setup_matrix.sh[2199600]: ** The server may need to be upgraded. See https://openssh.com/pq.html
2026-10-02T01:47:08-04:00 record_context_device_setup_matrix.sh[2199600]: {
2026-10-02T01:47:08-04:00 record_context_device_setup_matrix.sh[2199600]:   "fixture_version": 1,
2026-10-02T01:47:08-04:00 record_context_device_setup_matrix.sh[2199600]:   "profile": "full",
2026-10-02T01:47:08-04:00 record_context_device_setup_matrix.sh[2199600]:   "database_sha256": "e8c45a7020a70103d6a15d5cf9aaa32a3d8c758c6c1f3f33b2a8d80872f7c812",
2026-10-02T01:47:08-04:00 record_context_device_setup_matrix.sh[2199600]:   "fixture_fingerprint": "c7b0b834a1a1320faaa3526c4792f0d31430c617ea9b8b6008521c514b67853c",
2026-10-02T01:47:08-04:00 record_context_device_setup_matrix.sh[2199600]:   "integrity": "ok",
2026-10-02T01:47:08-04:00 record_context_device_setup_matrix.sh[2199600]:   "track_count": 8,
2026-10-02T01:47:08-04:00 record_context_device_setup_matrix.sh[2199600]:   "ids": {
2026-10-02T01:47:08-04:00 record_context_device_setup_matrix.sh[2199600]:     "artist.alpha": 1001,
2026-10-02T01:47:08-04:00 record_context_device_setup_matrix.sh[2199600]:     "artist.beta": 1002,
2026-10-02T01:47:08-04:00 record_context_device_setup_matrix.sh[2199600]:     "artist.remixer": 1003,
2026-10-02T01:47:08-04:00 record_context_device_setup_matrix.sh[2199600]:     "artist.original": 1004,
2026-10-02T01:47:08-04:00 record_context_device_setup_matrix.sh[2199600]:     "album.one": 2001,
2026-10-02T01:47:08-04:00 record_context_device_setup_matrix.sh[2199600]:     "album.two": 2002,
2026-10-02T01:47:08-04:00 record_context_device_setup_matrix.sh[2199600]:     "album.three": 2003,
2026-10-02T01:47:08-04:00 record_context_device_setup_matrix.sh[2199600]:     "genre.house": 3001,
2026-10-02T01:47:08-04:00 record_context_device_setup_matrix.sh[2199600]:     "genre.techno": 3002,
2026-10-02T01:47:08-04:00 record_context_device_setup_matrix.sh[2199600]:     "label.one": 4001,
2026-10-02T01:47:08-04:00 record_context_device_setup_matrix.sh[2199600]:     "label.two": 4002,
2026-10-02T01:47:08-04:00 record_context_device_setup_matrix.sh[2199600]:     "key.am": 5001,
2026-10-02T01:47:08-04:00 record_context_device_setup_matrix.sh[2199600]:     "key.c": 5002,
2026-10-02T01:47:08-04:00 record_context_device_setup_matrix.sh[2199600]:     "playlist.cue_analysis": 200000,
2026-10-02T01:47:08-04:00 record_context_device_setup_matrix.sh[2199600]:     "playlist.folder": 6001,
2026-10-02T01:47:08-04:00 record_context_device_setup_matrix.sh[2199600]:     "playlist.primary": 6002,
2026-10-02T01:47:08-04:00 record_context_device_setup_matrix.sh[2199600]:     "playlist.empty": 6003,
2026-10-02T01:47:08-04:00 record_context_device_setup_matrix.sh[2199600]:     "history.one": 7001,
2026-10-02T01:47:08-04:00 record_context_device_setup_matrix.sh[2199600]:     "hotcue.folder": 8001,
2026-10-02T01:47:08-04:00 record_context_device_setup_matrix.sh[2199600]:     "hotcue.bank": 8002,
2026-10-02T01:47:08-04:00 record_context_device_setup_matrix.sh[2199600]:     "mytag.group.genre": 8501,
2026-10-02T01:47:08-04:00 record_context_device_setup_matrix.sh[2199600]:     "mytag.warmup": 8502,
2026-10-02T01:47:08-04:00 record_context_device_setup_matrix.sh[2199600]:     "mytag.group.components": 8503,
2026-10-02T01:47:08-04:00 record_context_device_setup_matrix.sh[2199600]:     "mytag.vocal": 8504,
2026-10-02T01:47:08-04:00 record_context_device_setup_matrix.sh[2199600]:     "mytag.empty": 8505,
2026-10-02T01:47:08-04:00 record_context_device_setup_matrix.sh[2199600]:     "track.first": 10001,
2026-10-02T01:47:08-04:00 record_context_device_setup_matrix.sh[2199600]:     "track.second": 10002,
2026-10-02T01:47:08-04:00 record_context_device_setup_matrix.sh[2199600]:     "track.third": 10003,
2026-10-02T01:47:08-04:00 record_context_device_setup_matrix.sh[2199600]:     "track.fourth": 10004,
2026-10-02T01:47:08-04:00 record_context_device_setup_matrix.sh[2199600]:     "track.fifth": 10005,
2026-10-02T01:47:08-04:00 record_context_device_setup_matrix.sh[2199600]:     "track.sixth": 10006,
2026-10-02T01:47:08-04:00 record_context_device_setup_matrix.sh[2199600]:     "track.seventh": 10007,
2026-10-02T01:47:08-04:00 record_context_device_setup_matrix.sh[2199600]:     "track.eighth": 10008,
2026-10-02T01:47:08-04:00 record_context_device_setup_matrix.sh[2199600]:     "track.deleted": 10999
2026-10-02T01:47:08-04:00 record_context_device_setup_matrix.sh[2199600]:   }
2026-10-02T01:47:08-04:00 record_context_device_setup_matrix.sh[2199600]: }
2026-10-02T01:47:08-04:00 record_context_device_setup_matrix.sh[2199600]: Fixture installed. Start rekordbox manually after reviewing the manifest above.
2026-10-02T01:47:08-04:00 record_context_device_setup_matrix.sh[2199672]: ** WARNING: connection is not using a post-quantum key exchange algorithm.
2026-10-02T01:47:08-04:00 record_context_device_setup_matrix.sh[2199672]: ** This session may be vulnerable to "store now, decrypt later" attacks.
2026-10-02T01:47:08-04:00 record_context_device_setup_matrix.sh[2199672]: ** The server may need to be upgraded. See https://openssh.com/pq.html
2026-10-02T01:47:09-04:00 record_context_device_setup_matrix.sh[2199686]: ** WARNING: connection is not using a post-quantum key exchange algorithm.
2026-10-02T01:47:09-04:00 record_context_device_setup_matrix.sh[2199686]: ** This session may be vulnerable to "store now, decrypt later" attacks.
2026-10-02T01:47:09-04:00 record_context_device_setup_matrix.sh[2199686]: ** The server may need to be upgraded. See https://openssh.com/pq.html
2026-10-02T01:47:10-04:00 record_context_device_setup_matrix.sh[2199737]: ** WARNING: connection is not using a post-quantum key exchange algorithm.
2026-10-02T01:47:10-04:00 record_context_device_setup_matrix.sh[2199737]: ** This session may be vulnerable to "store now, decrypt later" attacks.
2026-10-02T01:47:10-04:00 record_context_device_setup_matrix.sh[2199737]: ** The server may need to be upgraded. See https://openssh.com/pq.html
2026-10-02T01:47:10-04:00 record_context_device_setup_matrix.sh[2199745]: ** WARNING: connection is not using a post-quantum key exchange algorithm.
2026-10-02T01:47:10-04:00 record_context_device_setup_matrix.sh[2199745]: ** This session may be vulnerable to "store now, decrypt later" attacks.
2026-10-02T01:47:10-04:00 record_context_device_setup_matrix.sh[2199745]: ** The server may need to be upgraded. See https://openssh.com/pq.html
2026-10-02T01:47:49-04:00 record_context_device_setup_matrix.sh[2199745]: {
2026-10-02T01:47:49-04:00 record_context_device_setup_matrix.sh[2199745]:     "success":  true,
2026-10-02T01:47:49-04:00 record_context_device_setup_matrix.sh[2199745]:     "process_id":  6588,
2026-10-02T01:47:49-04:00 record_context_device_setup_matrix.sh[2199745]:     "main_window_handle":  852930,
2026-10-02T01:47:49-04:00 record_context_device_setup_matrix.sh[2199745]:     "ready_at":  1790920067
2026-10-02T01:47:49-04:00 record_context_device_setup_matrix.sh[2199745]: }
2026-10-02T01:47:49-04:00 record_context_device_setup_matrix.sh[2199675]: rekordbox interactive window is ready
2026-10-02T01:47:49-04:00 record_context_device_setup_matrix.sh[2197074]: === cdj-3000: record and immediate repeat ===
2026-10-02T01:47:52-04:00 systemd-run[2200661]: Running as unit: rekordbox-identity-1790920069.service; invocation ID: 15bbbe3edbfb4f32a46be43cecf51232
2026-10-02T01:48:03-04:00 record_context_device_setup_matrix.sh[2200913]:     Finished `release` profile [optimized] target(s) in 0.10s
2026-10-02T01:48:03-04:00 record_context_device_setup_matrix.sh[2200913]:      Running `conformance/target/release/link-export-conformance record --host 172.31.96.96 --suite /home/evan/workspace/rx3-research/rekordbox-link-export-research/conformance/suites/context-device-setup-extended.json --manifest /home/evan/workspace/rx3-research/rekordbox-link-export-research/conformance/fixtures/generated/full/manifest.json --identity /home/evan/workspace/rx3-research/rekordbox-link-export-research/conformance/runs/cdj-3000-player-1.json --backend rekordbox --backend-version 7.2.19 --golden /home/evan/workspace/rx3-research/rekordbox-link-export-research/conformance/goldens/rekordbox-7.2.19/cdj-3000/context-device-setup-extended.json`
2026-10-02T01:48:04-04:00 record_context_device_setup_matrix.sh[2200913]: running case type-00--tracks
2026-10-02T01:48:04-04:00 record_context_device_setup_matrix.sh[2200913]: running case type-01--tracks
2026-10-02T01:48:04-04:00 record_context_device_setup_matrix.sh[2200913]: running case type-02--tracks
2026-10-02T01:48:04-04:00 record_context_device_setup_matrix.sh[2200913]: running case type-03--tracks
2026-10-02T01:48:07-04:00 record_context_device_setup_matrix.sh[2200913]: running case type-04--tracks
2026-10-02T01:48:10-04:00 record_context_device_setup_matrix.sh[2200913]: running case type-05--tracks
2026-10-02T01:48:10-04:00 record_context_device_setup_matrix.sh[2200913]: running case type-06--tracks
2026-10-02T01:48:11-04:00 record_context_device_setup_matrix.sh[2200913]: running case type-00--genre-tracks-all
2026-10-02T01:48:11-04:00 record_context_device_setup_matrix.sh[2200913]: running case type-01--genre-tracks-all
2026-10-02T01:48:11-04:00 record_context_device_setup_matrix.sh[2200913]: running case type-02--genre-tracks-all
2026-10-02T01:48:11-04:00 record_context_device_setup_matrix.sh[2200913]: running case type-05--genre-tracks-all
2026-10-02T01:48:11-04:00 record_context_device_setup_matrix.sh[2200913]: running case type-06--genre-tracks-all
2026-10-02T01:48:11-04:00 record_context_device_setup_matrix.sh[2200913]: running case type-00--root
2026-10-02T01:48:11-04:00 record_context_device_setup_matrix.sh[2200913]: running case type-01--root
2026-10-02T01:48:11-04:00 record_context_device_setup_matrix.sh[2200913]: running case type-00--search
2026-10-02T01:48:11-04:00 record_context_device_setup_matrix.sh[2200913]: running case type-01--search
2026-10-02T01:48:11-04:00 record_context_device_setup_matrix.sh[2200913]: recorded 16 cases to /home/evan/workspace/rx3-research/rekordbox-link-export-research/conformance/goldens/rekordbox-7.2.19/cdj-3000/context-device-setup-extended.json
2026-10-02T01:48:11-04:00 record_context_device_setup_matrix.sh[2201144]:     Finished `release` profile [optimized] target(s) in 0.10s
2026-10-02T01:48:11-04:00 record_context_device_setup_matrix.sh[2201144]:      Running `conformance/target/release/link-export-conformance verify --host 172.31.96.96 --suite /home/evan/workspace/rx3-research/rekordbox-link-export-research/conformance/suites/context-device-setup-extended.json --manifest /home/evan/workspace/rx3-research/rekordbox-link-export-research/conformance/fixtures/generated/full/manifest.json --identity /home/evan/workspace/rx3-research/rekordbox-link-export-research/conformance/runs/cdj-3000-player-1.json --backend rekordbox-repeat --backend-version 7.2.19 --golden /home/evan/workspace/rx3-research/rekordbox-link-export-research/conformance/goldens/rekordbox-7.2.19/cdj-3000/context-device-setup-extended.json`
2026-10-02T01:48:11-04:00 record_context_device_setup_matrix.sh[2201144]: running case type-00--tracks
2026-10-02T01:48:11-04:00 record_context_device_setup_matrix.sh[2201144]: running case type-01--tracks
2026-10-02T01:48:11-04:00 record_context_device_setup_matrix.sh[2201144]: running case type-02--tracks
2026-10-02T01:48:11-04:00 record_context_device_setup_matrix.sh[2201144]: running case type-03--tracks
2026-10-02T01:48:14-04:00 record_context_device_setup_matrix.sh[2201144]: running case type-04--tracks
2026-10-02T01:48:17-04:00 record_context_device_setup_matrix.sh[2201144]: running case type-05--tracks
2026-10-02T01:48:18-04:00 record_context_device_setup_matrix.sh[2201144]: running case type-06--tracks
2026-10-02T01:48:18-04:00 record_context_device_setup_matrix.sh[2201144]: running case type-00--genre-tracks-all
2026-10-02T01:48:18-04:00 record_context_device_setup_matrix.sh[2201144]: running case type-01--genre-tracks-all
2026-10-02T01:48:18-04:00 record_context_device_setup_matrix.sh[2201144]: running case type-02--genre-tracks-all
2026-10-02T01:48:18-04:00 record_context_device_setup_matrix.sh[2201144]: running case type-05--genre-tracks-all
2026-10-02T01:48:18-04:00 record_context_device_setup_matrix.sh[2201144]: running case type-06--genre-tracks-all
2026-10-02T01:48:18-04:00 record_context_device_setup_matrix.sh[2201144]: running case type-00--root
2026-10-02T01:48:18-04:00 record_context_device_setup_matrix.sh[2201144]: running case type-01--root
2026-10-02T01:48:18-04:00 record_context_device_setup_matrix.sh[2201144]: running case type-00--search
2026-10-02T01:48:18-04:00 record_context_device_setup_matrix.sh[2201144]: running case type-01--search
2026-10-02T01:48:18-04:00 record_context_device_setup_matrix.sh[2201144]: verified 16 cases against /home/evan/workspace/rx3-research/rekordbox-link-export-research/conformance/goldens/rekordbox-7.2.19/cdj-3000/context-device-setup-extended.json
2026-10-02T01:48:18-04:00 record_context_device_setup_matrix.sh[2201261]:     Finished `release` profile [optimized] target(s) in 0.12s
2026-10-02T01:48:18-04:00 record_context_device_setup_matrix.sh[2201261]:      Running `conformance/target/release/link-export-conformance record --host 172.31.96.96 --suite /home/evan/workspace/rx3-research/rekordbox-link-export-research/conformance/suites/context-device-setup-legacy.json --manifest /home/evan/workspace/rx3-research/rekordbox-link-export-research/conformance/fixtures/generated/full/manifest.json --identity /home/evan/workspace/rx3-research/rekordbox-link-export-research/conformance/runs/cdj-3000-player-1.json --backend rekordbox --backend-version 7.2.19 --golden /home/evan/workspace/rx3-research/rekordbox-link-export-research/conformance/goldens/rekordbox-7.2.19/cdj-3000/context-device-setup-legacy.json`
2026-10-02T01:48:18-04:00 record_context_device_setup_matrix.sh[2201261]: running case type-00--tracks
2026-10-02T01:48:18-04:00 record_context_device_setup_matrix.sh[2201261]: running case type-01--tracks
2026-10-02T01:48:18-04:00 record_context_device_setup_matrix.sh[2201261]: running case type-02--tracks
2026-10-02T01:48:18-04:00 record_context_device_setup_matrix.sh[2201261]: running case type-03--tracks
2026-10-02T01:48:21-04:00 record_context_device_setup_matrix.sh[2201261]: running case type-04--tracks
2026-10-02T01:48:25-04:00 record_context_device_setup_matrix.sh[2201261]: running case type-05--tracks
2026-10-02T01:48:25-04:00 record_context_device_setup_matrix.sh[2201261]: running case type-06--tracks
2026-10-02T01:48:25-04:00 record_context_device_setup_matrix.sh[2201261]: running case type-00--genre-tracks-all
2026-10-02T01:48:25-04:00 record_context_device_setup_matrix.sh[2201261]: running case type-01--genre-tracks-all
2026-10-02T01:48:25-04:00 record_context_device_setup_matrix.sh[2201261]: running case type-02--genre-tracks-all
2026-10-02T01:48:25-04:00 record_context_device_setup_matrix.sh[2201261]: running case type-05--genre-tracks-all
2026-10-02T01:48:25-04:00 record_context_device_setup_matrix.sh[2201261]: running case type-06--genre-tracks-all
2026-10-02T01:48:25-04:00 record_context_device_setup_matrix.sh[2201261]: running case type-00--root
2026-10-02T01:48:25-04:00 record_context_device_setup_matrix.sh[2201261]: running case type-01--root
2026-10-02T01:48:25-04:00 record_context_device_setup_matrix.sh[2201261]: running case type-00--search
2026-10-02T01:48:25-04:00 record_context_device_setup_matrix.sh[2201261]: running case type-01--search
2026-10-02T01:48:25-04:00 record_context_device_setup_matrix.sh[2201261]: recorded 16 cases to /home/evan/workspace/rx3-research/rekordbox-link-export-research/conformance/goldens/rekordbox-7.2.19/cdj-3000/context-device-setup-legacy.json
2026-10-02T01:48:25-04:00 record_context_device_setup_matrix.sh[2201403]:     Finished `release` profile [optimized] target(s) in 0.11s
2026-10-02T01:48:25-04:00 record_context_device_setup_matrix.sh[2201403]:      Running `conformance/target/release/link-export-conformance verify --host 172.31.96.96 --suite /home/evan/workspace/rx3-research/rekordbox-link-export-research/conformance/suites/context-device-setup-legacy.json --manifest /home/evan/workspace/rx3-research/rekordbox-link-export-research/conformance/fixtures/generated/full/manifest.json --identity /home/evan/workspace/rx3-research/rekordbox-link-export-research/conformance/runs/cdj-3000-player-1.json --backend rekordbox-repeat --backend-version 7.2.19 --golden /home/evan/workspace/rx3-research/rekordbox-link-export-research/conformance/goldens/rekordbox-7.2.19/cdj-3000/context-device-setup-legacy.json`
2026-10-02T01:48:25-04:00 record_context_device_setup_matrix.sh[2201403]: running case type-00--tracks
2026-10-02T01:48:25-04:00 record_context_device_setup_matrix.sh[2201403]: running case type-01--tracks
2026-10-02T01:48:25-04:00 record_context_device_setup_matrix.sh[2201403]: running case type-02--tracks
2026-10-02T01:48:25-04:00 record_context_device_setup_matrix.sh[2201403]: running case type-03--tracks
2026-10-02T01:48:29-04:00 record_context_device_setup_matrix.sh[2201403]: running case type-04--tracks
2026-10-02T01:48:32-04:00 record_context_device_setup_matrix.sh[2201403]: running case type-05--tracks
2026-10-02T01:48:32-04:00 record_context_device_setup_matrix.sh[2201403]: running case type-06--tracks
2026-10-02T01:48:32-04:00 record_context_device_setup_matrix.sh[2201403]: running case type-00--genre-tracks-all
2026-10-02T01:48:32-04:00 record_context_device_setup_matrix.sh[2201403]: running case type-01--genre-tracks-all
2026-10-02T01:48:32-04:00 record_context_device_setup_matrix.sh[2201403]: running case type-02--genre-tracks-all
2026-10-02T01:48:32-04:00 record_context_device_setup_matrix.sh[2201403]: running case type-05--genre-tracks-all
2026-10-02T01:48:32-04:00 record_context_device_setup_matrix.sh[2201403]: running case type-06--genre-tracks-all
2026-10-02T01:48:32-04:00 record_context_device_setup_matrix.sh[2201403]: running case type-00--root
2026-10-02T01:48:32-04:00 record_context_device_setup_matrix.sh[2201403]: running case type-01--root
2026-10-02T01:48:32-04:00 record_context_device_setup_matrix.sh[2201403]: running case type-00--search
2026-10-02T01:48:32-04:00 record_context_device_setup_matrix.sh[2201403]: running case type-01--search
2026-10-02T01:48:32-04:00 record_context_device_setup_matrix.sh[2201403]: verified 16 cases against /home/evan/workspace/rx3-research/rekordbox-link-export-research/conformance/goldens/rekordbox-7.2.19/cdj-3000/context-device-setup-legacy.json
2026-10-02T01:48:32-04:00 record_context_device_setup_matrix.sh[2197074]: === cdj-2000nxs2: reset and launch ===
2026-10-02T01:48:33-04:00 record_context_device_setup_matrix.sh[2201569]: ** WARNING: connection is not using a post-quantum key exchange algorithm.
2026-10-02T01:48:33-04:00 record_context_device_setup_matrix.sh[2201569]: ** This session may be vulnerable to "store now, decrypt later" attacks.
2026-10-02T01:48:33-04:00 record_context_device_setup_matrix.sh[2201569]: ** The server may need to be upgraded. See https://openssh.com/pq.html
2026-10-02T01:48:34-04:00 record_context_device_setup_matrix.sh[2201569]: Guest staging directory is ready.
2026-10-02T01:48:35-04:00 record_context_device_setup_matrix.sh[2201615]: ** WARNING: connection is not using a post-quantum key exchange algorithm.
2026-10-02T01:48:35-04:00 record_context_device_setup_matrix.sh[2201615]: ** This session may be vulnerable to "store now, decrypt later" attacks.
2026-10-02T01:48:35-04:00 record_context_device_setup_matrix.sh[2201615]: ** The server may need to be upgraded. See https://openssh.com/pq.html
2026-10-02T01:48:38-04:00 record_context_device_setup_matrix.sh[2201662]: ** WARNING: connection is not using a post-quantum key exchange algorithm.
2026-10-02T01:48:38-04:00 record_context_device_setup_matrix.sh[2201662]: ** This session may be vulnerable to "store now, decrypt later" attacks.
2026-10-02T01:48:38-04:00 record_context_device_setup_matrix.sh[2201662]: ** The server may need to be upgraded. See https://openssh.com/pq.html
2026-10-02T01:48:39-04:00 record_context_device_setup_matrix.sh[2201711]: ** WARNING: connection is not using a post-quantum key exchange algorithm.
2026-10-02T01:48:39-04:00 record_context_device_setup_matrix.sh[2201711]: ** This session may be vulnerable to "store now, decrypt later" attacks.
2026-10-02T01:48:39-04:00 record_context_device_setup_matrix.sh[2201711]: ** The server may need to be upgraded. See https://openssh.com/pq.html
2026-10-02T01:48:40-04:00 record_context_device_setup_matrix.sh[2201735]: ** WARNING: connection is not using a post-quantum key exchange algorithm.
2026-10-02T01:48:40-04:00 record_context_device_setup_matrix.sh[2201735]: ** This session may be vulnerable to "store now, decrypt later" attacks.
2026-10-02T01:48:40-04:00 record_context_device_setup_matrix.sh[2201735]: ** The server may need to be upgraded. See https://openssh.com/pq.html
2026-10-02T01:48:48-04:00 record_context_device_setup_matrix.sh[2201735]: Rekordbox is stopped.
2026-10-02T01:48:50-04:00 record_context_device_setup_matrix.sh[2201927]: ** WARNING: connection is not using a post-quantum key exchange algorithm.
2026-10-02T01:48:50-04:00 record_context_device_setup_matrix.sh[2201927]: ** This session may be vulnerable to "store now, decrypt later" attacks.
2026-10-02T01:48:50-04:00 record_context_device_setup_matrix.sh[2201927]: ** The server may need to be upgraded. See https://openssh.com/pq.html
2026-10-02T01:48:51-04:00 record_context_device_setup_matrix.sh[2201927]: {
2026-10-02T01:48:51-04:00 record_context_device_setup_matrix.sh[2201927]:   "fixture_version": 1,
2026-10-02T01:48:51-04:00 record_context_device_setup_matrix.sh[2201927]:   "profile": "full",
2026-10-02T01:48:51-04:00 record_context_device_setup_matrix.sh[2201927]:   "database_sha256": "e8c45a7020a70103d6a15d5cf9aaa32a3d8c758c6c1f3f33b2a8d80872f7c812",
2026-10-02T01:48:51-04:00 record_context_device_setup_matrix.sh[2201927]:   "fixture_fingerprint": "c7b0b834a1a1320faaa3526c4792f0d31430c617ea9b8b6008521c514b67853c",
2026-10-02T01:48:51-04:00 record_context_device_setup_matrix.sh[2201927]:   "integrity": "ok",
2026-10-02T01:48:51-04:00 record_context_device_setup_matrix.sh[2201927]:   "track_count": 8,
2026-10-02T01:48:51-04:00 record_context_device_setup_matrix.sh[2201927]:   "ids": {
2026-10-02T01:48:51-04:00 record_context_device_setup_matrix.sh[2201927]:     "artist.alpha": 1001,
2026-10-02T01:48:51-04:00 record_context_device_setup_matrix.sh[2201927]:     "artist.beta": 1002,
2026-10-02T01:48:51-04:00 record_context_device_setup_matrix.sh[2201927]:     "artist.remixer": 1003,
2026-10-02T01:48:51-04:00 record_context_device_setup_matrix.sh[2201927]:     "artist.original": 1004,
2026-10-02T01:48:51-04:00 record_context_device_setup_matrix.sh[2201927]:     "album.one": 2001,
2026-10-02T01:48:51-04:00 record_context_device_setup_matrix.sh[2201927]:     "album.two": 2002,
2026-10-02T01:48:51-04:00 record_context_device_setup_matrix.sh[2201927]:     "album.three": 2003,
2026-10-02T01:48:51-04:00 record_context_device_setup_matrix.sh[2201927]:     "genre.house": 3001,
2026-10-02T01:48:51-04:00 record_context_device_setup_matrix.sh[2201927]:     "genre.techno": 3002,
2026-10-02T01:48:51-04:00 record_context_device_setup_matrix.sh[2201927]:     "label.one": 4001,
2026-10-02T01:48:51-04:00 record_context_device_setup_matrix.sh[2201927]:     "label.two": 4002,
2026-10-02T01:48:51-04:00 record_context_device_setup_matrix.sh[2201927]:     "key.am": 5001,
2026-10-02T01:48:51-04:00 record_context_device_setup_matrix.sh[2201927]:     "key.c": 5002,
2026-10-02T01:48:51-04:00 record_context_device_setup_matrix.sh[2201927]:     "playlist.cue_analysis": 200000,
2026-10-02T01:48:51-04:00 record_context_device_setup_matrix.sh[2201927]:     "playlist.folder": 6001,
2026-10-02T01:48:51-04:00 record_context_device_setup_matrix.sh[2201927]:     "playlist.primary": 6002,
2026-10-02T01:48:51-04:00 record_context_device_setup_matrix.sh[2201927]:     "playlist.empty": 6003,
2026-10-02T01:48:51-04:00 record_context_device_setup_matrix.sh[2201927]:     "history.one": 7001,
2026-10-02T01:48:51-04:00 record_context_device_setup_matrix.sh[2201927]:     "hotcue.folder": 8001,
2026-10-02T01:48:51-04:00 record_context_device_setup_matrix.sh[2201927]:     "hotcue.bank": 8002,
2026-10-02T01:48:51-04:00 record_context_device_setup_matrix.sh[2201927]:     "mytag.group.genre": 8501,
2026-10-02T01:48:51-04:00 record_context_device_setup_matrix.sh[2201927]:     "mytag.warmup": 8502,
2026-10-02T01:48:51-04:00 record_context_device_setup_matrix.sh[2201927]:     "mytag.group.components": 8503,
2026-10-02T01:48:51-04:00 record_context_device_setup_matrix.sh[2201927]:     "mytag.vocal": 8504,
2026-10-02T01:48:51-04:00 record_context_device_setup_matrix.sh[2201927]:     "mytag.empty": 8505,
2026-10-02T01:48:51-04:00 record_context_device_setup_matrix.sh[2201927]:     "track.first": 10001,
2026-10-02T01:48:51-04:00 record_context_device_setup_matrix.sh[2201927]:     "track.second": 10002,
2026-10-02T01:48:51-04:00 record_context_device_setup_matrix.sh[2201927]:     "track.third": 10003,
2026-10-02T01:48:51-04:00 record_context_device_setup_matrix.sh[2201927]:     "track.fourth": 10004,
2026-10-02T01:48:51-04:00 record_context_device_setup_matrix.sh[2201927]:     "track.fifth": 10005,
2026-10-02T01:48:51-04:00 record_context_device_setup_matrix.sh[2201927]:     "track.sixth": 10006,
2026-10-02T01:48:51-04:00 record_context_device_setup_matrix.sh[2201927]:     "track.seventh": 10007,
2026-10-02T01:48:51-04:00 record_context_device_setup_matrix.sh[2201927]:     "track.eighth": 10008,
2026-10-02T01:48:51-04:00 record_context_device_setup_matrix.sh[2201927]:     "track.deleted": 10999
2026-10-02T01:48:51-04:00 record_context_device_setup_matrix.sh[2201927]:   }
2026-10-02T01:48:51-04:00 record_context_device_setup_matrix.sh[2201927]: }
2026-10-02T01:48:51-04:00 record_context_device_setup_matrix.sh[2201927]: Fixture installed. Start rekordbox manually after reviewing the manifest above.
2026-10-02T01:48:51-04:00 record_context_device_setup_matrix.sh[2201978]: ** WARNING: connection is not using a post-quantum key exchange algorithm.
2026-10-02T01:48:51-04:00 record_context_device_setup_matrix.sh[2201978]: ** This session may be vulnerable to "store now, decrypt later" attacks.
2026-10-02T01:48:51-04:00 record_context_device_setup_matrix.sh[2201978]: ** The server may need to be upgraded. See https://openssh.com/pq.html
2026-10-02T01:48:52-04:00 record_context_device_setup_matrix.sh[2201991]: ** WARNING: connection is not using a post-quantum key exchange algorithm.
2026-10-02T01:48:52-04:00 record_context_device_setup_matrix.sh[2201991]: ** This session may be vulnerable to "store now, decrypt later" attacks.
2026-10-02T01:48:52-04:00 record_context_device_setup_matrix.sh[2201991]: ** The server may need to be upgraded. See https://openssh.com/pq.html
2026-10-02T01:48:53-04:00 record_context_device_setup_matrix.sh[2201997]: ** WARNING: connection is not using a post-quantum key exchange algorithm.
2026-10-02T01:48:53-04:00 record_context_device_setup_matrix.sh[2201997]: ** This session may be vulnerable to "store now, decrypt later" attacks.
2026-10-02T01:48:53-04:00 record_context_device_setup_matrix.sh[2201997]: ** The server may need to be upgraded. See https://openssh.com/pq.html
2026-10-02T01:48:53-04:00 record_context_device_setup_matrix.sh[2202047]: ** WARNING: connection is not using a post-quantum key exchange algorithm.
2026-10-02T01:48:53-04:00 record_context_device_setup_matrix.sh[2202047]: ** This session may be vulnerable to "store now, decrypt later" attacks.
2026-10-02T01:48:53-04:00 record_context_device_setup_matrix.sh[2202047]: ** The server may need to be upgraded. See https://openssh.com/pq.html
2026-10-02T01:49:31-04:00 record_context_device_setup_matrix.sh[2202047]: {
2026-10-02T01:49:31-04:00 record_context_device_setup_matrix.sh[2202047]:     "success":  true,
2026-10-02T01:49:31-04:00 record_context_device_setup_matrix.sh[2202047]:     "process_id":  5088,
2026-10-02T01:49:31-04:00 record_context_device_setup_matrix.sh[2202047]:     "main_window_handle":  262726,
2026-10-02T01:49:31-04:00 record_context_device_setup_matrix.sh[2202047]:     "ready_at":  1790920170
2026-10-02T01:49:31-04:00 record_context_device_setup_matrix.sh[2202047]: }
2026-10-02T01:49:32-04:00 record_context_device_setup_matrix.sh[2197074]: === cdj-2000nxs2: record and immediate repeat ===
2026-10-02T01:49:35-04:00 systemd-run[2203003]: Running as unit: rekordbox-identity-1790920172.service; invocation ID: d82ec6461cf84970b0153ce7e872e2f9
2026-10-02T01:49:46-04:00 record_context_device_setup_matrix.sh[2203255]:     Finished `release` profile [optimized] target(s) in 0.11s
2026-10-02T01:49:46-04:00 record_context_device_setup_matrix.sh[2203255]:      Running `conformance/target/release/link-export-conformance record --host 172.31.96.96 --suite /home/evan/workspace/rx3-research/rekordbox-link-export-research/conformance/suites/context-device-setup-extended.json --manifest /home/evan/workspace/rx3-research/rekordbox-link-export-research/conformance/fixtures/generated/full/manifest.json --identity /home/evan/workspace/rx3-research/rekordbox-link-export-research/conformance/runs/cdj-2000nxs2-player-2.json --backend rekordbox --backend-version 7.2.19 --golden /home/evan/workspace/rx3-research/rekordbox-link-export-research/conformance/goldens/rekordbox-7.2.19/cdj-2000nxs2/context-device-setup-extended.json`
2026-10-02T01:49:46-04:00 record_context_device_setup_matrix.sh[2203255]: running case type-00--tracks
2026-10-02T01:49:46-04:00 record_context_device_setup_matrix.sh[2203255]: running case type-01--tracks
2026-10-02T01:49:47-04:00 record_context_device_setup_matrix.sh[2203255]: running case type-02--tracks
2026-10-02T01:49:47-04:00 record_context_device_setup_matrix.sh[2203255]: running case type-03--tracks
2026-10-02T01:49:50-04:00 record_context_device_setup_matrix.sh[2203255]: running case type-04--tracks
2026-10-02T01:49:53-04:00 record_context_device_setup_matrix.sh[2203255]: running case type-05--tracks
2026-10-02T01:49:53-04:00 record_context_device_setup_matrix.sh[2203255]: running case type-06--tracks
2026-10-02T01:49:53-04:00 record_context_device_setup_matrix.sh[2203255]: running case type-00--genre-tracks-all
2026-10-02T01:49:53-04:00 record_context_device_setup_matrix.sh[2203255]: running case type-01--genre-tracks-all
2026-10-02T01:49:53-04:00 record_context_device_setup_matrix.sh[2203255]: running case type-02--genre-tracks-all
2026-10-02T01:49:53-04:00 record_context_device_setup_matrix.sh[2203255]: running case type-05--genre-tracks-all
2026-10-02T01:49:53-04:00 record_context_device_setup_matrix.sh[2203255]: running case type-06--genre-tracks-all
2026-10-02T01:49:53-04:00 record_context_device_setup_matrix.sh[2203255]: running case type-00--root
2026-10-02T01:49:53-04:00 record_context_device_setup_matrix.sh[2203255]: running case type-01--root
2026-10-02T01:49:53-04:00 record_context_device_setup_matrix.sh[2203255]: running case type-00--search
2026-10-02T01:49:53-04:00 record_context_device_setup_matrix.sh[2203255]: running case type-01--search
2026-10-02T01:49:53-04:00 record_context_device_setup_matrix.sh[2203255]: recorded 16 cases to /home/evan/workspace/rx3-research/rekordbox-link-export-research/conformance/goldens/rekordbox-7.2.19/cdj-2000nxs2/context-device-setup-extended.json
2026-10-02T01:49:54-04:00 record_context_device_setup_matrix.sh[2203399]:     Finished `release` profile [optimized] target(s) in 0.10s
2026-10-02T01:49:54-04:00 record_context_device_setup_matrix.sh[2203399]:      Running `conformance/target/release/link-export-conformance verify --host 172.31.96.96 --suite /home/evan/workspace/rx3-research/rekordbox-link-export-research/conformance/suites/context-device-setup-extended.json --manifest /home/evan/workspace/rx3-research/rekordbox-link-export-research/conformance/fixtures/generated/full/manifest.json --identity /home/evan/workspace/rx3-research/rekordbox-link-export-research/conformance/runs/cdj-2000nxs2-player-2.json --backend rekordbox-repeat --backend-version 7.2.19 --golden /home/evan/workspace/rx3-research/rekordbox-link-export-research/conformance/goldens/rekordbox-7.2.19/cdj-2000nxs2/context-device-setup-extended.json`
2026-10-02T01:49:54-04:00 record_context_device_setup_matrix.sh[2203399]: running case type-00--tracks
2026-10-02T01:49:54-04:00 record_context_device_setup_matrix.sh[2203399]: running case type-01--tracks
2026-10-02T01:49:54-04:00 record_context_device_setup_matrix.sh[2203399]: running case type-02--tracks
2026-10-02T01:49:54-04:00 record_context_device_setup_matrix.sh[2203399]: running case type-03--tracks
2026-10-02T01:49:57-04:00 record_context_device_setup_matrix.sh[2203399]: running case type-04--tracks
2026-10-02T01:50:00-04:00 record_context_device_setup_matrix.sh[2203399]: running case type-05--tracks
2026-10-02T01:50:00-04:00 record_context_device_setup_matrix.sh[2203399]: running case type-06--tracks
2026-10-02T01:50:00-04:00 record_context_device_setup_matrix.sh[2203399]: running case type-00--genre-tracks-all
2026-10-02T01:50:00-04:00 record_context_device_setup_matrix.sh[2203399]: running case type-01--genre-tracks-all
2026-10-02T01:50:00-04:00 record_context_device_setup_matrix.sh[2203399]: running case type-02--genre-tracks-all
2026-10-02T01:50:01-04:00 record_context_device_setup_matrix.sh[2203399]: running case type-05--genre-tracks-all
2026-10-02T01:50:01-04:00 record_context_device_setup_matrix.sh[2203399]: running case type-06--genre-tracks-all
2026-10-02T01:50:01-04:00 record_context_device_setup_matrix.sh[2203399]: running case type-00--root
2026-10-02T01:50:01-04:00 record_context_device_setup_matrix.sh[2203399]: running case type-01--root
2026-10-02T01:50:01-04:00 record_context_device_setup_matrix.sh[2203399]: running case type-00--search
2026-10-02T01:50:01-04:00 record_context_device_setup_matrix.sh[2203399]: running case type-01--search
2026-10-02T01:50:01-04:00 record_context_device_setup_matrix.sh[2203399]: verified 16 cases against /home/evan/workspace/rx3-research/rekordbox-link-export-research/conformance/goldens/rekordbox-7.2.19/cdj-2000nxs2/context-device-setup-extended.json
2026-10-02T01:50:01-04:00 record_context_device_setup_matrix.sh[2203613]:     Finished `release` profile [optimized] target(s) in 0.11s
2026-10-02T01:50:01-04:00 record_context_device_setup_matrix.sh[2203613]:      Running `conformance/target/release/link-export-conformance record --host 172.31.96.96 --suite /home/evan/workspace/rx3-research/rekordbox-link-export-research/conformance/suites/context-device-setup-legacy.json --manifest /home/evan/workspace/rx3-research/rekordbox-link-export-research/conformance/fixtures/generated/full/manifest.json --identity /home/evan/workspace/rx3-research/rekordbox-link-export-research/conformance/runs/cdj-2000nxs2-player-2.json --backend rekordbox --backend-version 7.2.19 --golden /home/evan/workspace/rx3-research/rekordbox-link-export-research/conformance/goldens/rekordbox-7.2.19/cdj-2000nxs2/context-device-setup-legacy.json`
2026-10-02T01:50:01-04:00 record_context_device_setup_matrix.sh[2203613]: running case type-00--tracks
2026-10-02T01:50:01-04:00 record_context_device_setup_matrix.sh[2203613]: running case type-01--tracks
2026-10-02T01:50:01-04:00 record_context_device_setup_matrix.sh[2203613]: running case type-02--tracks
2026-10-02T01:50:01-04:00 record_context_device_setup_matrix.sh[2203613]: running case type-03--tracks
2026-10-02T01:50:04-04:00 record_context_device_setup_matrix.sh[2203613]: running case type-04--tracks
2026-10-02T01:50:07-04:00 record_context_device_setup_matrix.sh[2203613]: running case type-05--tracks
2026-10-02T01:50:08-04:00 record_context_device_setup_matrix.sh[2203613]: running case type-06--tracks
2026-10-02T01:50:08-04:00 record_context_device_setup_matrix.sh[2203613]: running case type-00--genre-tracks-all
2026-10-02T01:50:08-04:00 record_context_device_setup_matrix.sh[2203613]: running case type-01--genre-tracks-all
2026-10-02T01:50:08-04:00 record_context_device_setup_matrix.sh[2203613]: running case type-02--genre-tracks-all
2026-10-02T01:50:08-04:00 record_context_device_setup_matrix.sh[2203613]: running case type-05--genre-tracks-all
2026-10-02T01:50:08-04:00 record_context_device_setup_matrix.sh[2203613]: running case type-06--genre-tracks-all
2026-10-02T01:50:08-04:00 record_context_device_setup_matrix.sh[2203613]: running case type-00--root
2026-10-02T01:50:08-04:00 record_context_device_setup_matrix.sh[2203613]: running case type-01--root
2026-10-02T01:50:08-04:00 record_context_device_setup_matrix.sh[2203613]: running case type-00--search
2026-10-02T01:50:08-04:00 record_context_device_setup_matrix.sh[2203613]: running case type-01--search
2026-10-02T01:50:08-04:00 record_context_device_setup_matrix.sh[2203613]: recorded 16 cases to /home/evan/workspace/rx3-research/rekordbox-link-export-research/conformance/goldens/rekordbox-7.2.19/cdj-2000nxs2/context-device-setup-legacy.json
2026-10-02T01:50:08-04:00 record_context_device_setup_matrix.sh[2203781]:     Finished `release` profile [optimized] target(s) in 0.11s
2026-10-02T01:50:08-04:00 record_context_device_setup_matrix.sh[2203781]:      Running `conformance/target/release/link-export-conformance verify --host 172.31.96.96 --suite /home/evan/workspace/rx3-research/rekordbox-link-export-research/conformance/suites/context-device-setup-legacy.json --manifest /home/evan/workspace/rx3-research/rekordbox-link-export-research/conformance/fixtures/generated/full/manifest.json --identity /home/evan/workspace/rx3-research/rekordbox-link-export-research/conformance/runs/cdj-2000nxs2-player-2.json --backend rekordbox-repeat --backend-version 7.2.19 --golden /home/evan/workspace/rx3-research/rekordbox-link-export-research/conformance/goldens/rekordbox-7.2.19/cdj-2000nxs2/context-device-setup-legacy.json`
2026-10-02T01:50:08-04:00 record_context_device_setup_matrix.sh[2203781]: running case type-00--tracks
2026-10-02T01:50:08-04:00 record_context_device_setup_matrix.sh[2203781]: running case type-01--tracks
2026-10-02T01:50:08-04:00 record_context_device_setup_matrix.sh[2203781]: running case type-02--tracks
2026-10-02T01:50:08-04:00 record_context_device_setup_matrix.sh[2203781]: running case type-03--tracks
2026-10-02T01:50:11-04:00 record_context_device_setup_matrix.sh[2203781]: running case type-04--tracks
2026-10-02T01:50:15-04:00 record_context_device_setup_matrix.sh[2203781]: running case type-05--tracks
2026-10-02T01:50:15-04:00 record_context_device_setup_matrix.sh[2203781]: running case type-06--tracks
2026-10-02T01:50:15-04:00 record_context_device_setup_matrix.sh[2203781]: running case type-00--genre-tracks-all
2026-10-02T01:50:15-04:00 record_context_device_setup_matrix.sh[2203781]: running case type-01--genre-tracks-all
2026-10-02T01:50:15-04:00 record_context_device_setup_matrix.sh[2203781]: running case type-02--genre-tracks-all
2026-10-02T01:50:15-04:00 record_context_device_setup_matrix.sh[2203781]: running case type-05--genre-tracks-all
2026-10-02T01:50:15-04:00 record_context_device_setup_matrix.sh[2203781]: running case type-06--genre-tracks-all
2026-10-02T01:50:15-04:00 record_context_device_setup_matrix.sh[2203781]: running case type-00--root
2026-10-02T01:50:15-04:00 record_context_device_setup_matrix.sh[2203781]: running case type-01--root
2026-10-02T01:50:15-04:00 record_context_device_setup_matrix.sh[2203781]: running case type-00--search
2026-10-02T01:50:15-04:00 record_context_device_setup_matrix.sh[2203781]: running case type-01--search
2026-10-02T01:50:15-04:00 record_context_device_setup_matrix.sh[2203781]: verified 16 cases against /home/evan/workspace/rx3-research/rekordbox-link-export-research/conformance/goldens/rekordbox-7.2.19/cdj-2000nxs2/context-device-setup-legacy.json
2026-10-02T01:50:15-04:00 record_context_device_setup_matrix.sh[2197074]: === xdj-xz: reset and launch ===
2026-10-02T01:50:16-04:00 record_context_device_setup_matrix.sh[2203966]: ** WARNING: connection is not using a post-quantum key exchange algorithm.
2026-10-02T01:50:16-04:00 record_context_device_setup_matrix.sh[2203966]: ** This session may be vulnerable to "store now, decrypt later" attacks.
2026-10-02T01:50:16-04:00 record_context_device_setup_matrix.sh[2203966]: ** The server may need to be upgraded. See https://openssh.com/pq.html
2026-10-02T01:50:17-04:00 record_context_device_setup_matrix.sh[2203966]: Guest staging directory is ready.
2026-10-02T01:50:18-04:00 record_context_device_setup_matrix.sh[2204017]: ** WARNING: connection is not using a post-quantum key exchange algorithm.
2026-10-02T01:50:18-04:00 record_context_device_setup_matrix.sh[2204017]: ** This session may be vulnerable to "store now, decrypt later" attacks.
2026-10-02T01:50:18-04:00 record_context_device_setup_matrix.sh[2204017]: ** The server may need to be upgraded. See https://openssh.com/pq.html
2026-10-02T01:50:20-04:00 record_context_device_setup_matrix.sh[2204062]: ** WARNING: connection is not using a post-quantum key exchange algorithm.
2026-10-02T01:50:20-04:00 record_context_device_setup_matrix.sh[2204062]: ** This session may be vulnerable to "store now, decrypt later" attacks.
2026-10-02T01:50:20-04:00 record_context_device_setup_matrix.sh[2204062]: ** The server may need to be upgraded. See https://openssh.com/pq.html
2026-10-02T01:50:21-04:00 record_context_device_setup_matrix.sh[2204066]: ** WARNING: connection is not using a post-quantum key exchange algorithm.
2026-10-02T01:50:21-04:00 record_context_device_setup_matrix.sh[2204066]: ** This session may be vulnerable to "store now, decrypt later" attacks.
2026-10-02T01:50:21-04:00 record_context_device_setup_matrix.sh[2204066]: ** The server may need to be upgraded. See https://openssh.com/pq.html
2026-10-02T01:50:22-04:00 record_context_device_setup_matrix.sh[2204114]: ** WARNING: connection is not using a post-quantum key exchange algorithm.
2026-10-02T01:50:22-04:00 record_context_device_setup_matrix.sh[2204114]: ** This session may be vulnerable to "store now, decrypt later" attacks.
2026-10-02T01:50:22-04:00 record_context_device_setup_matrix.sh[2204114]: ** The server may need to be upgraded. See https://openssh.com/pq.html
2026-10-02T01:50:30-04:00 record_context_device_setup_matrix.sh[2204114]: Rekordbox is stopped.
2026-10-02T01:50:31-04:00 record_context_device_setup_matrix.sh[2204244]: Research@172.31.96.96 is ready
2026-10-02T01:50:31-04:00 record_context_device_setup_matrix.sh[2204299]: ** WARNING: connection is not using a post-quantum key exchange algorithm.
2026-10-02T01:50:31-04:00 record_context_device_setup_matrix.sh[2204299]: ** This session may be vulnerable to "store now, decrypt later" attacks.
2026-10-02T01:50:31-04:00 record_context_device_setup_matrix.sh[2204299]: ** The server may need to be upgraded. See https://openssh.com/pq.html
2026-10-02T01:50:32-04:00 record_context_device_setup_matrix.sh[2204299]: {
2026-10-02T01:50:32-04:00 record_context_device_setup_matrix.sh[2204299]:   "fixture_version": 1,
2026-10-02T01:50:32-04:00 record_context_device_setup_matrix.sh[2204299]:   "profile": "full",
2026-10-02T01:50:32-04:00 record_context_device_setup_matrix.sh[2204299]:   "database_sha256": "e8c45a7020a70103d6a15d5cf9aaa32a3d8c758c6c1f3f33b2a8d80872f7c812",
2026-10-02T01:50:32-04:00 record_context_device_setup_matrix.sh[2204299]:   "fixture_fingerprint": "c7b0b834a1a1320faaa3526c4792f0d31430c617ea9b8b6008521c514b67853c",
2026-10-02T01:50:32-04:00 record_context_device_setup_matrix.sh[2204299]:   "integrity": "ok",
2026-10-02T01:50:32-04:00 record_context_device_setup_matrix.sh[2204299]:   "track_count": 8,
2026-10-02T01:50:32-04:00 record_context_device_setup_matrix.sh[2204299]:   "ids": {
2026-10-02T01:50:32-04:00 record_context_device_setup_matrix.sh[2204299]:     "artist.alpha": 1001,
2026-10-02T01:50:32-04:00 record_context_device_setup_matrix.sh[2204299]:     "artist.beta": 1002,
2026-10-02T01:50:32-04:00 record_context_device_setup_matrix.sh[2204299]:     "artist.remixer": 1003,
2026-10-02T01:50:32-04:00 record_context_device_setup_matrix.sh[2204299]:     "artist.original": 1004,
2026-10-02T01:50:32-04:00 record_context_device_setup_matrix.sh[2204299]:     "album.one": 2001,
2026-10-02T01:50:32-04:00 record_context_device_setup_matrix.sh[2204299]:     "album.two": 2002,
2026-10-02T01:50:32-04:00 record_context_device_setup_matrix.sh[2204299]:     "album.three": 2003,
2026-10-02T01:50:32-04:00 record_context_device_setup_matrix.sh[2204299]:     "genre.house": 3001,
2026-10-02T01:50:32-04:00 record_context_device_setup_matrix.sh[2204299]:     "genre.techno": 3002,
2026-10-02T01:50:32-04:00 record_context_device_setup_matrix.sh[2204299]:     "label.one": 4001,
2026-10-02T01:50:32-04:00 record_context_device_setup_matrix.sh[2204299]:     "label.two": 4002,
2026-10-02T01:50:32-04:00 record_context_device_setup_matrix.sh[2204299]:     "key.am": 5001,
2026-10-02T01:50:32-04:00 record_context_device_setup_matrix.sh[2204299]:     "key.c": 5002,
2026-10-02T01:50:32-04:00 record_context_device_setup_matrix.sh[2204299]:     "playlist.cue_analysis": 200000,
2026-10-02T01:50:32-04:00 record_context_device_setup_matrix.sh[2204299]:     "playlist.folder": 6001,
2026-10-02T01:50:32-04:00 record_context_device_setup_matrix.sh[2204299]:     "playlist.primary": 6002,
2026-10-02T01:50:32-04:00 record_context_device_setup_matrix.sh[2204299]:     "playlist.empty": 6003,
2026-10-02T01:50:32-04:00 record_context_device_setup_matrix.sh[2204299]:     "history.one": 7001,
2026-10-02T01:50:32-04:00 record_context_device_setup_matrix.sh[2204299]:     "hotcue.folder": 8001,
2026-10-02T01:50:32-04:00 record_context_device_setup_matrix.sh[2204299]:     "hotcue.bank": 8002,
2026-10-02T01:50:32-04:00 record_context_device_setup_matrix.sh[2204299]:     "mytag.group.genre": 8501,
2026-10-02T01:50:32-04:00 record_context_device_setup_matrix.sh[2204299]:     "mytag.warmup": 8502,
2026-10-02T01:50:32-04:00 record_context_device_setup_matrix.sh[2204299]:     "mytag.group.components": 8503,
2026-10-02T01:50:32-04:00 record_context_device_setup_matrix.sh[2204299]:     "mytag.vocal": 8504,
2026-10-02T01:50:32-04:00 record_context_device_setup_matrix.sh[2204299]:     "mytag.empty": 8505,
2026-10-02T01:50:32-04:00 record_context_device_setup_matrix.sh[2204299]:     "track.first": 10001,
2026-10-02T01:50:32-04:00 record_context_device_setup_matrix.sh[2204299]:     "track.second": 10002,
2026-10-02T01:50:32-04:00 record_context_device_setup_matrix.sh[2204299]:     "track.third": 10003,
2026-10-02T01:50:32-04:00 record_context_device_setup_matrix.sh[2204299]:     "track.fourth": 10004,
2026-10-02T01:50:32-04:00 record_context_device_setup_matrix.sh[2204299]:     "track.fifth": 10005,
2026-10-02T01:50:32-04:00 record_context_device_setup_matrix.sh[2204299]:     "track.sixth": 10006,
2026-10-02T01:50:32-04:00 record_context_device_setup_matrix.sh[2204299]:     "track.seventh": 10007,
2026-10-02T01:50:32-04:00 record_context_device_setup_matrix.sh[2204299]:     "track.eighth": 10008,
2026-10-02T01:50:32-04:00 record_context_device_setup_matrix.sh[2204299]:     "track.deleted": 10999
2026-10-02T01:50:32-04:00 record_context_device_setup_matrix.sh[2204299]:   }
2026-10-02T01:50:32-04:00 record_context_device_setup_matrix.sh[2204299]: }
2026-10-02T01:50:32-04:00 record_context_device_setup_matrix.sh[2204299]: Fixture installed. Start rekordbox manually after reviewing the manifest above.
2026-10-02T01:50:33-04:00 record_context_device_setup_matrix.sh[2204310]: ** WARNING: connection is not using a post-quantum key exchange algorithm.
2026-10-02T01:50:33-04:00 record_context_device_setup_matrix.sh[2204310]: ** This session may be vulnerable to "store now, decrypt later" attacks.
2026-10-02T01:50:33-04:00 record_context_device_setup_matrix.sh[2204310]: ** The server may need to be upgraded. See https://openssh.com/pq.html
2026-10-02T01:50:33-04:00 record_context_device_setup_matrix.sh[2204366]: ** WARNING: connection is not using a post-quantum key exchange algorithm.
2026-10-02T01:50:33-04:00 record_context_device_setup_matrix.sh[2204366]: ** This session may be vulnerable to "store now, decrypt later" attacks.
2026-10-02T01:50:33-04:00 record_context_device_setup_matrix.sh[2204366]: ** The server may need to be upgraded. See https://openssh.com/pq.html
2026-10-02T01:50:34-04:00 record_context_device_setup_matrix.sh[2204377]: ** WARNING: connection is not using a post-quantum key exchange algorithm.
2026-10-02T01:50:34-04:00 record_context_device_setup_matrix.sh[2204377]: ** This session may be vulnerable to "store now, decrypt later" attacks.
2026-10-02T01:50:34-04:00 record_context_device_setup_matrix.sh[2204377]: ** The server may need to be upgraded. See https://openssh.com/pq.html
2026-10-02T01:50:35-04:00 record_context_device_setup_matrix.sh[2204384]: ** WARNING: connection is not using a post-quantum key exchange algorithm.
2026-10-02T01:50:35-04:00 record_context_device_setup_matrix.sh[2204384]: ** This session may be vulnerable to "store now, decrypt later" attacks.
2026-10-02T01:50:35-04:00 record_context_device_setup_matrix.sh[2204384]: ** The server may need to be upgraded. See https://openssh.com/pq.html
2026-10-02T01:51:15-04:00 record_context_device_setup_matrix.sh[2204384]: {
2026-10-02T01:51:15-04:00 record_context_device_setup_matrix.sh[2204384]:     "success":  true,
2026-10-02T01:51:15-04:00 record_context_device_setup_matrix.sh[2204384]:     "process_id":  7648,
2026-10-02T01:51:15-04:00 record_context_device_setup_matrix.sh[2204384]:     "main_window_handle":  328264,
2026-10-02T01:51:15-04:00 record_context_device_setup_matrix.sh[2204384]:     "ready_at":  1790920273
2026-10-02T01:51:15-04:00 record_context_device_setup_matrix.sh[2204384]: }
2026-10-02T01:51:15-04:00 record_context_device_setup_matrix.sh[2197074]: === xdj-xz: record and immediate repeat ===
2026-10-02T01:51:29-04:00 record_context_device_setup_matrix.sh[2205630]:     Finished `release` profile [optimized] target(s) in 0.10s
2026-10-02T01:51:29-04:00 record_context_device_setup_matrix.sh[2205630]:      Running `conformance/target/release/link-export-conformance record --host 172.31.96.96 --suite /home/evan/workspace/rx3-research/rekordbox-link-export-research/conformance/suites/context-device-setup-extended.json --manifest /home/evan/workspace/rx3-research/rekordbox-link-export-research/conformance/fixtures/generated/full/manifest.json --identity /home/evan/workspace/rx3-research/rekordbox-link-export-research/conformance/runs/xdj-xz-player-3.json --backend rekordbox --backend-version 7.2.19 --golden /home/evan/workspace/rx3-research/rekordbox-link-export-research/conformance/goldens/rekordbox-7.2.19/xdj-xz/context-device-setup-extended.json`
2026-10-02T01:51:29-04:00 record_context_device_setup_matrix.sh[2205630]: running case type-00--tracks
2026-10-02T01:51:29-04:00 record_context_device_setup_matrix.sh[2205630]: running case type-01--tracks
2026-10-02T01:51:29-04:00 record_context_device_setup_matrix.sh[2205630]: running case type-02--tracks
2026-10-02T01:51:29-04:00 record_context_device_setup_matrix.sh[2205630]: running case type-03--tracks
2026-10-02T01:51:32-04:00 record_context_device_setup_matrix.sh[2205630]: running case type-04--tracks
2026-10-02T01:51:36-04:00 record_context_device_setup_matrix.sh[2205630]: running case type-05--tracks
2026-10-02T01:51:36-04:00 record_context_device_setup_matrix.sh[2205630]: running case type-06--tracks
2026-10-02T01:51:36-04:00 record_context_device_setup_matrix.sh[2205630]: running case type-00--genre-tracks-all
2026-10-02T01:51:36-04:00 record_context_device_setup_matrix.sh[2205630]: running case type-01--genre-tracks-all
2026-10-02T01:51:36-04:00 record_context_device_setup_matrix.sh[2205630]: running case type-02--genre-tracks-all
2026-10-02T01:51:36-04:00 record_context_device_setup_matrix.sh[2205630]: running case type-05--genre-tracks-all
2026-10-02T01:51:36-04:00 record_context_device_setup_matrix.sh[2205630]: running case type-06--genre-tracks-all
2026-10-02T01:51:36-04:00 record_context_device_setup_matrix.sh[2205630]: running case type-00--root
2026-10-02T01:51:36-04:00 record_context_device_setup_matrix.sh[2205630]: running case type-01--root
2026-10-02T01:51:36-04:00 record_context_device_setup_matrix.sh[2205630]: running case type-00--search
2026-10-02T01:51:36-04:00 record_context_device_setup_matrix.sh[2205630]: running case type-01--search
2026-10-02T01:51:36-04:00 record_context_device_setup_matrix.sh[2205630]: recorded 16 cases to /home/evan/workspace/rx3-research/rekordbox-link-export-research/conformance/goldens/rekordbox-7.2.19/xdj-xz/context-device-setup-extended.json
2026-10-02T01:51:36-04:00 record_context_device_setup_matrix.sh[2205779]:     Finished `release` profile [optimized] target(s) in 0.11s
2026-10-02T01:51:36-04:00 record_context_device_setup_matrix.sh[2205779]:      Running `conformance/target/release/link-export-conformance verify --host 172.31.96.96 --suite /home/evan/workspace/rx3-research/rekordbox-link-export-research/conformance/suites/context-device-setup-extended.json --manifest /home/evan/workspace/rx3-research/rekordbox-link-export-research/conformance/fixtures/generated/full/manifest.json --identity /home/evan/workspace/rx3-research/rekordbox-link-export-research/conformance/runs/xdj-xz-player-3.json --backend rekordbox-repeat --backend-version 7.2.19 --golden /home/evan/workspace/rx3-research/rekordbox-link-export-research/conformance/goldens/rekordbox-7.2.19/xdj-xz/context-device-setup-extended.json`
2026-10-02T01:51:36-04:00 record_context_device_setup_matrix.sh[2205779]: running case type-00--tracks
2026-10-02T01:51:36-04:00 record_context_device_setup_matrix.sh[2205779]: running case type-01--tracks
2026-10-02T01:51:36-04:00 record_context_device_setup_matrix.sh[2205779]: running case type-02--tracks
2026-10-02T01:51:36-04:00 record_context_device_setup_matrix.sh[2205779]: running case type-03--tracks
2026-10-02T01:51:39-04:00 record_context_device_setup_matrix.sh[2205779]: running case type-04--tracks
2026-10-02T01:51:43-04:00 record_context_device_setup_matrix.sh[2205779]: running case type-05--tracks
2026-10-02T01:51:43-04:00 record_context_device_setup_matrix.sh[2205779]: running case type-06--tracks
2026-10-02T01:51:43-04:00 record_context_device_setup_matrix.sh[2205779]: running case type-00--genre-tracks-all
2026-10-02T01:51:43-04:00 record_context_device_setup_matrix.sh[2205779]: running case type-01--genre-tracks-all
2026-10-02T01:51:43-04:00 record_context_device_setup_matrix.sh[2205779]: running case type-02--genre-tracks-all
2026-10-02T01:51:43-04:00 record_context_device_setup_matrix.sh[2205779]: running case type-05--genre-tracks-all
2026-10-02T01:51:43-04:00 record_context_device_setup_matrix.sh[2205779]: running case type-06--genre-tracks-all
2026-10-02T01:51:43-04:00 record_context_device_setup_matrix.sh[2205779]: running case type-00--root
2026-10-02T01:51:43-04:00 record_context_device_setup_matrix.sh[2205779]: running case type-01--root
2026-10-02T01:51:43-04:00 record_context_device_setup_matrix.sh[2205779]: running case type-00--search
2026-10-02T01:51:43-04:00 record_context_device_setup_matrix.sh[2205779]: running case type-01--search
2026-10-02T01:51:43-04:00 record_context_device_setup_matrix.sh[2205779]: verified 16 cases against /home/evan/workspace/rx3-research/rekordbox-link-export-research/conformance/goldens/rekordbox-7.2.19/xdj-xz/context-device-setup-extended.json
2026-10-02T01:51:43-04:00 record_context_device_setup_matrix.sh[2205952]:     Finished `release` profile [optimized] target(s) in 0.11s
2026-10-02T01:51:43-04:00 record_context_device_setup_matrix.sh[2205952]:      Running `conformance/target/release/link-export-conformance record --host 172.31.96.96 --suite /home/evan/workspace/rx3-research/rekordbox-link-export-research/conformance/suites/context-device-setup-legacy.json --manifest /home/evan/workspace/rx3-research/rekordbox-link-export-research/conformance/fixtures/generated/full/manifest.json --identity /home/evan/workspace/rx3-research/rekordbox-link-export-research/conformance/runs/xdj-xz-player-3.json --backend rekordbox --backend-version 7.2.19 --golden /home/evan/workspace/rx3-research/rekordbox-link-export-research/conformance/goldens/rekordbox-7.2.19/xdj-xz/context-device-setup-legacy.json`
2026-10-02T01:51:43-04:00 record_context_device_setup_matrix.sh[2205952]: running case type-00--tracks
2026-10-02T01:51:43-04:00 record_context_device_setup_matrix.sh[2205952]: running case type-01--tracks
2026-10-02T01:51:43-04:00 record_context_device_setup_matrix.sh[2205952]: running case type-02--tracks
2026-10-02T01:51:43-04:00 record_context_device_setup_matrix.sh[2205952]: running case type-03--tracks
2026-10-02T01:51:46-04:00 record_context_device_setup_matrix.sh[2205952]: running case type-04--tracks
2026-10-02T01:51:50-04:00 record_context_device_setup_matrix.sh[2205952]: running case type-05--tracks
2026-10-02T01:51:50-04:00 record_context_device_setup_matrix.sh[2205952]: running case type-06--tracks
2026-10-02T01:51:50-04:00 record_context_device_setup_matrix.sh[2205952]: running case type-00--genre-tracks-all
2026-10-02T01:51:50-04:00 record_context_device_setup_matrix.sh[2205952]: running case type-01--genre-tracks-all
2026-10-02T01:51:50-04:00 record_context_device_setup_matrix.sh[2205952]: running case type-02--genre-tracks-all
2026-10-02T01:51:50-04:00 record_context_device_setup_matrix.sh[2205952]: running case type-05--genre-tracks-all
2026-10-02T01:51:50-04:00 record_context_device_setup_matrix.sh[2205952]: running case type-06--genre-tracks-all
2026-10-02T01:51:50-04:00 record_context_device_setup_matrix.sh[2205952]: running case type-00--root
2026-10-02T01:51:50-04:00 record_context_device_setup_matrix.sh[2205952]: running case type-01--root
2026-10-02T01:51:50-04:00 record_context_device_setup_matrix.sh[2205952]: running case type-00--search
2026-10-02T01:51:50-04:00 record_context_device_setup_matrix.sh[2205952]: running case type-01--search
2026-10-02T01:51:50-04:00 record_context_device_setup_matrix.sh[2205952]: recorded 16 cases to /home/evan/workspace/rx3-research/rekordbox-link-export-research/conformance/goldens/rekordbox-7.2.19/xdj-xz/context-device-setup-legacy.json
2026-10-02T01:51:50-04:00 record_context_device_setup_matrix.sh[2206102]:     Finished `release` profile [optimized] target(s) in 0.11s
2026-10-02T01:51:50-04:00 record_context_device_setup_matrix.sh[2206102]:      Running `conformance/target/release/link-export-conformance verify --host 172.31.96.96 --suite /home/evan/workspace/rx3-research/rekordbox-link-export-research/conformance/suites/context-device-setup-legacy.json --manifest /home/evan/workspace/rx3-research/rekordbox-link-export-research/conformance/fixtures/generated/full/manifest.json --identity /home/evan/workspace/rx3-research/rekordbox-link-export-research/conformance/runs/xdj-xz-player-3.json --backend rekordbox-repeat --backend-version 7.2.19 --golden /home/evan/workspace/rx3-research/rekordbox-link-export-research/conformance/goldens/rekordbox-7.2.19/xdj-xz/context-device-setup-legacy.json`
2026-10-02T01:51:50-04:00 record_context_device_setup_matrix.sh[2206102]: running case type-00--tracks
2026-10-02T01:51:50-04:00 record_context_device_setup_matrix.sh[2206102]: running case type-01--tracks
2026-10-02T01:51:50-04:00 record_context_device_setup_matrix.sh[2206102]: running case type-02--tracks
2026-10-02T01:51:50-04:00 record_context_device_setup_matrix.sh[2206102]: running case type-03--tracks
2026-10-02T01:51:54-04:00 record_context_device_setup_matrix.sh[2206102]: running case type-04--tracks
2026-10-02T01:51:57-04:00 record_context_device_setup_matrix.sh[2206102]: running case type-05--tracks
2026-10-02T01:51:57-04:00 record_context_device_setup_matrix.sh[2206102]: running case type-06--tracks
2026-10-02T01:51:57-04:00 record_context_device_setup_matrix.sh[2206102]: running case type-00--genre-tracks-all
2026-10-02T01:51:57-04:00 record_context_device_setup_matrix.sh[2206102]: running case type-01--genre-tracks-all
2026-10-02T01:51:57-04:00 record_context_device_setup_matrix.sh[2206102]: running case type-02--genre-tracks-all
2026-10-02T01:51:57-04:00 record_context_device_setup_matrix.sh[2206102]: running case type-05--genre-tracks-all
2026-10-02T01:51:57-04:00 record_context_device_setup_matrix.sh[2206102]: running case type-06--genre-tracks-all
2026-10-02T01:51:57-04:00 record_context_device_setup_matrix.sh[2206102]: running case type-00--root
2026-10-02T01:51:57-04:00 record_context_device_setup_matrix.sh[2206102]: running case type-01--root
2026-10-02T01:51:57-04:00 record_context_device_setup_matrix.sh[2206102]: running case type-00--search
2026-10-02T01:51:57-04:00 record_context_device_setup_matrix.sh[2206102]: running case type-01--search
2026-10-02T01:51:57-04:00 record_context_device_setup_matrix.sh[2206102]: verified 16 cases against /home/evan/workspace/rx3-research/rekordbox-link-export-research/conformance/goldens/rekordbox-7.2.19/xdj-xz/context-device-setup-legacy.json
2026-10-02T01:51:57-04:00 record_context_device_setup_matrix.sh[2197074]: === xdj-az: reset and launch ===
2026-10-02T01:51:58-04:00 record_context_device_setup_matrix.sh[2206263]: ** WARNING: connection is not using a post-quantum key exchange algorithm.
2026-10-02T01:51:58-04:00 record_context_device_setup_matrix.sh[2206263]: ** This session may be vulnerable to "store now, decrypt later" attacks.
2026-10-02T01:51:58-04:00 record_context_device_setup_matrix.sh[2206263]: ** The server may need to be upgraded. See https://openssh.com/pq.html
2026-10-02T01:51:59-04:00 record_context_device_setup_matrix.sh[2206263]: Guest staging directory is ready.
2026-10-02T01:51:59-04:00 record_context_device_setup_matrix.sh[2206269]: ** WARNING: connection is not using a post-quantum key exchange algorithm.
2026-10-02T01:51:59-04:00 record_context_device_setup_matrix.sh[2206269]: ** This session may be vulnerable to "store now, decrypt later" attacks.
2026-10-02T01:51:59-04:00 record_context_device_setup_matrix.sh[2206269]: ** The server may need to be upgraded. See https://openssh.com/pq.html
2026-10-02T01:52:01-04:00 record_context_device_setup_matrix.sh[2206369]: ** WARNING: connection is not using a post-quantum key exchange algorithm.
2026-10-02T01:52:01-04:00 record_context_device_setup_matrix.sh[2206369]: ** This session may be vulnerable to "store now, decrypt later" attacks.
2026-10-02T01:52:01-04:00 record_context_device_setup_matrix.sh[2206369]: ** The server may need to be upgraded. See https://openssh.com/pq.html
2026-10-02T01:52:01-04:00 record_context_device_setup_matrix.sh[2206375]: ** WARNING: connection is not using a post-quantum key exchange algorithm.
2026-10-02T01:52:01-04:00 record_context_device_setup_matrix.sh[2206375]: ** This session may be vulnerable to "store now, decrypt later" attacks.
2026-10-02T01:52:01-04:00 record_context_device_setup_matrix.sh[2206375]: ** The server may need to be upgraded. See https://openssh.com/pq.html
2026-10-02T01:52:02-04:00 record_context_device_setup_matrix.sh[2206430]: ** WARNING: connection is not using a post-quantum key exchange algorithm.
2026-10-02T01:52:02-04:00 record_context_device_setup_matrix.sh[2206430]: ** This session may be vulnerable to "store now, decrypt later" attacks.
2026-10-02T01:52:02-04:00 record_context_device_setup_matrix.sh[2206430]: ** The server may need to be upgraded. See https://openssh.com/pq.html
2026-10-02T01:52:10-04:00 record_context_device_setup_matrix.sh[2206430]: Rekordbox is stopped.
2026-10-02T01:52:11-04:00 record_context_device_setup_matrix.sh[2206607]: ** WARNING: connection is not using a post-quantum key exchange algorithm.
2026-10-02T01:52:11-04:00 record_context_device_setup_matrix.sh[2206607]: ** This session may be vulnerable to "store now, decrypt later" attacks.
2026-10-02T01:52:11-04:00 record_context_device_setup_matrix.sh[2206607]: ** The server may need to be upgraded. See https://openssh.com/pq.html
2026-10-02T01:52:13-04:00 record_context_device_setup_matrix.sh[2206607]: {
2026-10-02T01:52:13-04:00 record_context_device_setup_matrix.sh[2206607]:   "fixture_version": 1,
2026-10-02T01:52:13-04:00 record_context_device_setup_matrix.sh[2206607]:   "profile": "full",
2026-10-02T01:52:13-04:00 record_context_device_setup_matrix.sh[2206607]:   "database_sha256": "e8c45a7020a70103d6a15d5cf9aaa32a3d8c758c6c1f3f33b2a8d80872f7c812",
2026-10-02T01:52:13-04:00 record_context_device_setup_matrix.sh[2206607]:   "fixture_fingerprint": "c7b0b834a1a1320faaa3526c4792f0d31430c617ea9b8b6008521c514b67853c",
2026-10-02T01:52:13-04:00 record_context_device_setup_matrix.sh[2206607]:   "integrity": "ok",
2026-10-02T01:52:13-04:00 record_context_device_setup_matrix.sh[2206607]:   "track_count": 8,
2026-10-02T01:52:13-04:00 record_context_device_setup_matrix.sh[2206607]:   "ids": {
2026-10-02T01:52:13-04:00 record_context_device_setup_matrix.sh[2206607]:     "artist.alpha": 1001,
2026-10-02T01:52:13-04:00 record_context_device_setup_matrix.sh[2206607]:     "artist.beta": 1002,
2026-10-02T01:52:13-04:00 record_context_device_setup_matrix.sh[2206607]:     "artist.remixer": 1003,
2026-10-02T01:52:13-04:00 record_context_device_setup_matrix.sh[2206607]:     "artist.original": 1004,
2026-10-02T01:52:13-04:00 record_context_device_setup_matrix.sh[2206607]:     "album.one": 2001,
2026-10-02T01:52:13-04:00 record_context_device_setup_matrix.sh[2206607]:     "album.two": 2002,
2026-10-02T01:52:13-04:00 record_context_device_setup_matrix.sh[2206607]:     "album.three": 2003,
2026-10-02T01:52:13-04:00 record_context_device_setup_matrix.sh[2206607]:     "genre.house": 3001,
2026-10-02T01:52:13-04:00 record_context_device_setup_matrix.sh[2206607]:     "genre.techno": 3002,
2026-10-02T01:52:13-04:00 record_context_device_setup_matrix.sh[2206607]:     "label.one": 4001,
2026-10-02T01:52:13-04:00 record_context_device_setup_matrix.sh[2206607]:     "label.two": 4002,
2026-10-02T01:52:13-04:00 record_context_device_setup_matrix.sh[2206607]:     "key.am": 5001,
2026-10-02T01:52:13-04:00 record_context_device_setup_matrix.sh[2206607]:     "key.c": 5002,
2026-10-02T01:52:13-04:00 record_context_device_setup_matrix.sh[2206607]:     "playlist.cue_analysis": 200000,
2026-10-02T01:52:13-04:00 record_context_device_setup_matrix.sh[2206607]:     "playlist.folder": 6001,
2026-10-02T01:52:13-04:00 record_context_device_setup_matrix.sh[2206607]:     "playlist.primary": 6002,
2026-10-02T01:52:13-04:00 record_context_device_setup_matrix.sh[2206607]:     "playlist.empty": 6003,
2026-10-02T01:52:13-04:00 record_context_device_setup_matrix.sh[2206607]:     "history.one": 7001,
2026-10-02T01:52:13-04:00 record_context_device_setup_matrix.sh[2206607]:     "hotcue.folder": 8001,
2026-10-02T01:52:13-04:00 record_context_device_setup_matrix.sh[2206607]:     "hotcue.bank": 8002,
2026-10-02T01:52:13-04:00 record_context_device_setup_matrix.sh[2206607]:     "mytag.group.genre": 8501,
2026-10-02T01:52:13-04:00 record_context_device_setup_matrix.sh[2206607]:     "mytag.warmup": 8502,
2026-10-02T01:52:13-04:00 record_context_device_setup_matrix.sh[2206607]:     "mytag.group.components": 8503,
2026-10-02T01:52:13-04:00 record_context_device_setup_matrix.sh[2206607]:     "mytag.vocal": 8504,
2026-10-02T01:52:13-04:00 record_context_device_setup_matrix.sh[2206607]:     "mytag.empty": 8505,
2026-10-02T01:52:13-04:00 record_context_device_setup_matrix.sh[2206607]:     "track.first": 10001,
2026-10-02T01:52:13-04:00 record_context_device_setup_matrix.sh[2206607]:     "track.second": 10002,
2026-10-02T01:52:13-04:00 record_context_device_setup_matrix.sh[2206607]:     "track.third": 10003,
2026-10-02T01:52:13-04:00 record_context_device_setup_matrix.sh[2206607]:     "track.fourth": 10004,
2026-10-02T01:52:13-04:00 record_context_device_setup_matrix.sh[2206607]:     "track.fifth": 10005,
2026-10-02T01:52:13-04:00 record_context_device_setup_matrix.sh[2206607]:     "track.sixth": 10006,
2026-10-02T01:52:13-04:00 record_context_device_setup_matrix.sh[2206607]:     "track.seventh": 10007,
2026-10-02T01:52:13-04:00 record_context_device_setup_matrix.sh[2206607]:     "track.eighth": 10008,
2026-10-02T01:52:13-04:00 record_context_device_setup_matrix.sh[2206607]:     "track.deleted": 10999
2026-10-02T01:52:13-04:00 record_context_device_setup_matrix.sh[2206607]:   }
2026-10-02T01:52:13-04:00 record_context_device_setup_matrix.sh[2206607]: }
2026-10-02T01:52:13-04:00 record_context_device_setup_matrix.sh[2206607]: Fixture installed. Start rekordbox manually after reviewing the manifest above.
2026-10-02T01:52:13-04:00 record_context_device_setup_matrix.sh[2206680]: ** WARNING: connection is not using a post-quantum key exchange algorithm.
2026-10-02T01:52:13-04:00 record_context_device_setup_matrix.sh[2206680]: ** This session may be vulnerable to "store now, decrypt later" attacks.
2026-10-02T01:52:13-04:00 record_context_device_setup_matrix.sh[2206680]: ** The server may need to be upgraded. See https://openssh.com/pq.html
2026-10-02T01:52:14-04:00 record_context_device_setup_matrix.sh[2206693]: ** WARNING: connection is not using a post-quantum key exchange algorithm.
2026-10-02T01:52:14-04:00 record_context_device_setup_matrix.sh[2206693]: ** This session may be vulnerable to "store now, decrypt later" attacks.
2026-10-02T01:52:14-04:00 record_context_device_setup_matrix.sh[2206693]: ** The server may need to be upgraded. See https://openssh.com/pq.html
2026-10-02T01:52:15-04:00 record_context_device_setup_matrix.sh[2206742]: ** WARNING: connection is not using a post-quantum key exchange algorithm.
2026-10-02T01:52:15-04:00 record_context_device_setup_matrix.sh[2206742]: ** This session may be vulnerable to "store now, decrypt later" attacks.
2026-10-02T01:52:15-04:00 record_context_device_setup_matrix.sh[2206742]: ** The server may need to be upgraded. See https://openssh.com/pq.html
2026-10-02T01:52:15-04:00 record_context_device_setup_matrix.sh[2206749]: ** WARNING: connection is not using a post-quantum key exchange algorithm.
2026-10-02T01:52:15-04:00 record_context_device_setup_matrix.sh[2206749]: ** This session may be vulnerable to "store now, decrypt later" attacks.
2026-10-02T01:52:15-04:00 record_context_device_setup_matrix.sh[2206749]: ** The server may need to be upgraded. See https://openssh.com/pq.html
2026-10-02T01:52:54-04:00 record_context_device_setup_matrix.sh[2206749]: {
2026-10-02T01:52:54-04:00 record_context_device_setup_matrix.sh[2206749]:     "success":  true,
2026-10-02T01:52:54-04:00 record_context_device_setup_matrix.sh[2206749]:     "process_id":  6684,
2026-10-02T01:52:54-04:00 record_context_device_setup_matrix.sh[2206749]:     "main_window_handle":  590574,
2026-10-02T01:52:54-04:00 record_context_device_setup_matrix.sh[2206749]:     "ready_at":  1790920372
2026-10-02T01:52:54-04:00 record_context_device_setup_matrix.sh[2206749]: }
2026-10-02T01:52:55-04:00 record_context_device_setup_matrix.sh[2197074]: === xdj-az: record and immediate repeat ===
2026-10-02T01:52:57-04:00 systemd-run[2207666]: Running as unit: rekordbox-identity-1790920375.service; invocation ID: 7a9643c596654b13bb9ee55d9311168e
2026-10-02T01:53:08-04:00 record_context_device_setup_matrix.sh[2207933]:     Finished `release` profile [optimized] target(s) in 0.11s
2026-10-02T01:53:08-04:00 record_context_device_setup_matrix.sh[2207933]:      Running `conformance/target/release/link-export-conformance record --host 172.31.96.96 --suite /home/evan/workspace/rx3-research/rekordbox-link-export-research/conformance/suites/context-device-setup-extended.json --manifest /home/evan/workspace/rx3-research/rekordbox-link-export-research/conformance/fixtures/generated/full/manifest.json --identity /home/evan/workspace/rx3-research/rekordbox-link-export-research/conformance/runs/xdj-az-player-4.json --backend rekordbox --backend-version 7.2.19 --golden /home/evan/workspace/rx3-research/rekordbox-link-export-research/conformance/goldens/rekordbox-7.2.19/xdj-az/context-device-setup-extended.json`
2026-10-02T01:53:09-04:00 record_context_device_setup_matrix.sh[2207933]: running case type-00--tracks
2026-10-02T01:53:09-04:00 record_context_device_setup_matrix.sh[2207933]: running case type-01--tracks
2026-10-02T01:53:09-04:00 record_context_device_setup_matrix.sh[2207933]: running case type-02--tracks
2026-10-02T01:53:09-04:00 record_context_device_setup_matrix.sh[2207933]: running case type-03--tracks
2026-10-02T01:53:12-04:00 record_context_device_setup_matrix.sh[2207933]: running case type-04--tracks
2026-10-02T01:53:15-04:00 record_context_device_setup_matrix.sh[2207933]: running case type-05--tracks
2026-10-02T01:53:15-04:00 record_context_device_setup_matrix.sh[2207933]: running case type-06--tracks
2026-10-02T01:53:15-04:00 record_context_device_setup_matrix.sh[2207933]: running case type-00--genre-tracks-all
2026-10-02T01:53:15-04:00 record_context_device_setup_matrix.sh[2207933]: running case type-01--genre-tracks-all
2026-10-02T01:53:15-04:00 record_context_device_setup_matrix.sh[2207933]: running case type-02--genre-tracks-all
2026-10-02T01:53:15-04:00 record_context_device_setup_matrix.sh[2207933]: running case type-05--genre-tracks-all
2026-10-02T01:53:15-04:00 record_context_device_setup_matrix.sh[2207933]: running case type-06--genre-tracks-all
2026-10-02T01:53:15-04:00 record_context_device_setup_matrix.sh[2207933]: running case type-00--root
2026-10-02T01:53:15-04:00 record_context_device_setup_matrix.sh[2207933]: running case type-01--root
2026-10-02T01:53:15-04:00 record_context_device_setup_matrix.sh[2207933]: running case type-00--search
2026-10-02T01:53:15-04:00 record_context_device_setup_matrix.sh[2207933]: running case type-01--search
2026-10-02T01:53:15-04:00 record_context_device_setup_matrix.sh[2207933]: recorded 16 cases to /home/evan/workspace/rx3-research/rekordbox-link-export-research/conformance/goldens/rekordbox-7.2.19/xdj-az/context-device-setup-extended.json
2026-10-02T01:53:16-04:00 record_context_device_setup_matrix.sh[2208114]:     Finished `release` profile [optimized] target(s) in 0.13s
2026-10-02T01:53:16-04:00 record_context_device_setup_matrix.sh[2208114]:      Running `conformance/target/release/link-export-conformance verify --host 172.31.96.96 --suite /home/evan/workspace/rx3-research/rekordbox-link-export-research/conformance/suites/context-device-setup-extended.json --manifest /home/evan/workspace/rx3-research/rekordbox-link-export-research/conformance/fixtures/generated/full/manifest.json --identity /home/evan/workspace/rx3-research/rekordbox-link-export-research/conformance/runs/xdj-az-player-4.json --backend rekordbox-repeat --backend-version 7.2.19 --golden /home/evan/workspace/rx3-research/rekordbox-link-export-research/conformance/goldens/rekordbox-7.2.19/xdj-az/context-device-setup-extended.json`
2026-10-02T01:53:16-04:00 record_context_device_setup_matrix.sh[2208114]: running case type-00--tracks
2026-10-02T01:53:16-04:00 record_context_device_setup_matrix.sh[2208114]: running case type-01--tracks
2026-10-02T01:53:16-04:00 record_context_device_setup_matrix.sh[2208114]: running case type-02--tracks
2026-10-02T01:53:16-04:00 record_context_device_setup_matrix.sh[2208114]: running case type-03--tracks
2026-10-02T01:53:19-04:00 record_context_device_setup_matrix.sh[2208114]: running case type-04--tracks
2026-10-02T01:53:22-04:00 record_context_device_setup_matrix.sh[2208114]: running case type-05--tracks
2026-10-02T01:53:22-04:00 record_context_device_setup_matrix.sh[2208114]: running case type-06--tracks
2026-10-02T01:53:22-04:00 record_context_device_setup_matrix.sh[2208114]: running case type-00--genre-tracks-all
2026-10-02T01:53:22-04:00 record_context_device_setup_matrix.sh[2208114]: running case type-01--genre-tracks-all
2026-10-02T01:53:22-04:00 record_context_device_setup_matrix.sh[2208114]: running case type-02--genre-tracks-all
2026-10-02T01:53:22-04:00 record_context_device_setup_matrix.sh[2208114]: running case type-05--genre-tracks-all
2026-10-02T01:53:22-04:00 record_context_device_setup_matrix.sh[2208114]: running case type-06--genre-tracks-all
2026-10-02T01:53:22-04:00 record_context_device_setup_matrix.sh[2208114]: running case type-00--root
2026-10-02T01:53:22-04:00 record_context_device_setup_matrix.sh[2208114]: running case type-01--root
2026-10-02T01:53:22-04:00 record_context_device_setup_matrix.sh[2208114]: running case type-00--search
2026-10-02T01:53:22-04:00 record_context_device_setup_matrix.sh[2208114]: running case type-01--search
2026-10-02T01:53:22-04:00 record_context_device_setup_matrix.sh[2208114]: verified 16 cases against /home/evan/workspace/rx3-research/rekordbox-link-export-research/conformance/goldens/rekordbox-7.2.19/xdj-az/context-device-setup-extended.json
2026-10-02T01:53:23-04:00 record_context_device_setup_matrix.sh[2208255]:     Finished `release` profile [optimized] target(s) in 0.13s
2026-10-02T01:53:23-04:00 record_context_device_setup_matrix.sh[2208255]:      Running `conformance/target/release/link-export-conformance record --host 172.31.96.96 --suite /home/evan/workspace/rx3-research/rekordbox-link-export-research/conformance/suites/context-device-setup-legacy.json --manifest /home/evan/workspace/rx3-research/rekordbox-link-export-research/conformance/fixtures/generated/full/manifest.json --identity /home/evan/workspace/rx3-research/rekordbox-link-export-research/conformance/runs/xdj-az-player-4.json --backend rekordbox --backend-version 7.2.19 --golden /home/evan/workspace/rx3-research/rekordbox-link-export-research/conformance/goldens/rekordbox-7.2.19/xdj-az/context-device-setup-legacy.json`
2026-10-02T01:53:23-04:00 record_context_device_setup_matrix.sh[2208255]: running case type-00--tracks
2026-10-02T01:53:23-04:00 record_context_device_setup_matrix.sh[2208255]: running case type-01--tracks
2026-10-02T01:53:23-04:00 record_context_device_setup_matrix.sh[2208255]: running case type-02--tracks
2026-10-02T01:53:23-04:00 record_context_device_setup_matrix.sh[2208255]: running case type-03--tracks
2026-10-02T01:53:26-04:00 record_context_device_setup_matrix.sh[2208255]: running case type-04--tracks
2026-10-02T01:53:29-04:00 record_context_device_setup_matrix.sh[2208255]: running case type-05--tracks
2026-10-02T01:53:29-04:00 record_context_device_setup_matrix.sh[2208255]: running case type-06--tracks
2026-10-02T01:53:29-04:00 record_context_device_setup_matrix.sh[2208255]: running case type-00--genre-tracks-all
2026-10-02T01:53:29-04:00 record_context_device_setup_matrix.sh[2208255]: running case type-01--genre-tracks-all
2026-10-02T01:53:29-04:00 record_context_device_setup_matrix.sh[2208255]: running case type-02--genre-tracks-all
2026-10-02T01:53:29-04:00 record_context_device_setup_matrix.sh[2208255]: running case type-05--genre-tracks-all
2026-10-02T01:53:29-04:00 record_context_device_setup_matrix.sh[2208255]: running case type-06--genre-tracks-all
2026-10-02T01:53:29-04:00 record_context_device_setup_matrix.sh[2208255]: running case type-00--root
2026-10-02T01:53:29-04:00 record_context_device_setup_matrix.sh[2208255]: running case type-01--root
2026-10-02T01:53:29-04:00 record_context_device_setup_matrix.sh[2208255]: running case type-00--search
2026-10-02T01:53:29-04:00 record_context_device_setup_matrix.sh[2208255]: running case type-01--search
2026-10-02T01:53:29-04:00 record_context_device_setup_matrix.sh[2208255]: recorded 16 cases to /home/evan/workspace/rx3-research/rekordbox-link-export-research/conformance/goldens/rekordbox-7.2.19/xdj-az/context-device-setup-legacy.json
2026-10-02T01:53:30-04:00 record_context_device_setup_matrix.sh[2208406]:     Finished `release` profile [optimized] target(s) in 0.11s
2026-10-02T01:53:30-04:00 record_context_device_setup_matrix.sh[2208406]:      Running `conformance/target/release/link-export-conformance verify --host 172.31.96.96 --suite /home/evan/workspace/rx3-research/rekordbox-link-export-research/conformance/suites/context-device-setup-legacy.json --manifest /home/evan/workspace/rx3-research/rekordbox-link-export-research/conformance/fixtures/generated/full/manifest.json --identity /home/evan/workspace/rx3-research/rekordbox-link-export-research/conformance/runs/xdj-az-player-4.json --backend rekordbox-repeat --backend-version 7.2.19 --golden /home/evan/workspace/rx3-research/rekordbox-link-export-research/conformance/goldens/rekordbox-7.2.19/xdj-az/context-device-setup-legacy.json`
2026-10-02T01:53:30-04:00 record_context_device_setup_matrix.sh[2208406]: running case type-00--tracks
2026-10-02T01:53:30-04:00 record_context_device_setup_matrix.sh[2208406]: running case type-01--tracks
2026-10-02T01:53:30-04:00 record_context_device_setup_matrix.sh[2208406]: running case type-02--tracks
2026-10-02T01:53:30-04:00 record_context_device_setup_matrix.sh[2208406]: running case type-03--tracks
2026-10-02T01:53:33-04:00 record_context_device_setup_matrix.sh[2208406]: running case type-04--tracks
2026-10-02T01:53:36-04:00 record_context_device_setup_matrix.sh[2208406]: running case type-05--tracks
2026-10-02T01:53:36-04:00 record_context_device_setup_matrix.sh[2208406]: running case type-06--tracks
2026-10-02T01:53:36-04:00 record_context_device_setup_matrix.sh[2208406]: running case type-00--genre-tracks-all
2026-10-02T01:53:36-04:00 record_context_device_setup_matrix.sh[2208406]: running case type-01--genre-tracks-all
2026-10-02T01:53:36-04:00 record_context_device_setup_matrix.sh[2208406]: running case type-02--genre-tracks-all
2026-10-02T01:53:36-04:00 record_context_device_setup_matrix.sh[2208406]: running case type-05--genre-tracks-all
2026-10-02T01:53:36-04:00 record_context_device_setup_matrix.sh[2208406]: running case type-06--genre-tracks-all
2026-10-02T01:53:36-04:00 record_context_device_setup_matrix.sh[2208406]: running case type-00--root
2026-10-02T01:53:36-04:00 record_context_device_setup_matrix.sh[2208406]: running case type-01--root
2026-10-02T01:53:36-04:00 record_context_device_setup_matrix.sh[2208406]: running case type-00--search
2026-10-02T01:53:37-04:00 record_context_device_setup_matrix.sh[2208406]: running case type-01--search
2026-10-02T01:53:37-04:00 record_context_device_setup_matrix.sh[2208406]: verified 16 cases against /home/evan/workspace/rx3-research/rekordbox-link-export-research/conformance/goldens/rekordbox-7.2.19/xdj-az/context-device-setup-legacy.json
2026-10-02T01:53:37-04:00 record_context_device_setup_matrix.sh[2197074]: === xdj-1000mk2: reset and launch ===
2026-10-02T01:53:37-04:00 record_context_device_setup_matrix.sh[2208570]: ** WARNING: connection is not using a post-quantum key exchange algorithm.
2026-10-02T01:53:37-04:00 record_context_device_setup_matrix.sh[2208570]: ** This session may be vulnerable to "store now, decrypt later" attacks.
2026-10-02T01:53:37-04:00 record_context_device_setup_matrix.sh[2208570]: ** The server may need to be upgraded. See https://openssh.com/pq.html
2026-10-02T01:53:38-04:00 record_context_device_setup_matrix.sh[2208570]: Guest staging directory is ready.
2026-10-02T01:53:39-04:00 record_context_device_setup_matrix.sh[2208577]: ** WARNING: connection is not using a post-quantum key exchange algorithm.
2026-10-02T01:53:39-04:00 record_context_device_setup_matrix.sh[2208577]: ** This session may be vulnerable to "store now, decrypt later" attacks.
2026-10-02T01:53:39-04:00 record_context_device_setup_matrix.sh[2208577]: ** The server may need to be upgraded. See https://openssh.com/pq.html
2026-10-02T01:53:39-04:00 record_context_device_setup_matrix.sh[2208622]: ** WARNING: connection is not using a post-quantum key exchange algorithm.
2026-10-02T01:53:39-04:00 record_context_device_setup_matrix.sh[2208622]: ** This session may be vulnerable to "store now, decrypt later" attacks.
2026-10-02T01:53:39-04:00 record_context_device_setup_matrix.sh[2208622]: ** The server may need to be upgraded. See https://openssh.com/pq.html
2026-10-02T01:53:40-04:00 record_context_device_setup_matrix.sh[2208626]: ** WARNING: connection is not using a post-quantum key exchange algorithm.
2026-10-02T01:53:40-04:00 record_context_device_setup_matrix.sh[2208626]: ** This session may be vulnerable to "store now, decrypt later" attacks.
2026-10-02T01:53:40-04:00 record_context_device_setup_matrix.sh[2208626]: ** The server may need to be upgraded. See https://openssh.com/pq.html
2026-10-02T01:53:41-04:00 record_context_device_setup_matrix.sh[2208633]: ** WARNING: connection is not using a post-quantum key exchange algorithm.
2026-10-02T01:53:41-04:00 record_context_device_setup_matrix.sh[2208633]: ** This session may be vulnerable to "store now, decrypt later" attacks.
2026-10-02T01:53:41-04:00 record_context_device_setup_matrix.sh[2208633]: ** The server may need to be upgraded. See https://openssh.com/pq.html
2026-10-02T01:53:49-04:00 record_context_device_setup_matrix.sh[2208633]: Rekordbox is stopped.
2026-10-02T01:53:50-04:00 record_context_device_setup_matrix.sh[2208850]: ** WARNING: connection is not using a post-quantum key exchange algorithm.
2026-10-02T01:53:50-04:00 record_context_device_setup_matrix.sh[2208850]: ** This session may be vulnerable to "store now, decrypt later" attacks.
2026-10-02T01:53:50-04:00 record_context_device_setup_matrix.sh[2208850]: ** The server may need to be upgraded. See https://openssh.com/pq.html
2026-10-02T01:53:51-04:00 record_context_device_setup_matrix.sh[2208850]: {
2026-10-02T01:53:51-04:00 record_context_device_setup_matrix.sh[2208850]:   "fixture_version": 1,
2026-10-02T01:53:51-04:00 record_context_device_setup_matrix.sh[2208850]:   "profile": "full",
2026-10-02T01:53:51-04:00 record_context_device_setup_matrix.sh[2208850]:   "database_sha256": "e8c45a7020a70103d6a15d5cf9aaa32a3d8c758c6c1f3f33b2a8d80872f7c812",
2026-10-02T01:53:51-04:00 record_context_device_setup_matrix.sh[2208850]:   "fixture_fingerprint": "c7b0b834a1a1320faaa3526c4792f0d31430c617ea9b8b6008521c514b67853c",
2026-10-02T01:53:51-04:00 record_context_device_setup_matrix.sh[2208850]:   "integrity": "ok",
2026-10-02T01:53:51-04:00 record_context_device_setup_matrix.sh[2208850]:   "track_count": 8,
2026-10-02T01:53:51-04:00 record_context_device_setup_matrix.sh[2208850]:   "ids": {
2026-10-02T01:53:51-04:00 record_context_device_setup_matrix.sh[2208850]:     "artist.alpha": 1001,
2026-10-02T01:53:51-04:00 record_context_device_setup_matrix.sh[2208850]:     "artist.beta": 1002,
2026-10-02T01:53:51-04:00 record_context_device_setup_matrix.sh[2208850]:     "artist.remixer": 1003,
2026-10-02T01:53:51-04:00 record_context_device_setup_matrix.sh[2208850]:     "artist.original": 1004,
2026-10-02T01:53:51-04:00 record_context_device_setup_matrix.sh[2208850]:     "album.one": 2001,
2026-10-02T01:53:51-04:00 record_context_device_setup_matrix.sh[2208850]:     "album.two": 2002,
2026-10-02T01:53:51-04:00 record_context_device_setup_matrix.sh[2208850]:     "album.three": 2003,
2026-10-02T01:53:51-04:00 record_context_device_setup_matrix.sh[2208850]:     "genre.house": 3001,
2026-10-02T01:53:51-04:00 record_context_device_setup_matrix.sh[2208850]:     "genre.techno": 3002,
2026-10-02T01:53:51-04:00 record_context_device_setup_matrix.sh[2208850]:     "label.one": 4001,
2026-10-02T01:53:51-04:00 record_context_device_setup_matrix.sh[2208850]:     "label.two": 4002,
2026-10-02T01:53:51-04:00 record_context_device_setup_matrix.sh[2208850]:     "key.am": 5001,
2026-10-02T01:53:51-04:00 record_context_device_setup_matrix.sh[2208850]:     "key.c": 5002,
2026-10-02T01:53:51-04:00 record_context_device_setup_matrix.sh[2208850]:     "playlist.cue_analysis": 200000,
2026-10-02T01:53:51-04:00 record_context_device_setup_matrix.sh[2208850]:     "playlist.folder": 6001,
2026-10-02T01:53:51-04:00 record_context_device_setup_matrix.sh[2208850]:     "playlist.primary": 6002,
2026-10-02T01:53:51-04:00 record_context_device_setup_matrix.sh[2208850]:     "playlist.empty": 6003,
2026-10-02T01:53:51-04:00 record_context_device_setup_matrix.sh[2208850]:     "history.one": 7001,
2026-10-02T01:53:51-04:00 record_context_device_setup_matrix.sh[2208850]:     "hotcue.folder": 8001,
2026-10-02T01:53:51-04:00 record_context_device_setup_matrix.sh[2208850]:     "hotcue.bank": 8002,
2026-10-02T01:53:51-04:00 record_context_device_setup_matrix.sh[2208850]:     "mytag.group.genre": 8501,
2026-10-02T01:53:51-04:00 record_context_device_setup_matrix.sh[2208850]:     "mytag.warmup": 8502,
2026-10-02T01:53:51-04:00 record_context_device_setup_matrix.sh[2208850]:     "mytag.group.components": 8503,
2026-10-02T01:53:51-04:00 record_context_device_setup_matrix.sh[2208850]:     "mytag.vocal": 8504,
2026-10-02T01:53:51-04:00 record_context_device_setup_matrix.sh[2208850]:     "mytag.empty": 8505,
2026-10-02T01:53:51-04:00 record_context_device_setup_matrix.sh[2208850]:     "track.first": 10001,
2026-10-02T01:53:51-04:00 record_context_device_setup_matrix.sh[2208850]:     "track.second": 10002,
2026-10-02T01:53:51-04:00 record_context_device_setup_matrix.sh[2208850]:     "track.third": 10003,
2026-10-02T01:53:51-04:00 record_context_device_setup_matrix.sh[2208850]:     "track.fourth": 10004,
2026-10-02T01:53:51-04:00 record_context_device_setup_matrix.sh[2208850]:     "track.fifth": 10005,
2026-10-02T01:53:51-04:00 record_context_device_setup_matrix.sh[2208850]:     "track.sixth": 10006,
2026-10-02T01:53:51-04:00 record_context_device_setup_matrix.sh[2208850]:     "track.seventh": 10007,
2026-10-02T01:53:51-04:00 record_context_device_setup_matrix.sh[2208850]:     "track.eighth": 10008,
2026-10-02T01:53:51-04:00 record_context_device_setup_matrix.sh[2208850]:     "track.deleted": 10999
2026-10-02T01:53:51-04:00 record_context_device_setup_matrix.sh[2208850]:   }
2026-10-02T01:53:51-04:00 record_context_device_setup_matrix.sh[2208850]: }
2026-10-02T01:53:51-04:00 record_context_device_setup_matrix.sh[2208850]: Fixture installed. Start rekordbox manually after reviewing the manifest above.
2026-10-02T01:53:52-04:00 record_context_device_setup_matrix.sh[2208901]: ** WARNING: connection is not using a post-quantum key exchange algorithm.
2026-10-02T01:53:52-04:00 record_context_device_setup_matrix.sh[2208901]: ** This session may be vulnerable to "store now, decrypt later" attacks.
2026-10-02T01:53:52-04:00 record_context_device_setup_matrix.sh[2208901]: ** The server may need to be upgraded. See https://openssh.com/pq.html
2026-10-02T01:53:53-04:00 record_context_device_setup_matrix.sh[2208916]: ** WARNING: connection is not using a post-quantum key exchange algorithm.
2026-10-02T01:53:53-04:00 record_context_device_setup_matrix.sh[2208916]: ** This session may be vulnerable to "store now, decrypt later" attacks.
2026-10-02T01:53:53-04:00 record_context_device_setup_matrix.sh[2208916]: ** The server may need to be upgraded. See https://openssh.com/pq.html
2026-10-02T01:53:53-04:00 record_context_device_setup_matrix.sh[2208922]: ** WARNING: connection is not using a post-quantum key exchange algorithm.
2026-10-02T01:53:53-04:00 record_context_device_setup_matrix.sh[2208922]: ** This session may be vulnerable to "store now, decrypt later" attacks.
2026-10-02T01:53:53-04:00 record_context_device_setup_matrix.sh[2208922]: ** The server may need to be upgraded. See https://openssh.com/pq.html
2026-10-02T01:53:54-04:00 record_context_device_setup_matrix.sh[2208971]: ** WARNING: connection is not using a post-quantum key exchange algorithm.
2026-10-02T01:53:54-04:00 record_context_device_setup_matrix.sh[2208971]: ** This session may be vulnerable to "store now, decrypt later" attacks.
2026-10-02T01:53:54-04:00 record_context_device_setup_matrix.sh[2208971]: ** The server may need to be upgraded. See https://openssh.com/pq.html
2026-10-02T01:54:33-04:00 record_context_device_setup_matrix.sh[2208971]: {
2026-10-02T01:54:33-04:00 record_context_device_setup_matrix.sh[2208971]:     "success":  true,
2026-10-02T01:54:33-04:00 record_context_device_setup_matrix.sh[2208971]:     "process_id":  3664,
2026-10-02T01:54:33-04:00 record_context_device_setup_matrix.sh[2208971]:     "main_window_handle":  852560,
2026-10-02T01:54:33-04:00 record_context_device_setup_matrix.sh[2208971]:     "ready_at":  1790920471
2026-10-02T01:54:33-04:00 record_context_device_setup_matrix.sh[2208971]: }
2026-10-02T01:54:33-04:00 record_context_device_setup_matrix.sh[2197074]: === xdj-1000mk2: record and immediate repeat ===
2026-10-02T01:54:36-04:00 systemd-run[2209952]: Running as unit: rekordbox-identity-1790920473.service; invocation ID: 629e1e4870ea431ebc1a0564067c7a40
2026-10-02T01:54:47-04:00 record_context_device_setup_matrix.sh[2210164]:     Finished `release` profile [optimized] target(s) in 0.12s
2026-10-02T01:54:47-04:00 record_context_device_setup_matrix.sh[2210164]:      Running `conformance/target/release/link-export-conformance record --host 172.31.96.96 --suite /home/evan/workspace/rx3-research/rekordbox-link-export-research/conformance/suites/context-device-setup-extended.json --manifest /home/evan/workspace/rx3-research/rekordbox-link-export-research/conformance/fixtures/generated/full/manifest.json --identity /home/evan/workspace/rx3-research/rekordbox-link-export-research/conformance/runs/xdj-1000mk2-player-5.json --backend rekordbox --backend-version 7.2.19 --golden /home/evan/workspace/rx3-research/rekordbox-link-export-research/conformance/goldens/rekordbox-7.2.19/xdj-1000mk2/context-device-setup-extended.json`
2026-10-02T01:54:50-04:00 record_context_device_setup_matrix.sh[2210164]: running case type-00--tracks
2026-10-02T01:54:50-04:00 record_context_device_setup_matrix.sh[2210164]: running case type-01--tracks
2026-10-02T01:54:50-04:00 record_context_device_setup_matrix.sh[2210164]: running case type-02--tracks
2026-10-02T01:54:50-04:00 record_context_device_setup_matrix.sh[2210164]: running case type-03--tracks
2026-10-02T01:54:53-04:00 record_context_device_setup_matrix.sh[2210164]: running case type-04--tracks
2026-10-02T01:54:56-04:00 record_context_device_setup_matrix.sh[2210164]: running case type-05--tracks
2026-10-02T01:54:56-04:00 record_context_device_setup_matrix.sh[2210164]: running case type-06--tracks
2026-10-02T01:54:56-04:00 record_context_device_setup_matrix.sh[2210164]: running case type-00--genre-tracks-all
2026-10-02T01:54:56-04:00 record_context_device_setup_matrix.sh[2210164]: running case type-01--genre-tracks-all
2026-10-02T01:54:56-04:00 record_context_device_setup_matrix.sh[2210164]: running case type-02--genre-tracks-all
2026-10-02T01:54:56-04:00 record_context_device_setup_matrix.sh[2210164]: running case type-05--genre-tracks-all
2026-10-02T01:54:56-04:00 record_context_device_setup_matrix.sh[2210164]: running case type-06--genre-tracks-all
2026-10-02T01:54:57-04:00 record_context_device_setup_matrix.sh[2210164]: running case type-00--root
2026-10-02T01:54:57-04:00 record_context_device_setup_matrix.sh[2210164]: running case type-01--root
2026-10-02T01:54:57-04:00 record_context_device_setup_matrix.sh[2210164]: running case type-00--search
2026-10-02T01:54:57-04:00 record_context_device_setup_matrix.sh[2210164]: running case type-01--search
2026-10-02T01:54:57-04:00 record_context_device_setup_matrix.sh[2210164]: recorded 16 cases to /home/evan/workspace/rx3-research/rekordbox-link-export-research/conformance/goldens/rekordbox-7.2.19/xdj-1000mk2/context-device-setup-extended.json
2026-10-02T01:54:57-04:00 record_context_device_setup_matrix.sh[2210358]:     Finished `release` profile [optimized] target(s) in 0.13s
2026-10-02T01:54:57-04:00 record_context_device_setup_matrix.sh[2210358]:      Running `conformance/target/release/link-export-conformance verify --host 172.31.96.96 --suite /home/evan/workspace/rx3-research/rekordbox-link-export-research/conformance/suites/context-device-setup-extended.json --manifest /home/evan/workspace/rx3-research/rekordbox-link-export-research/conformance/fixtures/generated/full/manifest.json --identity /home/evan/workspace/rx3-research/rekordbox-link-export-research/conformance/runs/xdj-1000mk2-player-5.json --backend rekordbox-repeat --backend-version 7.2.19 --golden /home/evan/workspace/rx3-research/rekordbox-link-export-research/conformance/goldens/rekordbox-7.2.19/xdj-1000mk2/context-device-setup-extended.json`
2026-10-02T01:54:57-04:00 record_context_device_setup_matrix.sh[2210358]: running case type-00--tracks
2026-10-02T01:54:57-04:00 record_context_device_setup_matrix.sh[2210358]: running case type-01--tracks
2026-10-02T01:54:57-04:00 record_context_device_setup_matrix.sh[2210358]: running case type-02--tracks
2026-10-02T01:54:57-04:00 record_context_device_setup_matrix.sh[2210358]: running case type-03--tracks
2026-10-02T01:55:00-04:00 record_context_device_setup_matrix.sh[2210358]: running case type-04--tracks
2026-10-02T01:55:03-04:00 record_context_device_setup_matrix.sh[2210358]: running case type-05--tracks
2026-10-02T01:55:03-04:00 record_context_device_setup_matrix.sh[2210358]: running case type-06--tracks
2026-10-02T01:55:04-04:00 record_context_device_setup_matrix.sh[2210358]: running case type-00--genre-tracks-all
2026-10-02T01:55:04-04:00 record_context_device_setup_matrix.sh[2210358]: running case type-01--genre-tracks-all
2026-10-02T01:55:04-04:00 record_context_device_setup_matrix.sh[2210358]: running case type-02--genre-tracks-all
2026-10-02T01:55:04-04:00 record_context_device_setup_matrix.sh[2210358]: running case type-05--genre-tracks-all
2026-10-02T01:55:04-04:00 record_context_device_setup_matrix.sh[2210358]: running case type-06--genre-tracks-all
2026-10-02T01:55:04-04:00 record_context_device_setup_matrix.sh[2210358]: running case type-00--root
2026-10-02T01:55:04-04:00 record_context_device_setup_matrix.sh[2210358]: running case type-01--root
2026-10-02T01:55:04-04:00 record_context_device_setup_matrix.sh[2210358]: running case type-00--search
2026-10-02T01:55:04-04:00 record_context_device_setup_matrix.sh[2210358]: running case type-01--search
2026-10-02T01:55:04-04:00 record_context_device_setup_matrix.sh[2210358]: verified 16 cases against /home/evan/workspace/rx3-research/rekordbox-link-export-research/conformance/goldens/rekordbox-7.2.19/xdj-1000mk2/context-device-setup-extended.json
2026-10-02T01:55:04-04:00 record_context_device_setup_matrix.sh[2210565]:     Finished `release` profile [optimized] target(s) in 0.12s
2026-10-02T01:55:04-04:00 record_context_device_setup_matrix.sh[2210565]:      Running `conformance/target/release/link-export-conformance record --host 172.31.96.96 --suite /home/evan/workspace/rx3-research/rekordbox-link-export-research/conformance/suites/context-device-setup-legacy.json --manifest /home/evan/workspace/rx3-research/rekordbox-link-export-research/conformance/fixtures/generated/full/manifest.json --identity /home/evan/workspace/rx3-research/rekordbox-link-export-research/conformance/runs/xdj-1000mk2-player-5.json --backend rekordbox --backend-version 7.2.19 --golden /home/evan/workspace/rx3-research/rekordbox-link-export-research/conformance/goldens/rekordbox-7.2.19/xdj-1000mk2/context-device-setup-legacy.json`
2026-10-02T01:55:04-04:00 record_context_device_setup_matrix.sh[2210565]: running case type-00--tracks
2026-10-02T01:55:04-04:00 record_context_device_setup_matrix.sh[2210565]: running case type-01--tracks
2026-10-02T01:55:04-04:00 record_context_device_setup_matrix.sh[2210565]: running case type-02--tracks
2026-10-02T01:55:04-04:00 record_context_device_setup_matrix.sh[2210565]: running case type-03--tracks
2026-10-02T01:55:07-04:00 record_context_device_setup_matrix.sh[2210565]: running case type-04--tracks
2026-10-02T01:55:10-04:00 record_context_device_setup_matrix.sh[2210565]: running case type-05--tracks
2026-10-02T01:55:11-04:00 record_context_device_setup_matrix.sh[2210565]: running case type-06--tracks
2026-10-02T01:55:11-04:00 record_context_device_setup_matrix.sh[2210565]: running case type-00--genre-tracks-all
2026-10-02T01:55:11-04:00 record_context_device_setup_matrix.sh[2210565]: running case type-01--genre-tracks-all
2026-10-02T01:55:11-04:00 record_context_device_setup_matrix.sh[2210565]: running case type-02--genre-tracks-all
2026-10-02T01:55:11-04:00 record_context_device_setup_matrix.sh[2210565]: running case type-05--genre-tracks-all
2026-10-02T01:55:11-04:00 record_context_device_setup_matrix.sh[2210565]: running case type-06--genre-tracks-all
2026-10-02T01:55:11-04:00 record_context_device_setup_matrix.sh[2210565]: running case type-00--root
2026-10-02T01:55:11-04:00 record_context_device_setup_matrix.sh[2210565]: running case type-01--root
2026-10-02T01:55:11-04:00 record_context_device_setup_matrix.sh[2210565]: running case type-00--search
2026-10-02T01:55:11-04:00 record_context_device_setup_matrix.sh[2210565]: running case type-01--search
2026-10-02T01:55:11-04:00 record_context_device_setup_matrix.sh[2210565]: recorded 16 cases to /home/evan/workspace/rx3-research/rekordbox-link-export-research/conformance/goldens/rekordbox-7.2.19/xdj-1000mk2/context-device-setup-legacy.json
2026-10-02T01:55:11-04:00 record_context_device_setup_matrix.sh[2210726]:     Finished `release` profile [optimized] target(s) in 0.12s
2026-10-02T01:55:11-04:00 record_context_device_setup_matrix.sh[2210726]:      Running `conformance/target/release/link-export-conformance verify --host 172.31.96.96 --suite /home/evan/workspace/rx3-research/rekordbox-link-export-research/conformance/suites/context-device-setup-legacy.json --manifest /home/evan/workspace/rx3-research/rekordbox-link-export-research/conformance/fixtures/generated/full/manifest.json --identity /home/evan/workspace/rx3-research/rekordbox-link-export-research/conformance/runs/xdj-1000mk2-player-5.json --backend rekordbox-repeat --backend-version 7.2.19 --golden /home/evan/workspace/rx3-research/rekordbox-link-export-research/conformance/goldens/rekordbox-7.2.19/xdj-1000mk2/context-device-setup-legacy.json`
2026-10-02T01:55:11-04:00 record_context_device_setup_matrix.sh[2210726]: running case type-00--tracks
2026-10-02T01:55:11-04:00 record_context_device_setup_matrix.sh[2210726]: running case type-01--tracks
2026-10-02T01:55:11-04:00 record_context_device_setup_matrix.sh[2210726]: running case type-02--tracks
2026-10-02T01:55:11-04:00 record_context_device_setup_matrix.sh[2210726]: running case type-03--tracks
2026-10-02T01:55:14-04:00 record_context_device_setup_matrix.sh[2210726]: running case type-04--tracks
2026-10-02T01:55:18-04:00 record_context_device_setup_matrix.sh[2210726]: running case type-05--tracks
2026-10-02T01:55:18-04:00 record_context_device_setup_matrix.sh[2210726]: running case type-06--tracks
2026-10-02T01:55:18-04:00 record_context_device_setup_matrix.sh[2210726]: running case type-00--genre-tracks-all
2026-10-02T01:55:18-04:00 record_context_device_setup_matrix.sh[2210726]: running case type-01--genre-tracks-all
2026-10-02T01:55:18-04:00 record_context_device_setup_matrix.sh[2210726]: running case type-02--genre-tracks-all
2026-10-02T01:55:18-04:00 record_context_device_setup_matrix.sh[2210726]: running case type-05--genre-tracks-all
2026-10-02T01:55:18-04:00 record_context_device_setup_matrix.sh[2210726]: running case type-06--genre-tracks-all
2026-10-02T01:55:18-04:00 record_context_device_setup_matrix.sh[2210726]: running case type-00--root
2026-10-02T01:55:18-04:00 record_context_device_setup_matrix.sh[2210726]: running case type-01--root
2026-10-02T01:55:18-04:00 record_context_device_setup_matrix.sh[2210726]: running case type-00--search
2026-10-02T01:55:18-04:00 record_context_device_setup_matrix.sh[2210726]: running case type-01--search
2026-10-02T01:55:18-04:00 record_context_device_setup_matrix.sh[2210726]: verified 16 cases against /home/evan/workspace/rx3-research/rekordbox-link-export-research/conformance/goldens/rekordbox-7.2.19/xdj-1000mk2/context-device-setup-legacy.json
2026-10-02T01:55:18-04:00 record_context_device_setup_matrix.sh[2197074]: === unknown-mixer: reset and launch ===
2026-10-02T01:55:19-04:00 record_context_device_setup_matrix.sh[2210952]: ** WARNING: connection is not using a post-quantum key exchange algorithm.
2026-10-02T01:55:19-04:00 record_context_device_setup_matrix.sh[2210952]: ** This session may be vulnerable to "store now, decrypt later" attacks.
2026-10-02T01:55:19-04:00 record_context_device_setup_matrix.sh[2210952]: ** The server may need to be upgraded. See https://openssh.com/pq.html
2026-10-02T01:55:20-04:00 record_context_device_setup_matrix.sh[2210952]: Guest staging directory is ready.
2026-10-02T01:55:21-04:00 record_context_device_setup_matrix.sh[2210971]: ** WARNING: connection is not using a post-quantum key exchange algorithm.
2026-10-02T01:55:21-04:00 record_context_device_setup_matrix.sh[2210971]: ** This session may be vulnerable to "store now, decrypt later" attacks.
2026-10-02T01:55:21-04:00 record_context_device_setup_matrix.sh[2210971]: ** The server may need to be upgraded. See https://openssh.com/pq.html
2026-10-02T01:55:25-04:00 record_context_device_setup_matrix.sh[2211047]: ** WARNING: connection is not using a post-quantum key exchange algorithm.
2026-10-02T01:55:25-04:00 record_context_device_setup_matrix.sh[2211047]: ** This session may be vulnerable to "store now, decrypt later" attacks.
2026-10-02T01:55:25-04:00 record_context_device_setup_matrix.sh[2211047]: ** The server may need to be upgraded. See https://openssh.com/pq.html
2026-10-02T01:55:25-04:00 record_context_device_setup_matrix.sh[2211051]: ** WARNING: connection is not using a post-quantum key exchange algorithm.
2026-10-02T01:55:25-04:00 record_context_device_setup_matrix.sh[2211051]: ** This session may be vulnerable to "store now, decrypt later" attacks.
2026-10-02T01:55:25-04:00 record_context_device_setup_matrix.sh[2211051]: ** The server may need to be upgraded. See https://openssh.com/pq.html
2026-10-02T01:55:27-04:00 record_context_device_setup_matrix.sh[2211099]: ** WARNING: connection is not using a post-quantum key exchange algorithm.
2026-10-02T01:55:27-04:00 record_context_device_setup_matrix.sh[2211099]: ** This session may be vulnerable to "store now, decrypt later" attacks.
2026-10-02T01:55:27-04:00 record_context_device_setup_matrix.sh[2211099]: ** The server may need to be upgraded. See https://openssh.com/pq.html
2026-10-02T01:55:35-04:00 record_context_device_setup_matrix.sh[2211099]: Rekordbox is stopped.
2026-10-02T01:55:36-04:00 record_context_device_setup_matrix.sh[2211294]: ** WARNING: connection is not using a post-quantum key exchange algorithm.
2026-10-02T01:55:36-04:00 record_context_device_setup_matrix.sh[2211294]: ** This session may be vulnerable to "store now, decrypt later" attacks.
2026-10-02T01:55:36-04:00 record_context_device_setup_matrix.sh[2211294]: ** The server may need to be upgraded. See https://openssh.com/pq.html
2026-10-02T01:55:38-04:00 record_context_device_setup_matrix.sh[2211294]: {
2026-10-02T01:55:38-04:00 record_context_device_setup_matrix.sh[2211294]:   "fixture_version": 1,
2026-10-02T01:55:38-04:00 record_context_device_setup_matrix.sh[2211294]:   "profile": "full",
2026-10-02T01:55:38-04:00 record_context_device_setup_matrix.sh[2211294]:   "database_sha256": "e8c45a7020a70103d6a15d5cf9aaa32a3d8c758c6c1f3f33b2a8d80872f7c812",
2026-10-02T01:55:38-04:00 record_context_device_setup_matrix.sh[2211294]:   "fixture_fingerprint": "c7b0b834a1a1320faaa3526c4792f0d31430c617ea9b8b6008521c514b67853c",
2026-10-02T01:55:38-04:00 record_context_device_setup_matrix.sh[2211294]:   "integrity": "ok",
2026-10-02T01:55:38-04:00 record_context_device_setup_matrix.sh[2211294]:   "track_count": 8,
2026-10-02T01:55:38-04:00 record_context_device_setup_matrix.sh[2211294]:   "ids": {
2026-10-02T01:55:38-04:00 record_context_device_setup_matrix.sh[2211294]:     "artist.alpha": 1001,
2026-10-02T01:55:38-04:00 record_context_device_setup_matrix.sh[2211294]:     "artist.beta": 1002,
2026-10-02T01:55:38-04:00 record_context_device_setup_matrix.sh[2211294]:     "artist.remixer": 1003,
2026-10-02T01:55:38-04:00 record_context_device_setup_matrix.sh[2211294]:     "artist.original": 1004,
2026-10-02T01:55:38-04:00 record_context_device_setup_matrix.sh[2211294]:     "album.one": 2001,
2026-10-02T01:55:38-04:00 record_context_device_setup_matrix.sh[2211294]:     "album.two": 2002,
2026-10-02T01:55:38-04:00 record_context_device_setup_matrix.sh[2211294]:     "album.three": 2003,
2026-10-02T01:55:38-04:00 record_context_device_setup_matrix.sh[2211294]:     "genre.house": 3001,
2026-10-02T01:55:38-04:00 record_context_device_setup_matrix.sh[2211294]:     "genre.techno": 3002,
2026-10-02T01:55:38-04:00 record_context_device_setup_matrix.sh[2211294]:     "label.one": 4001,
2026-10-02T01:55:38-04:00 record_context_device_setup_matrix.sh[2211294]:     "label.two": 4002,
2026-10-02T01:55:38-04:00 record_context_device_setup_matrix.sh[2211294]:     "key.am": 5001,
2026-10-02T01:55:38-04:00 record_context_device_setup_matrix.sh[2211294]:     "key.c": 5002,
2026-10-02T01:55:38-04:00 record_context_device_setup_matrix.sh[2211294]:     "playlist.cue_analysis": 200000,
2026-10-02T01:55:38-04:00 record_context_device_setup_matrix.sh[2211294]:     "playlist.folder": 6001,
2026-10-02T01:55:38-04:00 record_context_device_setup_matrix.sh[2211294]:     "playlist.primary": 6002,
2026-10-02T01:55:38-04:00 record_context_device_setup_matrix.sh[2211294]:     "playlist.empty": 6003,
2026-10-02T01:55:38-04:00 record_context_device_setup_matrix.sh[2211294]:     "history.one": 7001,
2026-10-02T01:55:38-04:00 record_context_device_setup_matrix.sh[2211294]:     "hotcue.folder": 8001,
2026-10-02T01:55:38-04:00 record_context_device_setup_matrix.sh[2211294]:     "hotcue.bank": 8002,
2026-10-02T01:55:38-04:00 record_context_device_setup_matrix.sh[2211294]:     "mytag.group.genre": 8501,
2026-10-02T01:55:38-04:00 record_context_device_setup_matrix.sh[2211294]:     "mytag.warmup": 8502,
2026-10-02T01:55:38-04:00 record_context_device_setup_matrix.sh[2211294]:     "mytag.group.components": 8503,
2026-10-02T01:55:38-04:00 record_context_device_setup_matrix.sh[2211294]:     "mytag.vocal": 8504,
2026-10-02T01:55:38-04:00 record_context_device_setup_matrix.sh[2211294]:     "mytag.empty": 8505,
2026-10-02T01:55:38-04:00 record_context_device_setup_matrix.sh[2211294]:     "track.first": 10001,
2026-10-02T01:55:38-04:00 record_context_device_setup_matrix.sh[2211294]:     "track.second": 10002,
2026-10-02T01:55:38-04:00 record_context_device_setup_matrix.sh[2211294]:     "track.third": 10003,
2026-10-02T01:55:38-04:00 record_context_device_setup_matrix.sh[2211294]:     "track.fourth": 10004,
2026-10-02T01:55:38-04:00 record_context_device_setup_matrix.sh[2211294]:     "track.fifth": 10005,
2026-10-02T01:55:38-04:00 record_context_device_setup_matrix.sh[2211294]:     "track.sixth": 10006,
2026-10-02T01:55:38-04:00 record_context_device_setup_matrix.sh[2211294]:     "track.seventh": 10007,
2026-10-02T01:55:38-04:00 record_context_device_setup_matrix.sh[2211294]:     "track.eighth": 10008,
2026-10-02T01:55:38-04:00 record_context_device_setup_matrix.sh[2211294]:     "track.deleted": 10999
2026-10-02T01:55:38-04:00 record_context_device_setup_matrix.sh[2211294]:   }
2026-10-02T01:55:38-04:00 record_context_device_setup_matrix.sh[2211294]: }
2026-10-02T01:55:38-04:00 record_context_device_setup_matrix.sh[2211294]: Fixture installed. Start rekordbox manually after reviewing the manifest above.
2026-10-02T01:55:38-04:00 record_context_device_setup_matrix.sh[2211305]: ** WARNING: connection is not using a post-quantum key exchange algorithm.
2026-10-02T01:55:38-04:00 record_context_device_setup_matrix.sh[2211305]: ** This session may be vulnerable to "store now, decrypt later" attacks.
2026-10-02T01:55:38-04:00 record_context_device_setup_matrix.sh[2211305]: ** The server may need to be upgraded. See https://openssh.com/pq.html
2026-10-02T01:55:39-04:00 record_context_device_setup_matrix.sh[2211362]: ** WARNING: connection is not using a post-quantum key exchange algorithm.
2026-10-02T01:55:39-04:00 record_context_device_setup_matrix.sh[2211362]: ** This session may be vulnerable to "store now, decrypt later" attacks.
2026-10-02T01:55:39-04:00 record_context_device_setup_matrix.sh[2211362]: ** The server may need to be upgraded. See https://openssh.com/pq.html
2026-10-02T01:55:40-04:00 record_context_device_setup_matrix.sh[2211368]: ** WARNING: connection is not using a post-quantum key exchange algorithm.
2026-10-02T01:55:40-04:00 record_context_device_setup_matrix.sh[2211368]: ** This session may be vulnerable to "store now, decrypt later" attacks.
2026-10-02T01:55:40-04:00 record_context_device_setup_matrix.sh[2211368]: ** The server may need to be upgraded. See https://openssh.com/pq.html
2026-10-02T01:55:41-04:00 record_context_device_setup_matrix.sh[2211375]: ** WARNING: connection is not using a post-quantum key exchange algorithm.
2026-10-02T01:55:41-04:00 record_context_device_setup_matrix.sh[2211375]: ** This session may be vulnerable to "store now, decrypt later" attacks.
2026-10-02T01:55:41-04:00 record_context_device_setup_matrix.sh[2211375]: ** The server may need to be upgraded. See https://openssh.com/pq.html
2026-10-02T01:56:19-04:00 record_context_device_setup_matrix.sh[2211375]: {
2026-10-02T01:56:19-04:00 record_context_device_setup_matrix.sh[2211375]:     "success":  true,
2026-10-02T01:56:19-04:00 record_context_device_setup_matrix.sh[2211375]:     "process_id":  3260,
2026-10-02T01:56:19-04:00 record_context_device_setup_matrix.sh[2211375]:     "main_window_handle":  787380,
2026-10-02T01:56:19-04:00 record_context_device_setup_matrix.sh[2211375]:     "ready_at":  1790920577
2026-10-02T01:56:19-04:00 record_context_device_setup_matrix.sh[2211375]: }
2026-10-02T01:56:20-04:00 record_context_device_setup_matrix.sh[2211308]: rekordbox interactive window is ready
2026-10-02T01:56:20-04:00 record_context_device_setup_matrix.sh[2197074]: === unknown-mixer: record and immediate repeat ===
2026-10-02T01:56:22-04:00 systemd-run[2212382]: Running as unit: rekordbox-identity-1790920580.service; invocation ID: ed0c448c992c44aca4e23253820dd05b
2026-10-02T01:56:34-04:00 record_context_device_setup_matrix.sh[2212575]:     Finished `release` profile [optimized] target(s) in 0.14s
2026-10-02T01:56:34-04:00 record_context_device_setup_matrix.sh[2212575]:      Running `conformance/target/release/link-export-conformance record --host 172.31.96.96 --suite /home/evan/workspace/rx3-research/rekordbox-link-export-research/conformance/suites/context-device-setup-extended.json --manifest /home/evan/workspace/rx3-research/rekordbox-link-export-research/conformance/fixtures/generated/full/manifest.json --identity /home/evan/workspace/rx3-research/rekordbox-link-export-research/conformance/runs/unknown-mixer-player-6.json --backend rekordbox --backend-version 7.2.19 --golden /home/evan/workspace/rx3-research/rekordbox-link-export-research/conformance/goldens/rekordbox-7.2.19/unknown-mixer/context-device-setup-extended.json`
2026-10-02T01:56:34-04:00 record_context_device_setup_matrix.sh[2212575]: running case type-00--tracks
2026-10-02T01:56:34-04:00 record_context_device_setup_matrix.sh[2212575]: running case type-01--tracks
2026-10-02T01:56:34-04:00 record_context_device_setup_matrix.sh[2212575]: running case type-02--tracks
2026-10-02T01:56:34-04:00 record_context_device_setup_matrix.sh[2212575]: running case type-03--tracks
2026-10-02T01:56:37-04:00 record_context_device_setup_matrix.sh[2212575]: running case type-04--tracks
2026-10-02T01:56:40-04:00 record_context_device_setup_matrix.sh[2212575]: running case type-05--tracks
2026-10-02T01:56:40-04:00 record_context_device_setup_matrix.sh[2212575]: running case type-06--tracks
2026-10-02T01:56:40-04:00 record_context_device_setup_matrix.sh[2212575]: running case type-00--genre-tracks-all
2026-10-02T01:56:40-04:00 record_context_device_setup_matrix.sh[2212575]: running case type-01--genre-tracks-all
2026-10-02T01:56:40-04:00 record_context_device_setup_matrix.sh[2212575]: running case type-02--genre-tracks-all
2026-10-02T01:56:40-04:00 record_context_device_setup_matrix.sh[2212575]: running case type-05--genre-tracks-all
2026-10-02T01:56:41-04:00 record_context_device_setup_matrix.sh[2212575]: running case type-06--genre-tracks-all
2026-10-02T01:56:41-04:00 record_context_device_setup_matrix.sh[2212575]: running case type-00--root
2026-10-02T01:56:41-04:00 record_context_device_setup_matrix.sh[2212575]: running case type-01--root
2026-10-02T01:56:41-04:00 record_context_device_setup_matrix.sh[2212575]: running case type-00--search
2026-10-02T01:56:41-04:00 record_context_device_setup_matrix.sh[2212575]: running case type-01--search
2026-10-02T01:56:41-04:00 record_context_device_setup_matrix.sh[2212575]: recorded 16 cases to /home/evan/workspace/rx3-research/rekordbox-link-export-research/conformance/goldens/rekordbox-7.2.19/unknown-mixer/context-device-setup-extended.json
2026-10-02T01:56:41-04:00 record_context_device_setup_matrix.sh[2212726]:     Finished `release` profile [optimized] target(s) in 0.12s
2026-10-02T01:56:41-04:00 record_context_device_setup_matrix.sh[2212726]:      Running `conformance/target/release/link-export-conformance verify --host 172.31.96.96 --suite /home/evan/workspace/rx3-research/rekordbox-link-export-research/conformance/suites/context-device-setup-extended.json --manifest /home/evan/workspace/rx3-research/rekordbox-link-export-research/conformance/fixtures/generated/full/manifest.json --identity /home/evan/workspace/rx3-research/rekordbox-link-export-research/conformance/runs/unknown-mixer-player-6.json --backend rekordbox-repeat --backend-version 7.2.19 --golden /home/evan/workspace/rx3-research/rekordbox-link-export-research/conformance/goldens/rekordbox-7.2.19/unknown-mixer/context-device-setup-extended.json`
2026-10-02T01:56:41-04:00 record_context_device_setup_matrix.sh[2212726]: running case type-00--tracks
2026-10-02T01:56:41-04:00 record_context_device_setup_matrix.sh[2212726]: running case type-01--tracks
2026-10-02T01:56:41-04:00 record_context_device_setup_matrix.sh[2212726]: running case type-02--tracks
2026-10-02T01:56:41-04:00 record_context_device_setup_matrix.sh[2212726]: running case type-03--tracks
2026-10-02T01:56:44-04:00 record_context_device_setup_matrix.sh[2212726]: running case type-04--tracks
2026-10-02T01:56:48-04:00 record_context_device_setup_matrix.sh[2212726]: running case type-05--tracks
2026-10-02T01:56:48-04:00 record_context_device_setup_matrix.sh[2212726]: running case type-06--tracks
2026-10-02T01:56:48-04:00 record_context_device_setup_matrix.sh[2212726]: running case type-00--genre-tracks-all
2026-10-02T01:56:48-04:00 record_context_device_setup_matrix.sh[2212726]: running case type-01--genre-tracks-all
2026-10-02T01:56:48-04:00 record_context_device_setup_matrix.sh[2212726]: running case type-02--genre-tracks-all
2026-10-02T01:56:48-04:00 record_context_device_setup_matrix.sh[2212726]: running case type-05--genre-tracks-all
2026-10-02T01:56:48-04:00 record_context_device_setup_matrix.sh[2212726]: running case type-06--genre-tracks-all
2026-10-02T01:56:48-04:00 record_context_device_setup_matrix.sh[2212726]: running case type-00--root
2026-10-02T01:56:48-04:00 record_context_device_setup_matrix.sh[2212726]: running case type-01--root
2026-10-02T01:56:48-04:00 record_context_device_setup_matrix.sh[2212726]: running case type-00--search
2026-10-02T01:56:48-04:00 record_context_device_setup_matrix.sh[2212726]: running case type-01--search
2026-10-02T01:56:48-04:00 record_context_device_setup_matrix.sh[2212726]: verified 16 cases against /home/evan/workspace/rx3-research/rekordbox-link-export-research/conformance/goldens/rekordbox-7.2.19/unknown-mixer/context-device-setup-extended.json
2026-10-02T01:56:48-04:00 record_context_device_setup_matrix.sh[2212894]:     Finished `release` profile [optimized] target(s) in 0.12s
2026-10-02T01:56:48-04:00 record_context_device_setup_matrix.sh[2212894]:      Running `conformance/target/release/link-export-conformance record --host 172.31.96.96 --suite /home/evan/workspace/rx3-research/rekordbox-link-export-research/conformance/suites/context-device-setup-legacy.json --manifest /home/evan/workspace/rx3-research/rekordbox-link-export-research/conformance/fixtures/generated/full/manifest.json --identity /home/evan/workspace/rx3-research/rekordbox-link-export-research/conformance/runs/unknown-mixer-player-6.json --backend rekordbox --backend-version 7.2.19 --golden /home/evan/workspace/rx3-research/rekordbox-link-export-research/conformance/goldens/rekordbox-7.2.19/unknown-mixer/context-device-setup-legacy.json`
2026-10-02T01:56:48-04:00 record_context_device_setup_matrix.sh[2212894]: running case type-00--tracks
2026-10-02T01:56:48-04:00 record_context_device_setup_matrix.sh[2212894]: running case type-01--tracks
2026-10-02T01:56:48-04:00 record_context_device_setup_matrix.sh[2212894]: running case type-02--tracks
2026-10-02T01:56:48-04:00 record_context_device_setup_matrix.sh[2212894]: running case type-03--tracks
2026-10-02T01:56:51-04:00 record_context_device_setup_matrix.sh[2212894]: running case type-04--tracks
2026-10-02T01:56:55-04:00 record_context_device_setup_matrix.sh[2212894]: running case type-05--tracks
2026-10-02T01:56:55-04:00 record_context_device_setup_matrix.sh[2212894]: running case type-06--tracks
2026-10-02T01:56:55-04:00 record_context_device_setup_matrix.sh[2212894]: running case type-00--genre-tracks-all
2026-10-02T01:56:55-04:00 record_context_device_setup_matrix.sh[2212894]: running case type-01--genre-tracks-all
2026-10-02T01:56:55-04:00 record_context_device_setup_matrix.sh[2212894]: running case type-02--genre-tracks-all
2026-10-02T01:56:55-04:00 record_context_device_setup_matrix.sh[2212894]: running case type-05--genre-tracks-all
2026-10-02T01:56:55-04:00 record_context_device_setup_matrix.sh[2212894]: running case type-06--genre-tracks-all
2026-10-02T01:56:55-04:00 record_context_device_setup_matrix.sh[2212894]: running case type-00--root
2026-10-02T01:56:55-04:00 record_context_device_setup_matrix.sh[2212894]: running case type-01--root
2026-10-02T01:56:55-04:00 record_context_device_setup_matrix.sh[2212894]: running case type-00--search
2026-10-02T01:56:55-04:00 record_context_device_setup_matrix.sh[2212894]: running case type-01--search
2026-10-02T01:56:55-04:00 record_context_device_setup_matrix.sh[2212894]: recorded 16 cases to /home/evan/workspace/rx3-research/rekordbox-link-export-research/conformance/goldens/rekordbox-7.2.19/unknown-mixer/context-device-setup-legacy.json
2026-10-02T01:56:55-04:00 record_context_device_setup_matrix.sh[2213039]:     Finished `release` profile [optimized] target(s) in 0.12s
2026-10-02T01:56:55-04:00 record_context_device_setup_matrix.sh[2213039]:      Running `conformance/target/release/link-export-conformance verify --host 172.31.96.96 --suite /home/evan/workspace/rx3-research/rekordbox-link-export-research/conformance/suites/context-device-setup-legacy.json --manifest /home/evan/workspace/rx3-research/rekordbox-link-export-research/conformance/fixtures/generated/full/manifest.json --identity /home/evan/workspace/rx3-research/rekordbox-link-export-research/conformance/runs/unknown-mixer-player-6.json --backend rekordbox-repeat --backend-version 7.2.19 --golden /home/evan/workspace/rx3-research/rekordbox-link-export-research/conformance/goldens/rekordbox-7.2.19/unknown-mixer/context-device-setup-legacy.json`
2026-10-02T01:56:55-04:00 record_context_device_setup_matrix.sh[2213039]: running case type-00--tracks
2026-10-02T01:56:55-04:00 record_context_device_setup_matrix.sh[2213039]: running case type-01--tracks
2026-10-02T01:56:55-04:00 record_context_device_setup_matrix.sh[2213039]: running case type-02--tracks
2026-10-02T01:56:55-04:00 record_context_device_setup_matrix.sh[2213039]: running case type-03--tracks
2026-10-02T01:56:58-04:00 record_context_device_setup_matrix.sh[2213039]: running case type-04--tracks
2026-10-02T01:57:02-04:00 record_context_device_setup_matrix.sh[2213039]: running case type-05--tracks
2026-10-02T01:57:02-04:00 record_context_device_setup_matrix.sh[2213039]: running case type-06--tracks
2026-10-02T01:57:02-04:00 record_context_device_setup_matrix.sh[2213039]: running case type-00--genre-tracks-all
2026-10-02T01:57:02-04:00 record_context_device_setup_matrix.sh[2213039]: running case type-01--genre-tracks-all
2026-10-02T01:57:02-04:00 record_context_device_setup_matrix.sh[2213039]: running case type-02--genre-tracks-all
2026-10-02T01:57:02-04:00 record_context_device_setup_matrix.sh[2213039]: running case type-05--genre-tracks-all
2026-10-02T01:57:02-04:00 record_context_device_setup_matrix.sh[2213039]: running case type-06--genre-tracks-all
2026-10-02T01:57:02-04:00 record_context_device_setup_matrix.sh[2213039]: running case type-00--root
2026-10-02T01:57:02-04:00 record_context_device_setup_matrix.sh[2213039]: running case type-01--root
2026-10-02T01:57:02-04:00 record_context_device_setup_matrix.sh[2213039]: running case type-00--search
2026-10-02T01:57:02-04:00 record_context_device_setup_matrix.sh[2213039]: running case type-01--search
2026-10-02T01:57:02-04:00 record_context_device_setup_matrix.sh[2213039]: verified 16 cases against /home/evan/workspace/rx3-research/rekordbox-link-export-research/conformance/goldens/rekordbox-7.2.19/unknown-mixer/context-device-setup-legacy.json
2026-10-02T01:57:02-04:00 record_context_device_setup_matrix.sh[2197074]: === unknown-djm: reset and launch ===
2026-10-02T01:57:03-04:00 record_context_device_setup_matrix.sh[2213271]: ** WARNING: connection is not using a post-quantum key exchange algorithm.
2026-10-02T01:57:03-04:00 record_context_device_setup_matrix.sh[2213271]: ** This session may be vulnerable to "store now, decrypt later" attacks.
2026-10-02T01:57:03-04:00 record_context_device_setup_matrix.sh[2213271]: ** The server may need to be upgraded. See https://openssh.com/pq.html
2026-10-02T01:57:04-04:00 record_context_device_setup_matrix.sh[2213271]: Guest staging directory is ready.
2026-10-02T01:57:04-04:00 record_context_device_setup_matrix.sh[2213317]: ** WARNING: connection is not using a post-quantum key exchange algorithm.
2026-10-02T01:57:04-04:00 record_context_device_setup_matrix.sh[2213317]: ** This session may be vulnerable to "store now, decrypt later" attacks.
2026-10-02T01:57:04-04:00 record_context_device_setup_matrix.sh[2213317]: ** The server may need to be upgraded. See https://openssh.com/pq.html
2026-10-02T01:57:05-04:00 record_context_device_setup_matrix.sh[2213322]: ** WARNING: connection is not using a post-quantum key exchange algorithm.
2026-10-02T01:57:05-04:00 record_context_device_setup_matrix.sh[2213322]: ** This session may be vulnerable to "store now, decrypt later" attacks.
2026-10-02T01:57:05-04:00 record_context_device_setup_matrix.sh[2213322]: ** The server may need to be upgraded. See https://openssh.com/pq.html
2026-10-02T01:57:06-04:00 record_context_device_setup_matrix.sh[2213383]: ** WARNING: connection is not using a post-quantum key exchange algorithm.
2026-10-02T01:57:06-04:00 record_context_device_setup_matrix.sh[2213383]: ** This session may be vulnerable to "store now, decrypt later" attacks.
2026-10-02T01:57:06-04:00 record_context_device_setup_matrix.sh[2213383]: ** The server may need to be upgraded. See https://openssh.com/pq.html
2026-10-02T01:57:07-04:00 record_context_device_setup_matrix.sh[2213390]: ** WARNING: connection is not using a post-quantum key exchange algorithm.
2026-10-02T01:57:07-04:00 record_context_device_setup_matrix.sh[2213390]: ** This session may be vulnerable to "store now, decrypt later" attacks.
2026-10-02T01:57:07-04:00 record_context_device_setup_matrix.sh[2213390]: ** The server may need to be upgraded. See https://openssh.com/pq.html
2026-10-02T01:57:15-04:00 record_context_device_setup_matrix.sh[2213390]: Rekordbox is stopped.
2026-10-02T01:57:16-04:00 record_context_device_setup_matrix.sh[2213584]: ** WARNING: connection is not using a post-quantum key exchange algorithm.
2026-10-02T01:57:16-04:00 record_context_device_setup_matrix.sh[2213584]: ** This session may be vulnerable to "store now, decrypt later" attacks.
2026-10-02T01:57:16-04:00 record_context_device_setup_matrix.sh[2213584]: ** The server may need to be upgraded. See https://openssh.com/pq.html
2026-10-02T01:57:17-04:00 record_context_device_setup_matrix.sh[2213584]: {
2026-10-02T01:57:17-04:00 record_context_device_setup_matrix.sh[2213584]:   "fixture_version": 1,
2026-10-02T01:57:17-04:00 record_context_device_setup_matrix.sh[2213584]:   "profile": "full",
2026-10-02T01:57:17-04:00 record_context_device_setup_matrix.sh[2213584]:   "database_sha256": "e8c45a7020a70103d6a15d5cf9aaa32a3d8c758c6c1f3f33b2a8d80872f7c812",
2026-10-02T01:57:17-04:00 record_context_device_setup_matrix.sh[2213584]:   "fixture_fingerprint": "c7b0b834a1a1320faaa3526c4792f0d31430c617ea9b8b6008521c514b67853c",
2026-10-02T01:57:17-04:00 record_context_device_setup_matrix.sh[2213584]:   "integrity": "ok",
2026-10-02T01:57:17-04:00 record_context_device_setup_matrix.sh[2213584]:   "track_count": 8,
2026-10-02T01:57:17-04:00 record_context_device_setup_matrix.sh[2213584]:   "ids": {
2026-10-02T01:57:17-04:00 record_context_device_setup_matrix.sh[2213584]:     "artist.alpha": 1001,
2026-10-02T01:57:17-04:00 record_context_device_setup_matrix.sh[2213584]:     "artist.beta": 1002,
2026-10-02T01:57:17-04:00 record_context_device_setup_matrix.sh[2213584]:     "artist.remixer": 1003,
2026-10-02T01:57:17-04:00 record_context_device_setup_matrix.sh[2213584]:     "artist.original": 1004,
2026-10-02T01:57:17-04:00 record_context_device_setup_matrix.sh[2213584]:     "album.one": 2001,
2026-10-02T01:57:17-04:00 record_context_device_setup_matrix.sh[2213584]:     "album.two": 2002,
2026-10-02T01:57:17-04:00 record_context_device_setup_matrix.sh[2213584]:     "album.three": 2003,
2026-10-02T01:57:17-04:00 record_context_device_setup_matrix.sh[2213584]:     "genre.house": 3001,
2026-10-02T01:57:17-04:00 record_context_device_setup_matrix.sh[2213584]:     "genre.techno": 3002,
2026-10-02T01:57:17-04:00 record_context_device_setup_matrix.sh[2213584]:     "label.one": 4001,
2026-10-02T01:57:17-04:00 record_context_device_setup_matrix.sh[2213584]:     "label.two": 4002,
2026-10-02T01:57:17-04:00 record_context_device_setup_matrix.sh[2213584]:     "key.am": 5001,
2026-10-02T01:57:17-04:00 record_context_device_setup_matrix.sh[2213584]:     "key.c": 5002,
2026-10-02T01:57:17-04:00 record_context_device_setup_matrix.sh[2213584]:     "playlist.cue_analysis": 200000,
2026-10-02T01:57:17-04:00 record_context_device_setup_matrix.sh[2213584]:     "playlist.folder": 6001,
2026-10-02T01:57:17-04:00 record_context_device_setup_matrix.sh[2213584]:     "playlist.primary": 6002,
2026-10-02T01:57:17-04:00 record_context_device_setup_matrix.sh[2213584]:     "playlist.empty": 6003,
2026-10-02T01:57:17-04:00 record_context_device_setup_matrix.sh[2213584]:     "history.one": 7001,
2026-10-02T01:57:17-04:00 record_context_device_setup_matrix.sh[2213584]:     "hotcue.folder": 8001,
2026-10-02T01:57:17-04:00 record_context_device_setup_matrix.sh[2213584]:     "hotcue.bank": 8002,
2026-10-02T01:57:17-04:00 record_context_device_setup_matrix.sh[2213584]:     "mytag.group.genre": 8501,
2026-10-02T01:57:17-04:00 record_context_device_setup_matrix.sh[2213584]:     "mytag.warmup": 8502,
2026-10-02T01:57:17-04:00 record_context_device_setup_matrix.sh[2213584]:     "mytag.group.components": 8503,
2026-10-02T01:57:17-04:00 record_context_device_setup_matrix.sh[2213584]:     "mytag.vocal": 8504,
2026-10-02T01:57:17-04:00 record_context_device_setup_matrix.sh[2213584]:     "mytag.empty": 8505,
2026-10-02T01:57:17-04:00 record_context_device_setup_matrix.sh[2213584]:     "track.first": 10001,
2026-10-02T01:57:17-04:00 record_context_device_setup_matrix.sh[2213584]:     "track.second": 10002,
2026-10-02T01:57:17-04:00 record_context_device_setup_matrix.sh[2213584]:     "track.third": 10003,
2026-10-02T01:57:17-04:00 record_context_device_setup_matrix.sh[2213584]:     "track.fourth": 10004,
2026-10-02T01:57:17-04:00 record_context_device_setup_matrix.sh[2213584]:     "track.fifth": 10005,
2026-10-02T01:57:17-04:00 record_context_device_setup_matrix.sh[2213584]:     "track.sixth": 10006,
2026-10-02T01:57:17-04:00 record_context_device_setup_matrix.sh[2213584]:     "track.seventh": 10007,
2026-10-02T01:57:17-04:00 record_context_device_setup_matrix.sh[2213584]:     "track.eighth": 10008,
2026-10-02T01:57:17-04:00 record_context_device_setup_matrix.sh[2213584]:     "track.deleted": 10999
2026-10-02T01:57:17-04:00 record_context_device_setup_matrix.sh[2213584]:   }
2026-10-02T01:57:17-04:00 record_context_device_setup_matrix.sh[2213584]: }
2026-10-02T01:57:17-04:00 record_context_device_setup_matrix.sh[2213584]: Fixture installed. Start rekordbox manually after reviewing the manifest above.
2026-10-02T01:57:18-04:00 record_context_device_setup_matrix.sh[2213658]: ** WARNING: connection is not using a post-quantum key exchange algorithm.
2026-10-02T01:57:18-04:00 record_context_device_setup_matrix.sh[2213658]: ** This session may be vulnerable to "store now, decrypt later" attacks.
2026-10-02T01:57:18-04:00 record_context_device_setup_matrix.sh[2213658]: ** The server may need to be upgraded. See https://openssh.com/pq.html
2026-10-02T01:57:18-04:00 record_context_device_setup_matrix.sh[2213674]: ** WARNING: connection is not using a post-quantum key exchange algorithm.
2026-10-02T01:57:18-04:00 record_context_device_setup_matrix.sh[2213674]: ** This session may be vulnerable to "store now, decrypt later" attacks.
2026-10-02T01:57:18-04:00 record_context_device_setup_matrix.sh[2213674]: ** The server may need to be upgraded. See https://openssh.com/pq.html
2026-10-02T01:57:19-04:00 record_context_device_setup_matrix.sh[2213681]: ** WARNING: connection is not using a post-quantum key exchange algorithm.
2026-10-02T01:57:19-04:00 record_context_device_setup_matrix.sh[2213681]: ** This session may be vulnerable to "store now, decrypt later" attacks.
2026-10-02T01:57:19-04:00 record_context_device_setup_matrix.sh[2213681]: ** The server may need to be upgraded. See https://openssh.com/pq.html
2026-10-02T01:57:20-04:00 record_context_device_setup_matrix.sh[2213731]: ** WARNING: connection is not using a post-quantum key exchange algorithm.
2026-10-02T01:57:20-04:00 record_context_device_setup_matrix.sh[2213731]: ** This session may be vulnerable to "store now, decrypt later" attacks.
2026-10-02T01:57:20-04:00 record_context_device_setup_matrix.sh[2213731]: ** The server may need to be upgraded. See https://openssh.com/pq.html
2026-10-02T01:57:59-04:00 record_context_device_setup_matrix.sh[2213731]: {
2026-10-02T01:57:59-04:00 record_context_device_setup_matrix.sh[2213731]:     "success":  true,
2026-10-02T01:57:59-04:00 record_context_device_setup_matrix.sh[2213731]:     "process_id":  2796,
2026-10-02T01:57:59-04:00 record_context_device_setup_matrix.sh[2213731]:     "main_window_handle":  721982,
2026-10-02T01:57:59-04:00 record_context_device_setup_matrix.sh[2213731]:     "ready_at":  1790920677
2026-10-02T01:57:59-04:00 record_context_device_setup_matrix.sh[2213731]: }
2026-10-02T01:57:59-04:00 record_context_device_setup_matrix.sh[2197074]: === unknown-djm: record and immediate repeat ===
2026-10-02T01:58:02-04:00 systemd-run[2214680]: Running as unit: rekordbox-identity-1790920679.service; invocation ID: 8493656d40f94cf794ce1517f13948d5
2026-10-02T01:58:13-04:00 record_context_device_setup_matrix.sh[2214900]:     Finished `release` profile [optimized] target(s) in 0.11s
2026-10-02T01:58:13-04:00 record_context_device_setup_matrix.sh[2214900]:      Running `conformance/target/release/link-export-conformance record --host 172.31.96.96 --suite /home/evan/workspace/rx3-research/rekordbox-link-export-research/conformance/suites/context-device-setup-extended.json --manifest /home/evan/workspace/rx3-research/rekordbox-link-export-research/conformance/fixtures/generated/full/manifest.json --identity /home/evan/workspace/rx3-research/rekordbox-link-export-research/conformance/runs/unknown-djm-player-6.json --backend rekordbox --backend-version 7.2.19 --golden /home/evan/workspace/rx3-research/rekordbox-link-export-research/conformance/goldens/rekordbox-7.2.19/unknown-djm/context-device-setup-extended.json`
2026-10-02T01:58:14-04:00 record_context_device_setup_matrix.sh[2214900]: running case type-00--tracks
2026-10-02T01:58:14-04:00 record_context_device_setup_matrix.sh[2214900]: running case type-01--tracks
2026-10-02T01:58:14-04:00 record_context_device_setup_matrix.sh[2214900]: running case type-02--tracks
2026-10-02T01:58:14-04:00 record_context_device_setup_matrix.sh[2214900]: running case type-03--tracks
2026-10-02T01:58:17-04:00 record_context_device_setup_matrix.sh[2214900]: running case type-04--tracks
2026-10-02T01:58:20-04:00 record_context_device_setup_matrix.sh[2214900]: running case type-05--tracks
2026-10-02T01:58:20-04:00 record_context_device_setup_matrix.sh[2214900]: running case type-06--tracks
2026-10-02T01:58:20-04:00 record_context_device_setup_matrix.sh[2214900]: running case type-00--genre-tracks-all
2026-10-02T01:58:20-04:00 record_context_device_setup_matrix.sh[2214900]: running case type-01--genre-tracks-all
2026-10-02T01:58:20-04:00 record_context_device_setup_matrix.sh[2214900]: running case type-02--genre-tracks-all
2026-10-02T01:58:21-04:00 record_context_device_setup_matrix.sh[2214900]: running case type-05--genre-tracks-all
2026-10-02T01:58:21-04:00 record_context_device_setup_matrix.sh[2214900]: running case type-06--genre-tracks-all
2026-10-02T01:58:21-04:00 record_context_device_setup_matrix.sh[2214900]: running case type-00--root
2026-10-02T01:58:21-04:00 record_context_device_setup_matrix.sh[2214900]: running case type-01--root
2026-10-02T01:58:21-04:00 record_context_device_setup_matrix.sh[2214900]: running case type-00--search
2026-10-02T01:58:21-04:00 record_context_device_setup_matrix.sh[2214900]: running case type-01--search
2026-10-02T01:58:21-04:00 record_context_device_setup_matrix.sh[2214900]: recorded 16 cases to /home/evan/workspace/rx3-research/rekordbox-link-export-research/conformance/goldens/rekordbox-7.2.19/unknown-djm/context-device-setup-extended.json
2026-10-02T01:58:21-04:00 record_context_device_setup_matrix.sh[2215079]:     Finished `release` profile [optimized] target(s) in 0.13s
2026-10-02T01:58:21-04:00 record_context_device_setup_matrix.sh[2215079]:      Running `conformance/target/release/link-export-conformance verify --host 172.31.96.96 --suite /home/evan/workspace/rx3-research/rekordbox-link-export-research/conformance/suites/context-device-setup-extended.json --manifest /home/evan/workspace/rx3-research/rekordbox-link-export-research/conformance/fixtures/generated/full/manifest.json --identity /home/evan/workspace/rx3-research/rekordbox-link-export-research/conformance/runs/unknown-djm-player-6.json --backend rekordbox-repeat --backend-version 7.2.19 --golden /home/evan/workspace/rx3-research/rekordbox-link-export-research/conformance/goldens/rekordbox-7.2.19/unknown-djm/context-device-setup-extended.json`
2026-10-02T01:58:21-04:00 record_context_device_setup_matrix.sh[2215079]: running case type-00--tracks
2026-10-02T01:58:21-04:00 record_context_device_setup_matrix.sh[2215079]: running case type-01--tracks
2026-10-02T01:58:21-04:00 record_context_device_setup_matrix.sh[2215079]: running case type-02--tracks
2026-10-02T01:58:21-04:00 record_context_device_setup_matrix.sh[2215079]: running case type-03--tracks
2026-10-02T01:58:24-04:00 record_context_device_setup_matrix.sh[2215079]: running case type-04--tracks
2026-10-02T01:58:27-04:00 record_context_device_setup_matrix.sh[2215079]: running case type-05--tracks
2026-10-02T01:58:27-04:00 record_context_device_setup_matrix.sh[2215079]: running case type-06--tracks
2026-10-02T01:58:27-04:00 record_context_device_setup_matrix.sh[2215079]: running case type-00--genre-tracks-all
2026-10-02T01:58:27-04:00 record_context_device_setup_matrix.sh[2215079]: running case type-01--genre-tracks-all
2026-10-02T01:58:28-04:00 record_context_device_setup_matrix.sh[2215079]: running case type-02--genre-tracks-all
2026-10-02T01:58:28-04:00 record_context_device_setup_matrix.sh[2215079]: running case type-05--genre-tracks-all
2026-10-02T01:58:28-04:00 record_context_device_setup_matrix.sh[2215079]: running case type-06--genre-tracks-all
2026-10-02T01:58:28-04:00 record_context_device_setup_matrix.sh[2215079]: running case type-00--root
2026-10-02T01:58:28-04:00 record_context_device_setup_matrix.sh[2215079]: running case type-01--root
2026-10-02T01:58:28-04:00 record_context_device_setup_matrix.sh[2215079]: running case type-00--search
2026-10-02T01:58:28-04:00 record_context_device_setup_matrix.sh[2215079]: running case type-01--search
2026-10-02T01:58:28-04:00 record_context_device_setup_matrix.sh[2215079]: verified 16 cases against /home/evan/workspace/rx3-research/rekordbox-link-export-research/conformance/goldens/rekordbox-7.2.19/unknown-djm/context-device-setup-extended.json
2026-10-02T01:58:28-04:00 record_context_device_setup_matrix.sh[2215229]:     Finished `release` profile [optimized] target(s) in 0.13s
2026-10-02T01:58:28-04:00 record_context_device_setup_matrix.sh[2215229]:      Running `conformance/target/release/link-export-conformance record --host 172.31.96.96 --suite /home/evan/workspace/rx3-research/rekordbox-link-export-research/conformance/suites/context-device-setup-legacy.json --manifest /home/evan/workspace/rx3-research/rekordbox-link-export-research/conformance/fixtures/generated/full/manifest.json --identity /home/evan/workspace/rx3-research/rekordbox-link-export-research/conformance/runs/unknown-djm-player-6.json --backend rekordbox --backend-version 7.2.19 --golden /home/evan/workspace/rx3-research/rekordbox-link-export-research/conformance/goldens/rekordbox-7.2.19/unknown-djm/context-device-setup-legacy.json`
2026-10-02T01:58:28-04:00 record_context_device_setup_matrix.sh[2215229]: running case type-00--tracks
2026-10-02T01:58:28-04:00 record_context_device_setup_matrix.sh[2215229]: running case type-01--tracks
2026-10-02T01:58:28-04:00 record_context_device_setup_matrix.sh[2215229]: running case type-02--tracks
2026-10-02T01:58:28-04:00 record_context_device_setup_matrix.sh[2215229]: running case type-03--tracks
2026-10-02T01:58:31-04:00 record_context_device_setup_matrix.sh[2215229]: running case type-04--tracks
2026-10-02T01:58:34-04:00 record_context_device_setup_matrix.sh[2215229]: running case type-05--tracks
2026-10-02T01:58:34-04:00 record_context_device_setup_matrix.sh[2215229]: running case type-06--tracks
2026-10-02T01:58:34-04:00 record_context_device_setup_matrix.sh[2215229]: running case type-00--genre-tracks-all
2026-10-02T01:58:35-04:00 record_context_device_setup_matrix.sh[2215229]: running case type-01--genre-tracks-all
2026-10-02T01:58:35-04:00 record_context_device_setup_matrix.sh[2215229]: running case type-02--genre-tracks-all
2026-10-02T01:58:35-04:00 record_context_device_setup_matrix.sh[2215229]: running case type-05--genre-tracks-all
2026-10-02T01:58:35-04:00 record_context_device_setup_matrix.sh[2215229]: running case type-06--genre-tracks-all
2026-10-02T01:58:35-04:00 record_context_device_setup_matrix.sh[2215229]: running case type-00--root
2026-10-02T01:58:35-04:00 record_context_device_setup_matrix.sh[2215229]: running case type-01--root
2026-10-02T01:58:35-04:00 record_context_device_setup_matrix.sh[2215229]: running case type-00--search
2026-10-02T01:58:35-04:00 record_context_device_setup_matrix.sh[2215229]: running case type-01--search
2026-10-02T01:58:35-04:00 record_context_device_setup_matrix.sh[2215229]: recorded 16 cases to /home/evan/workspace/rx3-research/rekordbox-link-export-research/conformance/goldens/rekordbox-7.2.19/unknown-djm/context-device-setup-legacy.json
2026-10-02T01:58:35-04:00 record_context_device_setup_matrix.sh[2215377]:     Finished `release` profile [optimized] target(s) in 0.11s
2026-10-02T01:58:35-04:00 record_context_device_setup_matrix.sh[2215377]:      Running `conformance/target/release/link-export-conformance verify --host 172.31.96.96 --suite /home/evan/workspace/rx3-research/rekordbox-link-export-research/conformance/suites/context-device-setup-legacy.json --manifest /home/evan/workspace/rx3-research/rekordbox-link-export-research/conformance/fixtures/generated/full/manifest.json --identity /home/evan/workspace/rx3-research/rekordbox-link-export-research/conformance/runs/unknown-djm-player-6.json --backend rekordbox-repeat --backend-version 7.2.19 --golden /home/evan/workspace/rx3-research/rekordbox-link-export-research/conformance/goldens/rekordbox-7.2.19/unknown-djm/context-device-setup-legacy.json`
2026-10-02T01:58:35-04:00 record_context_device_setup_matrix.sh[2215377]: running case type-00--tracks
2026-10-02T01:58:35-04:00 record_context_device_setup_matrix.sh[2215377]: running case type-01--tracks
2026-10-02T01:58:35-04:00 record_context_device_setup_matrix.sh[2215377]: running case type-02--tracks
2026-10-02T01:58:35-04:00 record_context_device_setup_matrix.sh[2215377]: running case type-03--tracks
2026-10-02T01:58:38-04:00 record_context_device_setup_matrix.sh[2215377]: running case type-04--tracks
2026-10-02T01:58:41-04:00 record_context_device_setup_matrix.sh[2215377]: running case type-05--tracks
2026-10-02T01:58:41-04:00 record_context_device_setup_matrix.sh[2215377]: running case type-06--tracks
2026-10-02T01:58:42-04:00 record_context_device_setup_matrix.sh[2215377]: running case type-00--genre-tracks-all
2026-10-02T01:58:42-04:00 record_context_device_setup_matrix.sh[2215377]: running case type-01--genre-tracks-all
2026-10-02T01:58:42-04:00 record_context_device_setup_matrix.sh[2215377]: running case type-02--genre-tracks-all
2026-10-02T01:58:42-04:00 record_context_device_setup_matrix.sh[2215377]: running case type-05--genre-tracks-all
2026-10-02T01:58:42-04:00 record_context_device_setup_matrix.sh[2215377]: running case type-06--genre-tracks-all
2026-10-02T01:58:42-04:00 record_context_device_setup_matrix.sh[2215377]: running case type-00--root
2026-10-02T01:58:42-04:00 record_context_device_setup_matrix.sh[2215377]: running case type-01--root
2026-10-02T01:58:42-04:00 record_context_device_setup_matrix.sh[2215377]: running case type-00--search
2026-10-02T01:58:42-04:00 record_context_device_setup_matrix.sh[2215377]: running case type-01--search
2026-10-02T01:58:42-04:00 record_context_device_setup_matrix.sh[2215377]: verified 16 cases against /home/evan/workspace/rx3-research/rekordbox-link-export-research/conformance/goldens/rekordbox-7.2.19/unknown-djm/context-device-setup-legacy.json
2026-10-02T01:58:42-04:00 record_context_device_setup_matrix.sh[2197074]: === Context device/setup matrix: complete ===
2026-10-02T01:58:43-04:00 record_context_device_setup_matrix.sh[2215535]: ** WARNING: connection is not using a post-quantum key exchange algorithm.
2026-10-02T01:58:43-04:00 record_context_device_setup_matrix.sh[2215535]: ** This session may be vulnerable to "store now, decrypt later" attacks.
2026-10-02T01:58:43-04:00 record_context_device_setup_matrix.sh[2215535]: ** The server may need to be upgraded. See https://openssh.com/pq.html
2026-10-02T01:58:43-04:00 record_context_device_setup_matrix.sh[2215535]: Guest staging directory is ready.
2026-10-02T01:58:44-04:00 record_context_device_setup_matrix.sh[2215549]: ** WARNING: connection is not using a post-quantum key exchange algorithm.
2026-10-02T01:58:44-04:00 record_context_device_setup_matrix.sh[2215549]: ** This session may be vulnerable to "store now, decrypt later" attacks.
2026-10-02T01:58:44-04:00 record_context_device_setup_matrix.sh[2215549]: ** The server may need to be upgraded. See https://openssh.com/pq.html
2026-10-02T01:58:45-04:00 record_context_device_setup_matrix.sh[2215589]: ** WARNING: connection is not using a post-quantum key exchange algorithm.
2026-10-02T01:58:45-04:00 record_context_device_setup_matrix.sh[2215589]: ** This session may be vulnerable to "store now, decrypt later" attacks.
2026-10-02T01:58:45-04:00 record_context_device_setup_matrix.sh[2215589]: ** The server may need to be upgraded. See https://openssh.com/pq.html
2026-10-02T01:58:46-04:00 record_context_device_setup_matrix.sh[2215596]: ** WARNING: connection is not using a post-quantum key exchange algorithm.
2026-10-02T01:58:46-04:00 record_context_device_setup_matrix.sh[2215596]: ** This session may be vulnerable to "store now, decrypt later" attacks.
2026-10-02T01:58:46-04:00 record_context_device_setup_matrix.sh[2215596]: ** The server may need to be upgraded. See https://openssh.com/pq.html
2026-10-02T01:58:47-04:00 record_context_device_setup_matrix.sh[2215649]: ** WARNING: connection is not using a post-quantum key exchange algorithm.
2026-10-02T01:58:47-04:00 record_context_device_setup_matrix.sh[2215649]: ** This session may be vulnerable to "store now, decrypt later" attacks.
2026-10-02T01:58:47-04:00 record_context_device_setup_matrix.sh[2215649]: ** The server may need to be upgraded. See https://openssh.com/pq.html
2026-10-02T01:58:55-04:00 record_context_device_setup_matrix.sh[2215649]: Rekordbox is stopped.
2026-10-02T01:58:56-04:00 record_context_device_setup_matrix.sh[2215806]: Research@172.31.96.96 is ready
2026-10-02T01:58:56-04:00 record_context_device_setup_matrix.sh[2215816]: ** WARNING: connection is not using a post-quantum key exchange algorithm.
2026-10-02T01:58:56-04:00 record_context_device_setup_matrix.sh[2215816]: ** This session may be vulnerable to "store now, decrypt later" attacks.
2026-10-02T01:58:56-04:00 record_context_device_setup_matrix.sh[2215816]: ** The server may need to be upgraded. See https://openssh.com/pq.html
2026-10-02T01:58:58-04:00 record_context_device_setup_matrix.sh[2215816]: {
2026-10-02T01:58:58-04:00 record_context_device_setup_matrix.sh[2215816]:   "fixture_version": 1,
2026-10-02T01:58:58-04:00 record_context_device_setup_matrix.sh[2215816]:   "profile": "play-paths",
2026-10-02T01:58:58-04:00 record_context_device_setup_matrix.sh[2215816]:   "database_sha256": "8f197208a18a301980b039f3b688306b558a0f7667da75096ea6c082cd7591b6",
2026-10-02T01:58:58-04:00 record_context_device_setup_matrix.sh[2215816]:   "fixture_fingerprint": "c24aff6c06466a647d09e60f8cf5c872f6db8ae5d482a72cb31ef1d270db6f1a",
2026-10-02T01:58:58-04:00 record_context_device_setup_matrix.sh[2215816]:   "integrity": "ok",
2026-10-02T01:58:58-04:00 record_context_device_setup_matrix.sh[2215816]:   "track_count": 14,
2026-10-02T01:58:58-04:00 record_context_device_setup_matrix.sh[2215816]:   "ids": {
2026-10-02T01:58:58-04:00 record_context_device_setup_matrix.sh[2215816]:     "artist.alpha": 1001,
2026-10-02T01:58:58-04:00 record_context_device_setup_matrix.sh[2215816]:     "artist.beta": 1002,
2026-10-02T01:58:58-04:00 record_context_device_setup_matrix.sh[2215816]:     "artist.remixer": 1003,
2026-10-02T01:58:58-04:00 record_context_device_setup_matrix.sh[2215816]:     "artist.original": 1004,
2026-10-02T01:58:58-04:00 record_context_device_setup_matrix.sh[2215816]:     "album.one": 2001,
2026-10-02T01:58:58-04:00 record_context_device_setup_matrix.sh[2215816]:     "album.two": 2002,
2026-10-02T01:58:58-04:00 record_context_device_setup_matrix.sh[2215816]:     "album.three": 2003,
2026-10-02T01:58:58-04:00 record_context_device_setup_matrix.sh[2215816]:     "genre.house": 3001,
2026-10-02T01:58:58-04:00 record_context_device_setup_matrix.sh[2215816]:     "genre.techno": 3002,
2026-10-02T01:58:58-04:00 record_context_device_setup_matrix.sh[2215816]:     "label.one": 4001,
2026-10-02T01:58:58-04:00 record_context_device_setup_matrix.sh[2215816]:     "label.two": 4002,
2026-10-02T01:58:58-04:00 record_context_device_setup_matrix.sh[2215816]:     "key.am": 5001,
2026-10-02T01:58:58-04:00 record_context_device_setup_matrix.sh[2215816]:     "key.c": 5002,
2026-10-02T01:58:58-04:00 record_context_device_setup_matrix.sh[2215816]:     "playlist.cue_analysis": 200000,
2026-10-02T01:58:58-04:00 record_context_device_setup_matrix.sh[2215816]:     "playlist.folder": 6001,
2026-10-02T01:58:58-04:00 record_context_device_setup_matrix.sh[2215816]:     "playlist.primary": 6002,
2026-10-02T01:58:58-04:00 record_context_device_setup_matrix.sh[2215816]:     "playlist.empty": 6003,
2026-10-02T01:58:58-04:00 record_context_device_setup_matrix.sh[2215816]:     "history.one": 7001,
2026-10-02T01:58:58-04:00 record_context_device_setup_matrix.sh[2215816]:     "hotcue.folder": 8001,
2026-10-02T01:58:58-04:00 record_context_device_setup_matrix.sh[2215816]:     "hotcue.bank": 8002,
2026-10-02T01:58:58-04:00 record_context_device_setup_matrix.sh[2215816]:     "mytag.group.genre": 8501,
2026-10-02T01:58:58-04:00 record_context_device_setup_matrix.sh[2215816]:     "mytag.warmup": 8502,
2026-10-02T01:58:58-04:00 record_context_device_setup_matrix.sh[2215816]:     "mytag.group.components": 8503,
2026-10-02T01:58:58-04:00 record_context_device_setup_matrix.sh[2215816]:     "mytag.vocal": 8504,
2026-10-02T01:58:58-04:00 record_context_device_setup_matrix.sh[2215816]:     "mytag.empty": 8505,
2026-10-02T01:58:58-04:00 record_context_device_setup_matrix.sh[2215816]:     "mytag.default.group.genre": 1,
2026-10-02T01:58:58-04:00 record_context_device_setup_matrix.sh[2215816]:     "mytag.default.group.components": 2,
2026-10-02T01:58:58-04:00 record_context_device_setup_matrix.sh[2215816]:     "mytag.default.group.situation": 3,
2026-10-02T01:58:58-04:00 record_context_device_setup_matrix.sh[2215816]:     "mytag.default.group.untitled": 4,
2026-10-02T01:58:58-04:00 record_context_device_setup_matrix.sh[2215816]:     "mytag.default.sub_bass": 79324672,
2026-10-02T01:58:58-04:00 record_context_device_setup_matrix.sh[2215816]:     "mytag.default.percussion": 154495003,
2026-10-02T01:58:58-04:00 record_context_device_setup_matrix.sh[2215816]:     "mytag.default.dark": 158455786,
2026-10-02T01:58:58-04:00 record_context_device_setup_matrix.sh[2215816]:     "mytag.default.nu_disco": 463364308,
2026-10-02T01:58:58-04:00 record_context_device_setup_matrix.sh[2215816]:     "mytag.default.acid_house": 539841621,
2026-10-02T01:58:58-04:00 record_context_device_setup_matrix.sh[2215816]:     "mytag.default.build_up": 832445659,
2026-10-02T01:58:58-04:00 record_context_device_setup_matrix.sh[2215816]:     "mytag.default.my_comment": 857457019,
2026-10-02T01:58:58-04:00 record_context_device_setup_matrix.sh[2215816]:     "mytag.default.second_floor": 917243188,
2026-10-02T01:58:58-04:00 record_context_device_setup_matrix.sh[2215816]:     "mytag.default.deep_house": 999625328,
2026-10-02T01:58:58-04:00 record_context_device_setup_matrix.sh[2215816]:     "mytag.default.peak_time": 1156949736,
2026-10-02T01:58:58-04:00 record_context_device_setup_matrix.sh[2215816]:     "mytag.default.trap": 1308912924,
2026-10-02T01:58:58-04:00 record_context_device_setup_matrix.sh[2215816]:     "mytag.default.vocal": 1387538896,
2026-10-02T01:58:58-04:00 record_context_device_setup_matrix.sh[2215816]:     "mytag.default.lounge": 1493684869,
2026-10-02T01:58:58-04:00 record_context_device_setup_matrix.sh[2215816]:     "mytag.default.techno": 1628431659,
2026-10-02T01:58:58-04:00 record_context_device_setup_matrix.sh[2215816]:     "mytag.default.electro_house": 1971960657,
2026-10-02T01:58:58-04:00 record_context_device_setup_matrix.sh[2215816]:     "mytag.default.synth": 2005851049,
2026-10-02T01:58:58-04:00 record_context_device_setup_matrix.sh[2215816]:     "mytag.default.morning": 2045957214,
2026-10-02T01:58:58-04:00 record_context_device_setup_matrix.sh[2215816]:     "mytag.default.upper": 2169337181,
2026-10-02T01:58:58-04:00 record_context_device_setup_matrix.sh[2215816]:     "mytag.default.build_down": 2320977753,
2026-10-02T01:58:58-04:00 record_context_device_setup_matrix.sh[2215816]:     "mytag.default.beat": 2487691792,
2026-10-02T01:58:58-04:00 record_context_device_setup_matrix.sh[2215816]:     "mytag.default.bass_music": 2502627224,
2026-10-02T01:58:58-04:00 record_context_device_setup_matrix.sh[2215816]:     "mytag.default.main_floor": 2538315910,
2026-10-02T01:58:58-04:00 record_context_device_setup_matrix.sh[2215816]:     "mytag.default.mid_night": 3354707172,
2026-10-02T01:58:58-04:00 record_context_device_setup_matrix.sh[2215816]:     "mytag.default.piano": 3596715289,
2026-10-02T01:58:58-04:00 record_context_device_setup_matrix.sh[2215816]:     "track.first": 10001,
2026-10-02T01:58:58-04:00 record_context_device_setup_matrix.sh[2215816]:     "track.second": 10002,
2026-10-02T01:58:58-04:00 record_context_device_setup_matrix.sh[2215816]:     "track.third": 10003,
2026-10-02T01:58:58-04:00 record_context_device_setup_matrix.sh[2215816]:     "track.fourth": 10004,
2026-10-02T01:58:58-04:00 record_context_device_setup_matrix.sh[2215816]:     "track.fifth": 10005,
2026-10-02T01:58:58-04:00 record_context_device_setup_matrix.sh[2215816]:     "track.sixth": 10006,
2026-10-02T01:58:58-04:00 record_context_device_setup_matrix.sh[2215816]:     "track.seventh": 10007,
2026-10-02T01:58:58-04:00 record_context_device_setup_matrix.sh[2215816]:     "track.eighth": 10008,
2026-10-02T01:58:58-04:00 record_context_device_setup_matrix.sh[2215816]:     "track.ninth": 10009,
2026-10-02T01:58:58-04:00 record_context_device_setup_matrix.sh[2215816]:     "track.tenth": 10010,
2026-10-02T01:58:58-04:00 record_context_device_setup_matrix.sh[2215816]:     "track.eleventh": 10011,
2026-10-02T01:58:58-04:00 record_context_device_setup_matrix.sh[2215816]:     "track.twelfth": 10012,
2026-10-02T01:58:58-04:00 record_context_device_setup_matrix.sh[2215816]:     "track.thirteenth": 10013,
2026-10-02T01:58:58-04:00 record_context_device_setup_matrix.sh[2215816]:     "track.fourteenth": 10014,
2026-10-02T01:58:58-04:00 record_context_device_setup_matrix.sh[2215816]:     "track.deleted": 10999
2026-10-02T01:58:58-04:00 record_context_device_setup_matrix.sh[2215816]:   }
2026-10-02T01:58:58-04:00 record_context_device_setup_matrix.sh[2215816]: }
2026-10-02T01:58:58-04:00 record_context_device_setup_matrix.sh[2215816]: Fixture installed. Start rekordbox manually after reviewing the manifest above.
2026-10-02T01:58:58-04:00 record_context_device_setup_matrix.sh[2215866]: ** WARNING: connection is not using a post-quantum key exchange algorithm.
2026-10-02T01:58:58-04:00 record_context_device_setup_matrix.sh[2215866]: ** This session may be vulnerable to "store now, decrypt later" attacks.
2026-10-02T01:58:58-04:00 record_context_device_setup_matrix.sh[2215866]: ** The server may need to be upgraded. See https://openssh.com/pq.html
2026-10-02T01:58:58-04:00 systemd[992]: codex-rekordbox-context-device-setup-20261002.service: Consumed 10.705s CPU time over 13min 40.037s wall clock time, 93.3M memory peak.
